{"type":"FeatureCollection","crs":{"type":"name","properties":{"name":"EPSG:4326"}},"features":[{"type":"Feature","id":1,"geometry":{"type":"LineString","coordinates":[[-79.0572720167379,35.9136987039137,0],[-79.0563778065495,35.91403666237,0]]},"properties":{"FID":1,"FeatureTyp":"Sharrows","Label":"West Rosemary Street","Fr_St":"Pritchard Avenue","To_St":"Columbia Street","Notes":" ","Shape_Leng":291.971604992,"GlobalID":"68dd959e-e845-46e3-80f6-7c90a329184e"}},{"type":"Feature","id":2,"geometry":{"type":"LineString","coordinates":[[-79.0589436413236,35.9089606257656,0],[-79.0589407016017,35.9089554041319,0],[-79.0587699221398,35.9086520284207,0],[-79.0587240231367,35.90857229867,0],[-79.0586421101158,35.9084329181091,0],[-79.0585673911136,35.9082984785855,0],[-79.0584283654201,35.908052190082,0],[-79.0582914344116,35.9078104411665,0],[-79.057979196153,35.9072560680827,0],[-79.0578329216246,35.907001562359,0],[-79.0577958747012,35.9069288735103,0],[-79.0576822411351,35.9067224997823,0],[-79.0576102400692,35.9066074011957,0],[-79.0576045973566,35.906597537282,0],[-79.0571750753209,35.905846739147,0],[-79.0569783055257,35.9055037856639,0],[-79.0566956249697,35.9050099969605,0],[-79.0565468745377,35.9047203172176,0],[-79.0564055349426,35.9044711673242,0],[-79.0563870588373,35.9044366486737,0],[-79.0563706835286,35.9043930916645,0],[-79.0563603665077,35.9043600176363,0],[-79.0563491523657,35.9043240697595,0],[-79.0563389810454,35.9042917951189,0],[-79.0563269690513,35.9042602739166,0],[-79.0563094081513,35.9042242514524,0],[-79.0562789288894,35.9041754742677,0],[-79.0562401437198,35.9041274498878,0],[-79.0561948820499,35.9040854951623,0],[-79.0561607552239,35.9040659354301,0],[-79.0561275273552,35.904048683517,0],[-79.0558854001061,35.9039458782337,0],[-79.0556937433706,35.9038492125636,0],[-79.0556596010777,35.9038342160048,0],[-79.0556295371032,35.9038278692052,0],[-79.0555894748069,35.9038259911182,0],[-79.0555627196937,35.9038290055526,0],[-79.0555379425402,35.903827917241,0],[-79.0554990530585,35.9038222774441,0],[-79.0554024306418,35.9038004989553,0],[-79.0554014456373,35.9038002767802,0]]},"properties":{"FID":2,"FeatureTyp":"Sharrows","Label":"Ransom Street","Fr_St":"W. Cameron Ave","To_St":"S. Columbia St.","Notes":" ","Shape_Leng":2215.85197445,"GlobalID":"1a95e6f5-24f4-4ef6-9c6f-2cdc99f05534"}},{"type":"Feature","id":3,"geometry":{"type":"LineString","coordinates":[[-79.0563516021857,35.9140446158439,0],[-79.0562584611878,35.9140807802915,0],[-79.0559010584372,35.9142184579513,0],[-79.0554795199872,35.9143852604545,0],[-79.0552188913241,35.9144909129806,0],[-79.0551301787669,35.9145267978571,0],[-79.05504697078,35.9145581962101,0],[-79.0548823855376,35.9146120374901,0],[-79.0545657994101,35.914730584352,0],[-79.0541648625756,35.9148856255025,0],[-79.0537201986533,35.9150583068294,0],[-79.0533852883683,35.9151830758501,0]]},"properties":{"FID":3,"FeatureTyp":"Sharrows","Label":"W. Rosemary Street","Fr_St":"Roberson Street","To_St":"Henderson Street","Notes":" ","Shape_Leng":971.355235532,"GlobalID":"e149be90-1324-4c14-b857-79a35838fb97"}},{"type":"Feature","id":4,"geometry":{"type":"LineString","coordinates":[[-79.0613433728598,35.9177495587455,0],[-79.0609485131031,35.9170773439164,0],[-79.0607952908983,35.9168199430298,0],[-79.0606577807645,35.9165901968473,0],[-79.0605891361303,35.9164604156667,0],[-79.0605588953589,35.9164083111438,0],[-79.0605241900306,35.9163540682368,0],[-79.0602773285461,35.915927013354,0],[-79.0601843466749,35.9157669358771,0],[-79.0600586264553,35.9155531451627,0],[-79.0596623993855,35.9148623099275,0],[-79.0595421170591,35.9146717569152,0],[-79.0592964542185,35.9142469858058,0],[-79.0591419281601,35.913987456141,0],[-79.059065325022,35.9138603510991,0],[-79.058995913868,35.9137332434278,0],[-79.0586486319727,35.9131540692294,0],[-79.058582534114,35.9130351209888,0],[-79.0582735650345,35.912500281166,0],[-79.0581201081489,35.9122346378013,0]]},"properties":{"FID":4,"FeatureTyp":"Sharrows","Label":"Church Street","Fr_St":"School Ln.","To_St":"W. Franklin St.","Notes":"Bike Boxes","Shape_Leng":2222.9840889,"GlobalID":"af1e2e91-f075-4460-81ed-ccca49cb1bbd"}},{"type":"Feature","id":5,"geometry":{"type":"LineString","coordinates":[[-79.0563596582005,35.9140414882114,0],[-79.0562584611878,35.9140807802915,0],[-79.0559010584372,35.9142184579513,0],[-79.0554795199872,35.9143852604545,0],[-79.0552188913241,35.9144909129806,0],[-79.0551301787669,35.9145267978571,0],[-79.05504697078,35.9145581962101,0],[-79.0548823855376,35.9146120374901,0],[-79.0545657994101,35.914730584352,0],[-79.0541648625756,35.9148856255025,0],[-79.0537201986533,35.9150583068294,0],[-79.0533852883683,35.9151830758501,0]]},"properties":{"FID":5,"FeatureTyp":"Sharrows","Label":"E. Rosemary Street","Fr_St":"Columbia Street","To_St":"Henderson Street","Notes":" ","Shape_Leng":973.998489667,"GlobalID":"f1740445-5d8b-4c16-a08b-8d2f5b427879"}},{"type":"Feature","id":6,"geometry":{"type":"LineString","coordinates":[[-79.0637015358224,35.9111902109291,0],[-79.0632650389508,35.9113469717716,0],[-79.062997757095,35.9114595475662,0],[-79.0625596908427,35.9116306725414,0],[-79.0623914092247,35.9117014433571,0]]},"properties":{"FID":6,"FeatureTyp":"Sharrows","Label":"W. Rosemary Street","Fr_St":"N. Roberson St.","To_St":"Mitchell Ln.","Notes":"Eastbound sharrow/Westbound bike lane","Shape_Leng":430.420317769,"GlobalID":"1ce40dff-8d87-4184-9956-691e9183e5a4"}},{"type":"Feature","id":7,"geometry":{"type":"MultiLineString","coordinates":[[[-79.0215081169555,35.9550878348877,0],[-79.0218078046311,35.9553643986496,0],[-79.0220139929703,35.9555471779343,0],[-79.0223642289344,35.9558602251913,0],[-79.0228430054444,35.9563122520784,0],[-79.0231210768722,35.956550529848,0],[-79.0234045931819,35.9568126837212,0],[-79.023539314079,35.9569388533483,0],[-79.0235939357196,35.9569770808137,0],[-79.0236851283778,35.9570564809738,0],[-79.0237447083257,35.9571159822902,0],[-79.0238917477241,35.9572207841079,0],[-79.0239827821364,35.9572842835634,0],[-79.0240526030489,35.957324338346,0],[-79.0241065435277,35.9573740192661,0],[-79.0242018207304,35.957422745623,0],[-79.0242959290378,35.9574805535049,0],[-79.0244421268559,35.9575326051917,0],[-79.0246882845744,35.9576206050893,0],[-79.0247630260437,35.9576466317372,0],[-79.0249207191456,35.9576879957595,0],[-79.0250283136189,35.9577126789258,0],[-79.0251515080254,35.9577380266379,0],[-79.0252697768194,35.95775870027,0],[-79.0253453365423,35.9577700345135,0],[-79.0254447143479,35.9577833691119,0],[-79.0255687262566,35.9577920225966,0],[-79.0256656381431,35.957796678139,0],[-79.0259070908492,35.9578046386822,0],[-79.0259417888907,35.9578048737607,0],[-79.0261274805511,35.9578079796555,0],[-79.0266030104976,35.957789016638,0],[-79.0267015991956,35.957782116495,0],[-79.0268699534413,35.9577767394351,0],[-79.0271924756839,35.9577661905688,0],[-79.0273849893625,35.9577626911051,0],[-79.0275430284285,35.9577639921636,0],[-79.0276448650431,35.9577666396607,0],[-79.0277711269908,35.9577769154195,0],[-79.0279066378258,35.957787569277,0],[-79.0281011146218,35.9578090672296,0],[-79.0282103497329,35.9578304079455,0],[-79.0282416717558,35.9578356452926,0],[-79.028365033881,35.9578616656878,0],[-79.0286182554781,35.9579257088202,0],[-79.0287447461511,35.9579670752096,0],[-79.0288391172907,35.9579956715153,0],[-79.029027216316,35.958073084429,0],[-79.0292132313304,35.9581344447308,0],[-79.0293619100239,35.9582138647034,0],[-79.0294336926821,35.9582645213644,0],[-79.0295081918893,35.9583073586637,0],[-79.0295793810538,35.9583624704409,0],[-79.0297009644865,35.9584499107961,0],[-79.029745870946,35.9584993967239,0],[-79.0298781148325,35.9586318580727,0],[-79.0300115083716,35.9587573538465,0],[-79.0301214963425,35.958901986854,0],[-79.0303389387701,35.9591074010944,0],[-79.030570608451,35.9593471792216,0],[-79.0310392443754,35.9598210447288,0],[-79.0311913641376,35.9599681003705,0],[-79.0313800709035,35.960171034265,0],[-79.0316915557437,35.9604503434665,0],[-79.0318468323635,35.9605874715754,0],[-79.0319841452938,35.9607039061565,0],[-79.0320800196673,35.9607856303365,0],[-79.0321767376558,35.96084732404,0],[-79.0322798902346,35.9609148247517,0],[-79.0324200140256,35.9610048386951,0],[-79.0324931235115,35.9610468831694,0],[-79.0325731643496,35.9610895945043,0],[-79.032706241355,35.9611549949788,0],[-79.0328025989015,35.9611977017898,0],[-79.0329077433413,35.9612457498792,0],[-79.0330899678206,35.9613356624614,0],[-79.0335037372463,35.9614630860511,0],[-79.0335729360842,35.96148274301,0],[-79.033659091108,35.9615155251852,0],[-79.0339884680368,35.96160089925,0],[-79.0341463108741,35.9616339495149,0],[-79.0342481613733,35.9616572922251,0],[-79.0343796900109,35.9616843397938,0],[-79.0346474585175,35.9617343431347,0],[-79.0347531597894,35.961745461997,0],[-79.0348665062789,35.9617621196883,0],[-79.0350030973785,35.9617716053929,0],[-79.0353069925084,35.9618102470357,0],[-79.0357952232108,35.9618564390678,0],[-79.0359811529762,35.9618794879711,0],[-79.0362412146863,35.9619117266493,0],[-79.0364605162303,35.9619443807272,0],[-79.0366132928796,35.9619717106557,0],[-79.0367192493215,35.9619917081044,0],[-79.0368556007674,35.9620237185366,0],[-79.0369434920017,35.962047725653,0],[-79.0370241350188,35.9620714870504,0],[-79.0371315244106,35.9620899001476,0],[-79.0372163206283,35.9621165226372,0],[-79.0372900212702,35.9621443444625,0],[-79.037384951272,35.9621848246073,0],[-79.0375015997676,35.9622359106443,0],[-79.0376231830887,35.9622993102116,0],[-79.0376550122327,35.9623219325762,0],[-79.0378291038404,35.962404827658,0],[-79.0379201086974,35.9624616516051,0],[-79.0379740050461,35.9624934132732,0],[-79.0381527466514,35.9626061984688,0],[-79.0381990661027,35.9626364302182,0],[-79.0384717338536,35.9628194704431,0],[-79.0386993835983,35.9629680654891,0],[-79.0388036888753,35.963022606101,0],[-79.0392688533504,35.9632979414755,0],[-79.0393980067738,35.9633490712284,0],[-79.039486571331,35.9633852174956,0],[-79.0395764391742,35.9634157167253,0],[-79.0396370059211,35.9634442804308,0],[-79.0397396718808,35.9634790051148,0],[-79.0398195662264,35.9635064962171,0],[-79.0398898166354,35.9635296390141,0],[-79.0405011319661,35.9636714153843,0],[-79.0408063151583,35.9637210286497,0],[-79.0409149405838,35.9637310172911,0],[-79.0410679303875,35.9637602036122,0],[-79.0417389723717,35.9638100550652,0],[-79.0419514430723,35.9638254293723,0],[-79.0421992409449,35.9638410786157,0],[-79.042804936038,35.9638861807818,0],[-79.0434735171228,35.9639346896622,0],[-79.0435899259312,35.9639509686265,0]],[[-79.0519051228384,35.9638548667219,0],[-79.052302055469,35.963834693329,0],[-79.0527948408398,35.9638291411445,0],[-79.0530363761011,35.9638248680302,0],[-79.053143077411,35.963822980313,0],[-79.0542658371386,35.9638385122476,0],[-79.0547364696994,35.9638447319498,0],[-79.0550477410247,35.9638488442812,0],[-79.055232544291,35.9638520991875,0],[-79.0556768850332,35.9638592437618,0],[-79.0562238843404,35.9638603261202,0],[-79.0564448281423,35.9638695723132,0],[-79.0570238805151,35.9638986806475,0],[-79.0582826177252,35.9639223218756,0]],[[-79.0435960081891,35.9639903814417,0],[-79.0438536752103,35.9640065077929,0],[-79.0441033647871,35.9640211070017,0],[-79.044224924512,35.9640270719004,0],[-79.0443358072556,35.9640317075552,0],[-79.0444984320271,35.9640369894122,0],[-79.0446224511563,35.9640376120052,0],[-79.0447489359133,35.9640362264076,0],[-79.0448663852008,35.9640348530121,0],[-79.0449969700813,35.9640301290947,0],[-79.0451653390787,35.9640220554125,0],[-79.0455324563644,35.9639965460986,0],[-79.0459595232759,35.9639609962514,0],[-79.0459951956853,35.9639581942442,0],[-79.0464720082294,35.9639207428739,0],[-79.0469220748229,35.9638918585227,0],[-79.047229955945,35.9638755815886,0],[-79.0475454386806,35.9638589007479,0],[-79.0476982026548,35.9638541662044,0],[-79.0483141898578,35.9638485830122,0],[-79.0489802910558,35.9638576657612,0],[-79.0491880865639,35.9638595839846,0],[-79.0498049063362,35.9638720204368,0],[-79.0504627910404,35.9638817672033,0],[-79.0507141212002,35.963887671943,0],[-79.0512134884683,35.9638934732868,0],[-79.051877946242,35.9639025400174,0],[-79.0518785205015,35.9639025109322,0]]]},"properties":{"FID":7,"FeatureTyp":"Bike Lane","Label":"Weaver Dairy Rd.","Fr_St":"Martin Luther King Jr. Boulevard","To_St":"Sage Road","Notes":" ","Shape_Leng":12010.2438379,"GlobalID":"6980d55e-d8e0-475d-bd0c-856976ca7660"}},{"type":"Feature","id":8,"geometry":{"type":"MultiLineString","coordinates":[[[-79.0171852167456,35.9393317181112,0],[-79.0171833484098,35.9393329900989,0],[-79.0167758122867,35.9395872375885,0]],[[-79.0167653163436,35.9395967656984,0],[-79.016053202946,35.940108436233,0],[-79.0155555644594,35.9404404495255,0],[-79.0152316101226,35.9406611628976,0],[-79.0148079628259,35.9409162808532,0]]]},"properties":{"FID":8,"FeatureTyp":"Bike Lane","Label":"Legion Road","Fr_St":"Europa Drive","To_St":"Forsyth Drive","Notes":" ","Shape_Leng":905.763698428,"GlobalID":"e661981d-07b9-4b05-a836-df06b4554ace"}},{"type":"Feature","id":9,"geometry":{"type":"LineString","coordinates":[[-79.0184166987464,35.9384206914837,0],[-79.0188719897645,35.9378854419299,0],[-79.0183307536434,35.9385030015272,0],[-79.0182358633884,35.9385857121173,0],[-79.01806834355,35.9387212023289,0],[-79.0178911457009,35.9388527568734,0],[-79.0177487982685,35.9389559514045,0],[-79.0171852167456,35.9393317181112,0],[-79.0171833484098,35.9393329900989,0]]},"properties":{"FID":9,"FeatureTyp":"Bike Lane","Label":"Legion Road","Fr_St":"TSI Healthcare","To_St":"Europa Drive","Notes":"Bike on one side","Shape_Leng":968.019390695,"GlobalID":"98700783-796c-4011-98f9-e541b2fe8ad0"}},{"type":"Feature","id":10,"geometry":{"type":"MultiLineString","coordinates":[[[-79.0165994955277,35.9515087834981,0],[-79.0167604810211,35.9516557968862,0],[-79.0171222500355,35.9519217711189,0],[-79.0171209556593,35.9519233215172,0],[-79.0171287811226,35.9519266200381,0],[-79.0175429607347,35.9522340800659,0],[-79.0184534738401,35.9529099709015,0],[-79.0186914430272,35.9530723568022,0],[-79.0190567003854,35.9533215994186,0],[-79.0191521887035,35.9533867584414,0],[-79.0193190419596,35.9535006135403,0],[-79.0195407867711,35.9536519252855,0],[-79.0204133552226,35.9542632182065,0],[-79.0204134461366,35.9542632812815,0],[-79.0205713960588,35.9543814280534,0]],[[-79.0166033263749,35.9515139707967,0],[-79.0164093330599,35.951332827114,0],[-79.0162714956969,35.9511791757725,0],[-79.0161700765084,35.9510589158171,0],[-79.0160395716807,35.9508505711935,0],[-79.0159392179796,35.9505986622671,0],[-79.0157776035032,35.9501982475954,0],[-79.0155480656297,35.9495492836622,0],[-79.015395207912,35.9491338300903,0],[-79.0152416142691,35.9488454492228,0],[-79.0150857575096,35.9485409731731,0],[-79.0149806257026,35.948348953655,0],[-79.0147978079725,35.9480179852583,0],[-79.01467252,35.9477786726714,0],[-79.014509119093,35.947492591105,0],[-79.0144181069175,35.9473569540773,0],[-79.0142406693127,35.9471251846285,0],[-79.0141477084029,35.9469964307638,0],[-79.0140009350851,35.9468075200555,0],[-79.0138128555613,35.9465869947585,0],[-79.0135942583197,35.9463272997551,0],[-79.0134272916067,35.9460533790004,0],[-79.013391934036,35.9459888856076,0],[-79.0133070728818,35.9458347687329,0],[-79.0131297107129,35.945515524529,0],[-79.0128685221075,35.9450126940757,0]]]},"properties":{"FID":10,"FeatureTyp":"Bike Lane","Label":"Sage Road","Fr_St":"Weaver Dairy Road","To_St":"Fordham Boulevard","Notes":" ","Shape_Leng":4203.85525122,"GlobalID":"9e4a031e-f815-42f4-96b4-b95d59cf5144"}},{"type":"Feature","id":11,"geometry":{"type":"MultiLineString","coordinates":[[[-79.0593857710549,35.8914876537765,0],[-79.0597700647699,35.8912746219165,0],[-79.060226864717,35.8910387355063,0],[-79.0603434503003,35.8909814438459,0],[-79.0604641551234,35.8909138994391,0],[-79.060579742605,35.8908406719926,0],[-79.0606898130666,35.8907620149871,0],[-79.0607939812496,35.8906782026271,0],[-79.0608918807471,35.8905895307399,0],[-79.0609831717492,35.8904963068564,0],[-79.0610675355104,35.8903988565233,0],[-79.0611446754537,35.890297519697,0],[-79.0612143227106,35.8901926534442,0],[-79.0612762350056,35.8900846211269,0],[-79.061330195555,35.8899738023169,0],[-79.0613760163807,35.889860581077,0],[-79.0614135372094,35.8897453549744,0],[-79.061443290224,35.8896258560528,0],[-79.0615108046659,35.8891476005043,0],[-79.061537279923,35.8889787294223,0],[-79.0616799154271,35.8878239834269,0],[-79.0617050009281,35.8876275102964,0],[-79.061722493799,35.8874267669739,0],[-79.0617319053111,35.8872256644961,0],[-79.0617332235067,35.8870244191853,0],[-79.0617264486121,35.8868232482577,0],[-79.0617115886026,35.8866223635158,0],[-79.061688656996,35.8864219830673,0],[-79.0616576805962,35.8862223196035,0],[-79.0616186906384,35.8860235885162,0],[-79.0615717316461,35.885826003386,0],[-79.0615157630772,35.8856258810702,0],[-79.061306273666,35.8850652961386,0],[-79.0611108344702,35.8846996726914,0],[-79.0609362740202,35.8843276445515,0],[-79.0608882117936,35.8842160203824,0],[-79.0608485985946,35.884105064354,0],[-79.0608164403281,35.8839925236912,0],[-79.0607918302483,35.8838787300357,0],[-79.0607748416733,35.883764016841,0],[-79.0607655257724,35.8836487220764,0],[-79.0607639071352,35.8835331864273,0],[-79.0607699926295,35.8834177496849,0],[-79.0607837636492,35.8833027507508,0],[-79.0608051794386,35.8831885294372,0],[-79.0608341770893,35.883075421961,0],[-79.0608706715415,35.8829637609435,0],[-79.0609145555832,35.8828538754105,0],[-79.0609656987421,35.8827460880892,0],[-79.0610239506088,35.8826407163077,0],[-79.0610891397311,35.8825380737987,0],[-79.0611610758202,35.882438458981,0],[-79.0612395442222,35.8823421657787,0],[-79.061324316989,35.8822494782073,0],[-79.0614151418025,35.8821606694787,0],[-79.0615322551054,35.8820580330076,0],[-79.0617501976798,35.8817783520059,0],[-79.0623726666086,35.8810345642382,0],[-79.0627567384372,35.8805829492757,0],[-79.0631088510504,35.8801464781056,0],[-79.063813053177,35.8792951919752,0]],[[-79.0577260743069,35.8930439384404,0],[-79.0578506913353,35.8928297185381,0],[-79.0579321759428,35.8926968972553,0],[-79.0580905577543,35.8924901121626,0],[-79.058354178865,35.8922358262422,0],[-79.0586254920426,35.8919783967723,0],[-79.0592016076508,35.8915529539103,0],[-79.0593567011133,35.8914760924098,0]],[[-79.0578847671937,35.894442709332,0],[-79.0578780452288,35.8944312028148,0],[-79.0576985090129,35.8941033801781,0],[-79.0576133942908,35.8938641635817,0],[-79.0575774547855,35.8936036726542,0],[-79.0576230872331,35.8932968745116,0],[-79.0577120564053,35.893046612045,0]],[[-79.0586320492946,35.895761152713,0],[-79.0584911091677,35.8954374804907,0],[-79.0582948749713,35.8951385384538,0],[-79.0578871834555,35.8944432480691,0]],[[-79.0586368741904,35.8957805916038,0],[-79.0586772830262,35.8961124048528,0],[-79.0585470570859,35.8964918332137,0],[-79.0583136700985,35.8967920272228,0],[-79.0580190129392,35.8971461994606,0],[-79.0577554795454,35.8974897234883,0],[-79.0576162219787,35.8981373370587,0],[-79.0575856652552,35.8989488566805,0],[-79.0575634284888,35.899435740433,0],[-79.0576746930434,35.8998142681853,0],[-79.0578151507545,35.9001682339737,0],[-79.0579565661115,35.9005119575574,0],[-79.0579974919433,35.9008932618366,0],[-79.0578505578657,35.9011696468063,0],[-79.0573464591018,35.9017586313501,0],[-79.0567314184797,35.9024383655057,0],[-79.055660428585,35.903621985293,0],[-79.0551924936878,35.9040297869832,0]]]},"properties":{"FID":11,"FeatureTyp":"Bike Lane","Label":"South Columbia Street","Fr_St":"Pittsboro Street","To_St":"Market Street","Notes":" ","Shape_Leng":10209.6686481,"GlobalID":"43f59f32-35ab-46d8-a1a2-ca221e7dc392"}},{"type":"Feature","id":12,"geometry":{"type":"MultiLineString","coordinates":[[[-79.0623356754537,35.9117050563215,0],[-79.0593762761338,35.9128468672203,0]],[[-79.0593672265754,35.9128425228402,0],[-79.0575676435477,35.9135367955309,0]]]},"properties":{"FID":12,"FeatureTyp":"Bike Lane","Label":"Rosemary Street","Fr_St":"Mitchell Lane","To_St":"Pritchard Avenue","Notes":" ","Shape_Leng":1559.68701237,"GlobalID":"31c4d46a-a009-4b8d-b830-f205d0498d8e"}},{"type":"Feature","id":13,"geometry":{"type":"LineString","coordinates":[[-79.0091350561421,35.9073782401029,0],[-79.0092095335123,35.9074053547363,0],[-79.0092544993748,35.9074217262218,0],[-79.009330175614,35.9074398889405,0],[-79.009403374337,35.9074550234223,0],[-79.0094951750989,35.9074681347893,0],[-79.0096093044185,35.9074762006343,0],[-79.0096423544674,35.9074767108685,0],[-79.00973956584,35.9074782119293,0],[-79.0100884787962,35.9074803106531,0],[-79.0105432894811,35.9074885966387,0],[-79.0107695589879,35.9075070779384,0],[-79.0110151616614,35.9075551558913,0],[-79.0111368256627,35.9075856711043,0],[-79.0112323406474,35.9076161886058,0],[-79.0112822393445,35.9076329806988,0],[-79.0113312672333,35.9076494790271,0],[-79.0114245068653,35.9076883210303,0],[-79.0115612449712,35.907757665275,0],[-79.0118111301317,35.9078843907793,0],[-79.0121295168587,35.9080453125468,0],[-79.0123612244348,35.9081637223889,0],[-79.0123790970477,35.9081728823278,0],[-79.0125626585794,35.9082669641652,0],[-79.0126826517718,35.9083284639158,0],[-79.0129070454531,35.9084458567989,0],[-79.0130525950176,35.9085158960299,0],[-79.0132177940037,35.9085977039815,0],[-79.0132483501887,35.908615455444,0],[-79.0133949265047,35.9086869804002,0],[-79.0134307040033,35.9086966780971,0],[-79.0134455851416,35.9087033253734,0],[-79.0135596001706,35.9087437659565,0],[-79.0136445049313,35.9087674382379,0],[-79.0137039307313,35.9087792710991,0],[-79.0137706404102,35.9087881450318,0],[-79.0138608067737,35.9087932172716,0],[-79.01389314081,35.9087950360295,0],[-79.0139889547481,35.908791078274,0],[-79.0140774872909,35.9087851483305,0],[-79.014797309196,35.9087262440939,0],[-79.0148985752316,35.908717957805,0]]},"properties":{"FID":13,"FeatureTyp":"Bike Lane","Label":"Sprunt Street","Fr_St":"Old Barn Lane","To_St":"Meadowmont Lane","Notes":" ","Shape_Leng":1836.35276716,"GlobalID":"ebc5c92e-dc06-4b9b-b9dd-2fc9d68bd275"}},{"type":"Feature","id":14,"geometry":{"type":"LineString","coordinates":[[-79.05178758517,35.9632601163136,0],[-79.0517793006824,35.9631984602103,0],[-79.0517565722752,35.9631081466573,0],[-79.0516970045831,35.962947715194,0],[-79.0516456672866,35.9628543628705,0],[-79.051569017331,35.9627254492888,0],[-79.051502643923,35.9626354389037,0],[-79.0513692289297,35.9624726454653,0],[-79.0513103890309,35.9624087537515,0],[-79.05123445939,35.9623337527258,0],[-79.0511537387253,35.9622609762279,0],[-79.0510743970658,35.962196538692,0],[-79.0509745320846,35.9621187688452,0],[-79.0508172251888,35.9620126774056,0],[-79.0504766229014,35.9617838272639,0],[-79.0503193200167,35.9616838494896,0],[-79.0500860946775,35.9615222096726,0],[-79.0499978683536,35.9614655531594,0]]},"properties":{"FID":14,"FeatureTyp":"Bike Lane","Label":"Kingston Drive","Fr_St":"Silver Cedar Court","To_St":"Timberlyne Driveway","Notes":" ","Shape_Leng":864.403614786,"GlobalID":"5a37f77a-91e3-4bad-b691-e5912de1cd18"}},{"type":"Feature","id":15,"geometry":{"type":"LineString","coordinates":[[-79.0081112332141,35.9116112025087,0],[-79.0081074973036,35.9114789952036,0],[-79.0080987777567,35.9111348415149,0],[-79.0080937895774,35.9108663843439,0],[-79.0080863228349,35.9106181101838,0],[-79.0080838151472,35.9103809370194,0],[-79.0080834292601,35.9103775977179,0],[-79.0081359721624,35.9099734031249,0],[-79.0081453840106,35.9098435851197,0],[-79.0081709286526,35.9096985628476,0],[-79.008175233708,35.9095319891257,0],[-79.0081752689732,35.9093003524039,0],[-79.0081844560865,35.909097075458,0],[-79.0081903844903,35.9090103967219,0],[-79.008198867916,35.9089369904041,0],[-79.0082150788434,35.9088961404434,0],[-79.0082162435365,35.9088555474643,0],[-79.0082588676597,35.9087609942565,0],[-79.0083045371977,35.9086658017991,0],[-79.0083655038471,35.9085554573622,0],[-79.0084215830387,35.9084517414137,0],[-79.0084681847176,35.9083956617876,0],[-79.0085472127492,35.9082854926494,0],[-79.0085753867736,35.9082389780008,0],[-79.008610696977,35.9082165727121,0],[-79.0086605107978,35.9081563702183,0],[-79.0088095779499,35.9079507766938,0],[-79.008898799704,35.9078200910984,0],[-79.0090751272517,35.9075572290941,0],[-79.0091950036191,35.9073939885882,0],[-79.0092009075731,35.9073853103896,0],[-79.0092663168041,35.9072460747205,0],[-79.0093109215328,35.9071288756775,0],[-79.009336407878,35.9070417563938,0],[-79.0093415038978,35.9070116767864,0],[-79.0093618955928,35.9069287029807,0],[-79.0093638722362,35.9068541397505,0],[-79.0093684656645,35.9067797601834,0],[-79.0093773756322,35.9066604917337,0],[-79.0093646192253,35.9065222993591,0],[-79.009356177394,35.9064652853092,0],[-79.0093546745909,35.9063649116854,0],[-79.009350344956,35.9062680551636,0],[-79.0093546864197,35.9062375087293,0],[-79.0093467842174,35.9061332284335,0],[-79.0093388440177,35.9060450715688,0],[-79.009337879805,35.9060034431009,0],[-79.0093350005428,35.9058792138418,0],[-79.0093411437358,35.90573706235,0],[-79.0093358513237,35.9056200932708,0],[-79.009331884908,35.9055213673887,0],[-79.0093314676086,35.9054861156001,0],[-79.0093313087497,35.9054727438589,0],[-79.0093305513387,35.9054086909105,0],[-79.009327899311,35.9052852808926,0],[-79.0093292122938,35.9052198217463,0],[-79.0093331614507,35.905169383539,0],[-79.0093397525576,35.9051264602061,0],[-79.009350296038,35.9050706551238,0],[-79.0093753508904,35.9049848057376,0],[-79.0093778293413,35.9049771732994,0],[-79.0094156579615,35.9048860241492,0],[-79.0094778225943,35.9047787090973,0],[-79.0095153114077,35.9046918321205,0],[-79.0095990267169,35.9045593193413,0],[-79.0096913378408,35.9044305390204,0],[-79.0099268289607,35.90407910041,0],[-79.0100811207189,35.9038097336637,0],[-79.010195408432,35.9036650502838,0],[-79.0102507930401,35.9035630981219,0],[-79.0103662754254,35.9034097312946,0],[-79.0105522162221,35.9031188993123,0],[-79.0105846170548,35.9030735049696,0]]},"properties":{"FID":15,"FeatureTyp":"Bike Lane","Label":"Meadowmont Lane","Fr_St":"Simerville Road","To_St":"NC 54","Notes":" ","Shape_Leng":3284.5734605,"GlobalID":"ac1094c7-7e5b-45c7-9f46-34dd350765e1"}},{"type":"Feature","id":16,"geometry":{"type":"LineString","coordinates":[[-79.0076830885813,35.9503053487456,0],[-79.0080043370119,35.9504010306158,0],[-79.0081773241927,35.9504545746653,0],[-79.0084976718811,35.9505537288615,0],[-79.0091221987761,35.9507470301699,0],[-79.0092640507882,35.9507823905837,0],[-79.0093368686346,35.9507969940331,0],[-79.0093954975271,35.9508062160325,0],[-79.0094834494999,35.95081312933,0],[-79.0095590971591,35.9508169674281,0],[-79.0096101663678,35.9508169634182,0],[-79.0096347377303,35.9508170831554,0],[-79.009764800681,35.9508177163409,0],[-79.0099136654321,35.950818440695,0],[-79.0099625753812,35.9508186782586,0],[-79.0100911758299,35.9508246450455,0],[-79.0101646611811,35.9508306126936,0],[-79.0102427371729,35.9508403157562,0],[-79.0103217416379,35.9508552470691,0],[-79.0104071738845,35.9508769004994,0],[-79.0104742299253,35.9508978073778,0],[-79.0105559853423,35.9509269282,0],[-79.0106062316552,35.9509485520816,0],[-79.0106965358547,35.950987414101,0],[-79.0108407601421,35.9510486448786,0],[-79.0109362988537,35.9510882227791,0],[-79.0110235661438,35.9511188362283,0],[-79.0111145101918,35.9511487048153,0],[-79.0112063667525,35.9511718469297,0],[-79.0113028243134,35.951192753352,0],[-79.0113414155525,35.9511995238616,0],[-79.0113836626243,35.951206935736,0],[-79.0114755201056,35.9512121564148,0],[-79.0115756438232,35.9512121469615,0],[-79.0116163188553,35.9512100764418,0],[-79.0116638264477,35.9512076582595,0],[-79.0117501764341,35.9512009272629,0],[-79.0118622439284,35.9511859784585,0],[-79.0119302123396,35.9511732753751,0],[-79.0120248226877,35.9511523507767,0],[-79.0120973922915,35.9511321790648,0],[-79.0121748037603,35.9511053715363,0],[-79.0123091940273,35.9510655219798,0],[-79.0123776641741,35.9510513260612,0],[-79.0124013528725,35.951041636601,0],[-79.0125174740594,35.9509933174519,0],[-79.0125657631858,35.9509780662828,0],[-79.0126974674125,35.9509323140304,0],[-79.0128122837576,35.9508919675391,0],[-79.0128973892131,35.9508688702511,0],[-79.013008530129,35.9508449589716,0],[-79.0130628032036,35.9508336221678,0],[-79.0131289398075,35.9508268896524,0],[-79.0132551446125,35.9508230788824,0],[-79.0133581999831,35.950824548467,0],[-79.0137131118229,35.9508250706174,0],[-79.0138003775882,35.9508228219808,0],[-79.0138452188451,35.950819335223,0],[-79.0138893595783,35.9508160242798,0],[-79.0139630041661,35.9508117942396,0],[-79.0140392426479,35.9507953567952,0],[-79.014168001981,35.9507514311065,0],[-79.0142187894087,35.9507188922639,0],[-79.0142875980602,35.9506855987153,0],[-79.0143809226002,35.950627816014,0],[-79.0145351930949,35.9505551231795,0],[-79.0146930510435,35.9504561237835,0],[-79.0147713196738,35.9504090454014,0],[-79.0148279150726,35.9503710374754,0],[-79.0149049804643,35.95032779504,0],[-79.0150262318551,35.9502646727911,0],[-79.0151386754218,35.9502024194545,0],[-79.0152372472057,35.9501615751728,0],[-79.0153344211294,35.9501265758487,0],[-79.0154354637097,35.9500927899946,0]]},"properties":{"FID":16,"FeatureTyp":"Bike Lane","Label":"Old Sterling Drive","Fr_St":"Eastowne Drive","To_St":"Sage Road","Notes":" ","Shape_Leng":2454.92931229,"GlobalID":"f3b2e847-4cb1-4abc-b1d9-056ed05df331"}},{"type":"Feature","id":17,"geometry":{"type":"LineString","coordinates":[[-79.0554706904957,35.9102285967926,0],[-79.05890983602,35.9089177869126,0],[-79.0638439506186,35.9070369337525,0]]},"properties":{"FID":17,"FeatureTyp":"Bike Lane","Label":"W. Cameron Ave.","Fr_St":"S. Merrit Mill Rd.","To_St":"Pittsboro St.","Notes":" ","Shape_Leng":2738.29212656,"GlobalID":"e68dfb64-e879-4644-9979-6570a399ec63"}},{"type":"Feature","id":18,"geometry":{"type":"LineString","coordinates":[[-79.0656894231246,35.9109861781771,0],[-79.0640996187101,35.911133032918,0]]},"properties":{"FID":18,"FeatureTyp":"Bike Lane","Label":"W. Rosemary Street","Fr_St":"Merritt Mill Road","To_St":"North Robeson Street","Notes":" ","Shape_Leng":473.807040426,"GlobalID":"fcaaf52e-e918-48a5-b84e-3c0d6a5735ee"}},{"type":"Feature","id":19,"geometry":{"type":"LineString","coordinates":[[-79.0550949373719,35.9039611507236,0],[-79.0547754875127,35.9043182158619,0],[-79.0545525368863,35.9045209840828,0],[-79.0543705275321,35.9047043276488,0],[-79.0540365201546,35.9049190992415,0],[-79.0536673953,35.9052197355283,0],[-79.0534037697452,35.9054917081135,0],[-79.0531402470857,35.9059210703523,0],[-79.0530525089686,35.9062215808901,0],[-79.0529317694521,35.9066693138705,0]]},"properties":{"FID":19,"FeatureTyp":"Bike Lane","Label":"South Columbia Street","Fr_St":"Pittsboro Street","To_St":"Berryhill Hall","Notes":"Bike on one side","Shape_Leng":1206.4001869,"GlobalID":"e057472e-c8eb-42da-b297-d4c0f90b5c72"}},{"type":"Feature","id":20,"geometry":{"type":"LineString","coordinates":[[-79.0530005931641,35.9602406035932,0],[-79.0529993696389,35.9604167190326,0],[-79.0529907824732,35.9604826085729,0],[-79.0529945833934,35.9605578751221,0],[-79.0529926449567,35.9606244855057,0],[-79.0529928778479,35.96068708242,0],[-79.0530154029797,35.9608145315996,0],[-79.0530441470211,35.9608957826589,0],[-79.0530520281859,35.9609161726308,0],[-79.0530617401492,35.9609491086073,0],[-79.0530875416607,35.9610028095235,0],[-79.053122874857,35.961061344389,0],[-79.053144038346,35.9610919500569,0],[-79.0531845707928,35.9611518670146,0],[-79.0532539950405,35.9612324053967,0],[-79.0533046909119,35.9612832383253,0],[-79.0533516300565,35.9613277990234,0],[-79.0534050922883,35.9613756681736,0],[-79.0534337200375,35.9613959165522,0],[-79.0534740383259,35.9614248662248,0],[-79.0535402528447,35.961465733949,0],[-79.0535858192513,35.9614911572555,0],[-79.0536749518711,35.961533154972,0],[-79.0537953904003,35.9615680358018,0],[-79.0538879072566,35.961595920441,0],[-79.0539857064427,35.9616167591271,0],[-79.0540352653588,35.9616258708341,0],[-79.0540986996922,35.9616349736703,0],[-79.0541588223058,35.9616403195812,0],[-79.0542942685794,35.9616456292884,0],[-79.0543596797325,35.9616466745175,0],[-79.0544217835739,35.9616439610219,0],[-79.0544726564304,35.9616401799758,0],[-79.0545268281713,35.9616342460665,0],[-79.0546510304337,35.96161431719,0],[-79.0551959230898,35.9615318946632,0],[-79.0560611298361,35.9614011213927,0],[-79.0568030352963,35.9612969729172,0]]},"properties":{"FID":20,"FeatureTyp":"Bike Lane","Label":"Westminister Drive","Fr_St":"Saluda Court","To_St":"Martin Luther King Jr. Boulevard","Notes":" ","Shape_Leng":1488.83325787,"GlobalID":"96a80fee-986f-4dce-8e5d-242e1be8d96f"}},{"type":"Feature","id":21,"geometry":{"type":"MultiLineString","coordinates":[[[-79.0756653302373,35.9464031915699,0],[-79.0756685602672,35.9461940566982,0],[-79.0756713891985,35.9459460737056,0],[-79.0756733603875,35.9455835911787,0],[-79.0756737804957,35.945316419326,0],[-79.0756751710002,35.9449729975854,0],[-79.0756782827398,35.9444769950716,0],[-79.0756817226977,35.9441147692022,0],[-79.0756873711589,35.9436988753877,0],[-79.0756920557267,35.943627418058,0],[-79.0757022180177,35.9435218866899,0],[-79.0757094972338,35.9434586916922,0],[-79.0757145747851,35.943409204006,0],[-79.0757276820414,35.9433155975982,0],[-79.075731503296,35.9432927465726,0],[-79.0757415386133,35.9432327224058,0],[-79.0757590616614,35.9431558042773,0],[-79.0757714742437,35.9431015468992,0],[-79.0757860858013,35.9430484787605,0],[-79.0758021569687,35.9429870646485,0],[-79.0758182376282,35.9429357828538,0],[-79.0758350653823,35.942892847459,0],[-79.0758545940947,35.9428403828228,0],[-79.0758723527737,35.9427926726979,0],[-79.0759206252534,35.9426692314403,0],[-79.07596231925,35.9425702409044,0],[-79.0760010972742,35.9424879450015,0],[-79.0760126854978,35.9424648421699,0],[-79.0761539383991,35.9421819538137,0]],[[-79.0761684569723,35.942149420716,0],[-79.0761539383991,35.9421819538137,0],[-79.0762374492561,35.942010866118,0],[-79.0762996374348,35.9418760912411,0],[-79.0763471868556,35.941766366094,0],[-79.0763881466876,35.9416667809844,0],[-79.0764283760231,35.9415671954133,0],[-79.076428730854,35.9415661965589,0],[-79.0764627394416,35.9414705949757,0],[-79.0764905183721,35.9413859209511,0],[-79.0765226736405,35.9412785910821,0],[-79.0765342088588,35.9412349919246,0],[-79.0765562764895,35.9411515868732,0],[-79.0765700908486,35.9410944362446,0],[-79.0766557596241,35.9406383408893,0],[-79.0766557662252,35.9406382895114,0],[-79.0766700524673,35.9405285156706,0],[-79.0766802475657,35.9404557785247,0],[-79.0767021046268,35.9403132793726,0],[-79.0767130130316,35.9402214649998,0],[-79.0767268199934,35.9400926813609,0],[-79.076736975315,35.9399782116446,0],[-79.0767372027785,35.9399749857732,0]]]},"properties":{"FID":21,"FeatureTyp":"Bike Lane","Label":"Seawell School Road","Fr_St":"High School Road","To_St":"Carolina North/Carrboro Connector","Notes":"Bike on one side","Shape_Leng":2408.67191661,"GlobalID":"c0264723-fe2e-487e-a7be-8d3ae481c956"}},{"type":"Feature","id":22,"geometry":{"type":"MultiLineString","coordinates":[[[-79.0592432099688,35.89131737384,0],[-79.059630910082,35.891102453409,0],[-79.0600935633205,35.8908635452351,0],[-79.0602061438713,35.8908082214308,0],[-79.0603145112617,35.8907475809774,0],[-79.0604182857189,35.8906818376842,0],[-79.0605171063152,35.8906112197728,0],[-79.0606106276479,35.8905359743854,0],[-79.0606985209456,35.8904563648798,0],[-79.0607804818195,35.8903726690227,0],[-79.060856222511,35.8902851789936,0],[-79.0609254785356,35.8901942004798,0],[-79.0609880075751,35.8901000517754,0],[-79.061043592798,35.8900030610759,0],[-79.0610920384302,35.8899035682821,0],[-79.061133176396,35.8898019195894,0],[-79.0611668618903,35.8896984710951,0],[-79.0611929778042,35.8895935833878,0],[-79.0612594382733,35.8891228057701,0],[-79.0612856858715,35.8889553850636,0],[-79.0614280299151,35.887803034283,0],[-79.0614527306539,35.8876095726753,0],[-79.0614696389182,35.8874155561634,0],[-79.0614787349864,35.8872211938644,0],[-79.0614800102118,35.8870266930859,0],[-79.0614734625947,35.8868322629333,0],[-79.0614591012101,35.8866381107021,0],[-79.0614369384566,35.8864444454877,0],[-79.0614070011287,35.8862514736726,0],[-79.0613693182358,35.8860594025384,0],[-79.0613239331841,35.8858684384562,0],[-79.0612708926978,35.8856787841893,0],[-79.0610682812249,35.8851365992811,0],[-79.0608763599629,35.8847775559841,0],[-79.0606984912902,35.8843984736991,0],[-79.060646996596,35.8842788754397,0],[-79.0606035490521,35.8841571794089,0],[-79.06056827737,35.8840337442732,0],[-79.0605412858975,35.8839089350186,0],[-79.0605226535075,35.8837831175442,0],[-79.0605124358163,35.883656662265,0],[-79.0605106607527,35.8835299423122,0],[-79.0605173363091,35.8834033308254,0],[-79.0605324405749,35.8832772009572,0],[-79.060555929487,35.8831519231655,0],[-79.0605877346165,35.8830278661162,0],[-79.0606277620607,35.8829053957823,0],[-79.0606758946579,35.8827848736403,0],[-79.0607319886618,35.8826666530668,0],[-79.0607958792825,35.8825510820395,0],[-79.0608673795782,35.8824385022374,0],[-79.0609462793447,35.8823292445338,0],[-79.0610323440097,35.8822236308008,0],[-79.0611253223839,35.8821219712007,0],[-79.0612249389095,35.8820245659935,0],[-79.0613309014106,35.8819317019277,0],[-79.0615386087129,35.8816651567568,0],[-79.0621639478444,35.8809179426871,0],[-79.0625486377077,35.8804656015881,0],[-79.0629122444608,35.8800390250944,0],[-79.0632758350463,35.8795967078273,0]],[[-79.0575738279299,35.8928930528898,0],[-79.0576168917458,35.8928027097029,0],[-79.0577714826554,35.8925923044628,0],[-79.0579120290323,35.8924148142697,0],[-79.0581878957691,35.8921299477827,0],[-79.0584936643353,35.89185937459,0],[-79.0590613050011,35.8914155434178,0],[-79.0592290314387,35.8913225650556,0]],[[-79.0576587193304,35.8944503305832,0],[-79.0576144320421,35.8943500187715,0],[-79.0575423415901,35.8941700200657,0],[-79.0574507187886,35.8939125143768,0],[-79.0574249702582,35.8936065692264,0],[-79.057451114296,35.8932803273766,0],[-79.057519501232,35.8930098683001,0],[-79.0575835418858,35.8928755205536,0]],[[-79.0585147264052,35.8957843627375,0],[-79.0583369172171,35.895492048297,0],[-79.0581444361137,35.8951943119822,0],[-79.0576723312839,35.8944558753067,0]],[[-79.058519279908,35.8957900730423,0],[-79.0585575008004,35.8961039261191,0],[-79.0584379092636,35.8964523677124,0],[-79.0582147832837,35.896739363282,0],[-79.0579199255561,35.8970937751305,0],[-79.0576431051668,35.897542007389,0],[-79.05748171074,35.8981260323219,0],[-79.0574472006194,35.8989365767577,0],[-79.0574447343572,35.8994453132729,0],[-79.057534933372,35.8998553255913,0],[-79.0577028841841,35.9001982663742,0],[-79.0578400555948,35.900531673942,0],[-79.0578457048843,35.9008698936266,0],[-79.0577245915662,35.9011135983639,0],[-79.0572281584501,35.9016936261324,0],[-79.056628834344,35.9023648080366,0],[-79.0555471001368,35.9035062886155,0],[-79.0551061051751,35.9039641731641,0]]]},"properties":{"FID":22,"FeatureTyp":"Bike Lane","Label":"South Columbia Street","Fr_St":"Market Street","To_St":"Manning Drive","Notes":" ","Shape_Leng":10040.872571,"GlobalID":"18d5c9f9-f73b-41ba-b229-df7784ec0a51"}},{"type":"Feature","id":23,"geometry":{"type":"LineString","coordinates":[[-79.0162688821292,35.9054998572893,0],[-79.0162057796897,35.9055842160686,0],[-79.0161319374273,35.9056840299988,0],[-79.0160373907887,35.9058581825835,0],[-79.0158268196757,35.9061850230231,0],[-79.015627189481,35.9064906062034,0],[-79.0154890751171,35.9066924041767,0],[-79.0154108238811,35.90678639216,0],[-79.015340203098,35.9068612029861,0],[-79.0152603732153,35.9069103827368,0],[-79.0151892011737,35.9069536037374,0],[-79.0151218251408,35.9069878950067,0],[-79.0150539594956,35.9070228343364,0],[-79.0149838931423,35.9070554548431,0],[-79.0149042804434,35.9070830697322,0],[-79.0148211151317,35.9071066408498,0],[-79.014740536265,35.9071160322845,0],[-79.0146722683886,35.9071215673091,0],[-79.0145959473061,35.9071202984144,0],[-79.0145152107817,35.9071156888636,0],[-79.0144321104599,35.9071131939981,0],[-79.014365421193,35.9070995966854,0],[-79.0142722135885,35.9070768812451,0],[-79.0141812862724,35.9070492858087,0],[-79.0141020516159,35.9070164884294,0],[-79.0140128677399,35.9069798372642,0],[-79.0139084482895,35.906915582632,0],[-79.0138463235094,35.9068622973942,0],[-79.0137812078852,35.9068042734049,0],[-79.0137426094718,35.9067620904198,0],[-79.0137090583453,35.9067189442621,0],[-79.0136793783107,35.9066704123685,0],[-79.0136431477283,35.9066229726788,0],[-79.0136114935757,35.9065547826435,0],[-79.0135743143858,35.9064919397493,0],[-79.0135232380602,35.9064143836916,0],[-79.0134715447717,35.9063634756384,0],[-79.0134225250998,35.90631436537,0],[-79.0133735076131,35.906278089653,0],[-79.0133295067117,35.9062429102552,0],[-79.0132913799855,35.906223019025,0],[-79.0132500866225,35.9062006161918,0],[-79.0131669788587,35.9061668479112,0],[-79.0130972133591,35.9061351394248,0],[-79.0130315490156,35.9061092736158,0],[-79.0129320292205,35.9060792383256,0],[-79.0128068662933,35.9060575490223,0],[-79.0127637766182,35.9060517103822,0],[-79.0127165837331,35.9060475413701,0],[-79.0126252778691,35.906046716245,0],[-79.0123585363068,35.9060400693984,0],[-79.0118209532805,35.9060276017503,0],[-79.0111684734663,35.9060101337579,0],[-79.0110104771799,35.9060084789036,0],[-79.0104390396757,35.9059951772152,0],[-79.0098778598388,35.9059810338074,0],[-79.0096234302532,35.9059743763788,0],[-79.0093433554846,35.9059710588176,0],[-79.0091953355139,35.9059598100693,0],[-79.009068862461,35.9059612201634,0],[-79.0088567312076,35.9059592141225,0],[-79.0087215110904,35.9059551878236,0],[-79.0086011776219,35.905945103561,0],[-79.0084684400689,35.905928965079,0],[-79.0083803599576,35.9059128233929,0],[-79.008286080153,35.9058946613401,0],[-79.0082437903127,35.9058844560321,0],[-79.008191056037,35.9058776853808,0],[-79.0081669159364,35.9058659042475,0],[-79.0081449290447,35.9058605979361,0],[-79.0080277925729,35.9058235422626,0],[-79.007891130698,35.9057781759117,0],[-79.0077163540979,35.905704073733,0],[-79.007606653093,35.9056465972296,0],[-79.0075015995812,35.9055883623437,0],[-79.0074805315859,35.9055751360933,0],[-79.0073948792315,35.9055214731416,0],[-79.0073123829471,35.9054646310387,0],[-79.0072332200018,35.9054047350615,0],[-79.0072171142099,35.9053924972015,0],[-79.007118563685,35.9053017461333,0],[-79.0070088595159,35.9051966198159,0],[-79.0069437801087,35.9051262902345,0],[-79.0069000823206,35.9050718376924,0],[-79.0068405800393,35.9049894023146,0],[-79.0067857232229,35.9049092379347,0],[-79.006739237309,35.9048290694605,0],[-79.0067057675651,35.9047640304535,0],[-79.0066574150255,35.9046558783367,0],[-79.0066258044738,35.9045787346793,0],[-79.0066025585905,35.9045076446233,0],[-79.0065820990581,35.9044244489856,0],[-79.0065616394453,35.9043397445577,0],[-79.0065514099036,35.9042868024599,0],[-79.0065448958392,35.9042315906752,0],[-79.0065346621049,35.9041128506112,0],[-79.0065309372052,35.9040394881937,0],[-79.006533719801,35.9039267987854,0],[-79.0065396270845,35.903822046097,0],[-79.0065626579734,35.9037181054614,0],[-79.0065854847584,35.9036252175329,0],[-79.0066565033865,35.9034208652742,0],[-79.0067922070425,35.9030482798478,0],[-79.0069697575053,35.9025559732393,0],[-79.0070419538713,35.9023498243072,0],[-79.0071220245483,35.9019981392393,0]]},"properties":{"FID":23,"FeatureTyp":"Bike Lane","Label":"E. Barbee Chapel Road","Fr_St":"NC 54","To_St":"NC 54","Notes":" ","Shape_Leng":4531.16158104,"GlobalID":"feda7b08-21f8-4146-8bfb-86d7fc0711a9"}},{"type":"Feature","id":24,"geometry":{"type":"LineString","coordinates":[[-79.0552118316261,35.9040067724215,0],[-79.0551753499114,35.9041056900326,0],[-79.0551385227756,35.9042878162649,0],[-79.0551226624806,35.9044037321541,0],[-79.055099815833,35.9046636788145,0],[-79.055081947791,35.9048669797963,0],[-79.0550619763772,35.905054767551,0],[-79.0550345948549,35.9052771723372,0],[-79.0550207234734,35.9054705147496,0],[-79.0550156369164,35.9055414100583,0],[-79.0550106436577,35.9056110434964,0],[-79.0549972769476,35.9057029474359,0],[-79.0549786619457,35.9060009559317,0],[-79.0549575231412,35.9061655093914,0],[-79.0549407426873,35.9062716374262,0],[-79.0549181117976,35.9063992281437,0],[-79.0548850670393,35.9065676652371,0],[-79.0548640704997,35.9066746856306,0],[-79.0548004630903,35.9069968250015,0],[-79.0547917906195,35.9070407485439,0],[-79.0547623716774,35.9071818446804,0],[-79.0547040398001,35.9075098589759,0],[-79.0546879023964,35.9076372384799,0],[-79.0546753031177,35.9077755185619,0],[-79.054668311368,35.9078656007043,0],[-79.0546639997625,35.9079068841534,0],[-79.0546592027243,35.9079528149417,0],[-79.0546581543568,35.9079654435787,0],[-79.0546396165862,35.908188638125,0],[-79.0546552960899,35.9084353413531,0],[-79.0546569240023,35.908480175973,0],[-79.0546610479396,35.908593695117,0],[-79.0546759440586,35.9087222089234,0],[-79.054683032611,35.9087749905883,0],[-79.0546915171385,35.9088065432245,0],[-79.0546990919515,35.9088280692661,0],[-79.0547147540817,35.9088737114637,0],[-79.0547351460713,35.9089180996264,0],[-79.054798396712,35.9090308693653,0],[-79.0548619476341,35.9091450720042,0],[-79.0549584368336,35.909292392587,0],[-79.0550533235366,35.9094644996496,0],[-79.0550697052325,35.9094942118322,0],[-79.0552274708679,35.9097742205112,0],[-79.0553373617661,35.9099703087142,0],[-79.0553962369821,35.9100753640286,0],[-79.0555035649255,35.910260061655,0]]},"properties":{"FID":24,"FeatureTyp":"Bike Lane","Label":"Pittsboro/Cameron Ave.","Fr_St":"Cameron Avenue","To_St":"S. Columbia Street","Notes":"Bike on one side","Shape_Leng":2340.79325288,"GlobalID":"207abfcd-2919-4465-b9c0-d083da8142f0"}},{"type":"Feature","id":25,"geometry":{"type":"LineString","coordinates":[[-79.0672399964513,35.9525196300479,0],[-79.0672312834681,35.9526204548188,0],[-79.067217212512,35.952835015264,0],[-79.0672059407701,35.9530553045425,0],[-79.0671993552724,35.953072706644,0],[-79.0671977950086,35.9531252319021,0],[-79.0671912295895,35.9531893982539,0],[-79.0671935865742,35.9532204048906,0],[-79.0671978783921,35.9532666584626,0],[-79.0672081477,35.9533480698134,0],[-79.0672249345391,35.953428907958,0],[-79.0672457438055,35.9535239472882,0],[-79.0672839308628,35.9536173276779,0],[-79.0673107603111,35.953696143184,0],[-79.0673583887633,35.9537736926152,0],[-79.0673755885852,35.9538045243134,0],[-79.0674010747351,35.9538475729053,0],[-79.0674377757109,35.9539039201164,0],[-79.0674741409728,35.953955098612,0],[-79.0675045990619,35.9540010078251,0],[-79.0675512087613,35.9540635125295,0],[-79.067569268196,35.9540908277956,0],[-79.0676182616705,35.9541379010973,0],[-79.0676508322233,35.9541779110703,0],[-79.0676985983035,35.9542258628731,0],[-79.0677507466572,35.9542807332171,0],[-79.0678246131419,35.9543449062888,0],[-79.0679691717823,35.9545036554126,0],[-79.0681921981153,35.9547445273871,0],[-79.0682921244677,35.9548637209605,0],[-79.0684022539481,35.9549868266301,0],[-79.0684740510643,35.9550851944168,0],[-79.0685397458264,35.955158646774,0],[-79.0686009016164,35.9552559542295,0],[-79.0686708074721,35.9553588357017,0],[-79.0687272617044,35.9554710656502,0],[-79.0687783318528,35.9555766669251,0],[-79.0688563864011,35.9558191378405,0],[-79.0689303120901,35.9560771537205,0],[-79.0689842952351,35.9563152947912,0],[-79.068999768285,35.9564242544163,0],[-79.0690086835415,35.956532281304,0],[-79.069014647018,35.9567054224654,0],[-79.0690083236233,35.9568153362372,0],[-79.0689975955556,35.9568897841316,0],[-79.068971696049,35.9570396963696,0],[-79.0689315971711,35.9571859258395,0],[-79.0688983630753,35.9573005757178,0],[-79.0688137387442,35.9574844887334,0],[-79.0685246193646,35.9580773178818,0],[-79.068417001381,35.9583001168742,0],[-79.0683662242987,35.9584084736882,0],[-79.0683496510686,35.9584672450658,0],[-79.068309024646,35.9585621039032,0],[-79.0682154307739,35.9587346652189,0],[-79.0681445368779,35.9588482083481,0],[-79.0680824754191,35.9589335533584,0],[-79.068019825842,35.9589999608273,0],[-79.0679674477469,35.9590684003539,0],[-79.067864833302,35.9591580975945,0],[-79.0677458939738,35.9592983515588,0],[-79.0676447811363,35.9594158425473,0],[-79.0675889695593,35.9595006349416,0],[-79.067536010866,35.9595941042167,0],[-79.0675050715523,35.9596606272507,0],[-79.067462624132,35.9597883882278,0],[-79.0674255906386,35.9598879314259,0],[-79.0674260930234,35.9600487197231,0],[-79.0674231426659,35.9606161927584,0],[-79.067431219441,35.9614926356843,0],[-79.0674334926514,35.9617599810117,0],[-79.0674170390093,35.961958235987,0],[-79.0673840668133,35.962147176263,0],[-79.0673542590291,35.9622783342593,0],[-79.0672716227441,35.9625009946201,0],[-79.0671715811529,35.9627297337375,0],[-79.0670363677809,35.9629452990533,0],[-79.0669387717686,35.9630671585924,0],[-79.0668510878701,35.9631650483495,0],[-79.0667433008182,35.963269596008,0],[-79.0665888271347,35.9634098139608,0],[-79.0664208028987,35.9635241794111,0],[-79.0663225483227,35.9635872795103,0],[-79.0661993217088,35.963661521236,0],[-79.0659708834095,35.9637762775053,0],[-79.0658169463191,35.9638323411883,0],[-79.0656699692525,35.9638899691688,0],[-79.0655329812987,35.9639276407674,0],[-79.0651773966501,35.9639922792674,0],[-79.064920549019,35.9640201432245,0],[-79.0643918875437,35.9640244005245,0],[-79.0634421140136,35.9639987405965,0],[-79.0622860513738,35.9639866555959,0],[-79.0614642924843,35.9639629545253,0],[-79.0602555337802,35.9640894574737,0],[-79.0594241993495,35.9641263687183,0],[-79.0588496957234,35.9641340969745,0]]},"properties":{"FID":25,"FeatureTyp":"Bike Lane","Label":"Weaver Dairy Ext.","Fr_St":"Martin Luther King Jr. Blvd.","To_St":"Homestead Rd","Notes":" ","Shape_Leng":6632.06530526,"GlobalID":"d61a4147-4fdc-4dc4-871e-0c8338755624"}},{"type":"Feature","id":26,"geometry":{"type":"LineString","coordinates":[[-79.0109178856511,35.9025616585357,0],[-79.0112041537055,35.9019359228366,0],[-79.011274398541,35.9012109645898,0],[-79.0112507746487,35.8999518394532,0],[-79.0112557365644,35.8995322249992,0]]},"properties":{"FID":26,"FeatureTyp":"Bike Lane","Label":"Friday Center","Fr_St":"Raleigh Road","To_St":"Friday Center Driveway","Notes":" ","Shape_Leng":1118.88647241,"GlobalID":"2dce8cb1-79cb-42f6-ba77-4d33cf39f00a"}},{"type":"Feature","id":27,"geometry":{"type":"LineString","coordinates":[[-79.0623898210534,35.969338915234,0],[-79.0644856007336,35.9693913996562,0],[-79.0690278373049,35.9694031847588,0],[-79.0696252261728,35.9694136213524,0],[-79.070393205421,35.9695081510617,0],[-79.072031640003,35.9697420465096,0],[-79.0725385387594,35.9697969446286,0],[-79.0730502627901,35.9698242386709,0]]},"properties":{"FID":27,"FeatureTyp":"Bike Lane","Label":"Eubanks Road","Fr_St":"Kousa Trail","To_St":"Martin Luther King Jr. Boulevard","Notes":" ","Shape_Leng":3166.54905389,"GlobalID":"6e618077-a7de-4206-a40a-11ff6b59bda2"}},{"type":"Feature","id":28,"geometry":{"type":"LineString","coordinates":[[-79.0811101658567,35.953694715239,0],[-79.0809807162574,35.9532455682734,0],[-79.080921081151,35.9530232544735,0],[-79.0808557107916,35.9527863165062,0],[-79.0807986187014,35.9525811776884,0],[-79.0807546923137,35.9524169441343,0],[-79.0807147534433,35.9522827559934,0],[-79.0806740806431,35.9521505394369,0],[-79.0806367917255,35.9520234237243,0],[-79.0806019469086,35.951924952054,0],[-79.0805608178109,35.9518194202124,0],[-79.0805192147232,35.9517197758866,0],[-79.080440931548,35.9515671544996,0],[-79.0804134994445,35.9515219963468,0],[-79.0802922589164,35.9513147985243,0],[-79.0802054629151,35.9511827716169,0],[-79.0801410171724,35.9510997844525,0]]},"properties":{"FID":28,"FeatureTyp":"Bike Lane","Label":"Rogers Road","Fr_St":"Tallyho Trail","To_St":"Homestead Road","Notes":" ","Shape_Leng":992.505138605,"GlobalID":"a5cd4dd0-6c0d-4d85-869c-13dc5aa58691"}},{"type":"Feature","id":29,"geometry":{"type":"LineString","coordinates":[[-79.07306429979,35.9519406823988,0],[-79.0742369425917,35.9519933385171,0],[-79.0775177079513,35.9520590025689,0],[-79.0784501610222,35.9519230017942,0],[-79.0790342552833,35.9517648102432,0],[-79.0793294385111,35.951643947888,0]]},"properties":{"FID":29,"FeatureTyp":"Bike Lane","Label":"Homestead Road","Fr_St":"Hearthstone Lane","To_St":"1804 Homestead Driveway","Notes":"Bike on one side","Shape_Leng":1879.34663624,"GlobalID":"77222b73-c2a4-4ab8-a7db-ef85f9da1268"}},{"type":"Feature","id":30,"geometry":{"type":"LineString","coordinates":[[-79.0213151439329,35.9396249874811,0],[-79.0206373488319,35.9389510132665,0],[-79.0201835809227,35.9384230132355,0],[-79.0196252126529,35.9383394858843,0],[-79.0191883434279,35.9382287719495,0],[-79.0189833649915,35.938102545391,0],[-79.0187907831931,35.9379849194223,0]]},"properties":{"FID":30,"FeatureTyp":"Bike Lane","Label":"Novus Lane","Fr_St":"Legion Road","To_St":"Fordham Boulevard Service Road","Notes":" ","Shape_Leng":1002.35493101,"GlobalID":"be5e629f-dc6b-46fd-933b-3c8e5f93b9e9"}},{"type":"Feature","id":31,"geometry":{"type":"LineString","coordinates":[[-79.0759725590652,35.9772611133517,0],[-79.0760958760337,35.974377881486,0],[-79.0758332774384,35.9718133933851,0],[-79.0755030679992,35.9707098280319,0],[-79.0749787588596,35.9698567859019,0]]},"properties":{"FID":31,"FeatureTyp":"Bike Lane","Label":"Millhouse Road","Fr_St":"Eubanks Road","To_St":"Clyde Road","Notes":" ","Shape_Leng":2747.49014515,"GlobalID":"f90e9e55-97de-4e05-8a50-75ccf52a1ad3"}},{"type":"Feature","id":32,"geometry":{"type":"LineString","coordinates":[[-79.0261354478788,35.912879200107,0],[-79.0243343584303,35.9128702702449,0]]},"properties":{"FID":32,"FeatureTyp":"Bike Lane","Label":"Brandon Road","Fr_St":"U.S. 15-501","To_St":"Flemington Road","Notes":" ","Shape_Leng":533.3466248,"GlobalID":"cb38bd09-49c3-44bb-8fb6-5b2276d6e1be"}},{"type":"Feature","id":33,"geometry":{"type":"LineString","coordinates":[[-79.0802586308005,35.9511237833358,0],[-79.0824423232804,35.9491511597532,0],[-79.0832116987948,35.947254389369,0],[-79.0837195969951,35.9459811200131,0]]},"properties":{"FID":33,"FeatureTyp":"Bike Lane","Label":"Homestead Road","Fr_St":"Rogers Road","To_St":"Winmore Avenue","Notes":" ","Shape_Leng":2180.40821892,"GlobalID":"762ab61d-0b86-418c-8b44-7bffa2c73276"}},{"type":"Feature","id":34,"geometry":{"type":"LineString","coordinates":[[-79.0615509307113,35.9689817974464,0],[-79.0618893963186,35.9692845034605,0],[-79.0623252069427,35.9694708059322,0],[-79.0627221746755,35.9695206310972,0],[-79.0637837137814,35.9695537252345,0],[-79.0645042846102,35.969567196752,0],[-79.0690340866079,35.9695917512626,0],[-79.0691685626293,35.9695905431553,0],[-79.0696215328859,35.9696126474759,0],[-79.0703808949791,35.9697061159513,0]]},"properties":{"FID":34,"FeatureTyp":"Bike Lane","Label":"Eubanks Road","Fr_St":"Martin Luther King Jr. Boulevard","To_St":"Myrica Street","Notes":" ","Shape_Leng":2682.89396971,"GlobalID":"6200ec84-bfbd-40c9-8ceb-0897633c4824"}},{"type":"Feature","id":35,"geometry":{"type":"MultiLineString","coordinates":[[[-79.0578327434064,35.952834240519,0],[-79.0578352585261,35.9527970422414,0],[-79.0578355939859,35.9527005546177,0],[-79.0578449732304,35.952580330871,0],[-79.0578622831724,35.9524640401892,0],[-79.0578830750854,35.9523496648905,0],[-79.0578930628882,35.9522805952894,0],[-79.0579207001837,35.9521793926728,0],[-79.0579440359039,35.9520866281523,0],[-79.0579663657789,35.9519948519144,0],[-79.0579951964772,35.9518979424441,0],[-79.0581104561239,35.9515220942523,0],[-79.0582142014787,35.9511146071216,0]],[[-79.0584978808109,35.9638529813314,0],[-79.0581318442028,35.9629619988236,0],[-79.0578119804739,35.9619714740176,0],[-79.0576584594009,35.9613079516029,0],[-79.0575924887817,35.9608535048363,0],[-79.0575312632354,35.9603937399343,0],[-79.0574757008839,35.9599352737126,0],[-79.0574741286783,35.9599162789435,0],[-79.0574655183273,35.9596143385621,0],[-79.0574637397835,35.9593102111131,0],[-79.0574688533011,35.9590061110286,0],[-79.0574808577643,35.9587021374499,0],[-79.0574992533452,35.9584063715478,0],[-79.0575489909597,35.958164589641,0],[-79.0576062970295,35.9579158741256,0],[-79.0576695430891,35.9576681120195,0],[-79.0577387058747,35.9574213988613,0],[-79.057815735149,35.9571693634199,0],[-79.0578753629092,35.9569063161155,0],[-79.0579257539244,35.9566448747256,0],[-79.057967511677,35.9563824297484,0],[-79.0580006031277,35.9561191677748,0],[-79.0580250052191,35.9558552807969,0],[-79.0580407015425,35.9555909562953,0],[-79.0580476801271,35.955326385352,0],[-79.058045982975,35.9550689864495,0],[-79.058060060601,35.9548631679445,0],[-79.0580665269814,35.9546495226509,0],[-79.0580648601091,35.9544358172165,0],[-79.0580550601951,35.9542222553319,0],[-79.0580371374291,35.9540090433855,0],[-79.0580111097575,35.9537963850563,0],[-79.0579770017761,35.9535844822164,0],[-79.0579348447317,35.9533735385356,0],[-79.0578858005698,35.9531684393402,0],[-79.0578620655197,35.9530526142761,0],[-79.0578454255648,35.9529377132669,0],[-79.0578364065443,35.9528320910127,0]],[[-79.061005321659,35.9685940192468,0],[-79.0608215725636,35.9683933851984,0],[-79.0606465149443,35.9681905185697,0],[-79.0604785775495,35.9679837122435,0],[-79.0603178935169,35.9677731320185,0],[-79.0601645915453,35.9675589445965,0],[-79.0600187958991,35.9673413238911,0],[-79.0598806219664,35.9671204402143,0],[-79.0597501784854,35.9668964728935,0],[-79.0596275708613,35.9666695976516,0],[-79.0595128956314,35.9664399974248,0],[-79.0594062460037,35.9662078560515,0],[-79.0593062936092,35.9659699944665,0],[-79.0591575937937,35.9656326185689,0],[-79.0590170265164,35.9652957225065,0],[-79.0588835422549,35.9649569292251,0],[-79.0587571786946,35.9646163360676,0],[-79.058650868536,35.96431107248,0],[-79.0585180989621,35.9638939891195,0],[-79.058501407012,35.9638570219049,0]]]},"properties":{"FID":35,"FeatureTyp":"Bike Lane","Label":"Martin Luther King Jr. Boulevard","Fr_St":"Eubanks Road","To_St":"Homestead Road","Notes":" ","Shape_Leng":6595.92442114,"GlobalID":"ac914dfc-2df1-4e93-9c78-0bfc2ff3be3b"}},{"type":"Feature","id":36,"geometry":{"type":"LineString","coordinates":[[-79.067188065186,35.9517250480098,0],[-79.0671889805107,35.9518032785003,0],[-79.0671677874916,35.9521309447827,0],[-79.0671622346319,35.9521969915902,0],[-79.0671578375669,35.9522879340646,0],[-79.0671495809498,35.9523884548531,0],[-79.0671463829517,35.9524883725968,0],[-79.0671444067921,35.9525646551674,0],[-79.0671352496201,35.9527046564943,0],[-79.0671260889742,35.9528098635626,0],[-79.0671188208399,35.9529354693545,0],[-79.0671142340194,35.9530662677927,0],[-79.0671117614844,35.9531922080175,0],[-79.0671198325481,35.9532962870934,0],[-79.0671362694567,35.9534029924258,0],[-79.0671630646048,35.9535101174621,0],[-79.0672092696294,35.9536370925979,0],[-79.0672462302933,35.9537246738793,0],[-79.0672787783085,35.9537979099679,0],[-79.0673191187452,35.9538812451924,0],[-79.0673847767468,35.9539648818812,0],[-79.0674138188971,35.9540077473462,0],[-79.0674342450291,35.954043128758,0],[-79.0675194858346,35.9541368868348,0],[-79.0675629858886,35.9541804229353,0],[-79.0676728247087,35.9543175922551,0],[-79.0677207707558,35.9543658918442,0],[-79.067818891077,35.9544729717074,0],[-79.0680521672691,35.9547295224619,0],[-79.0681640022348,35.9548513403623,0],[-79.068247302991,35.9549337490659,0],[-79.0683324478266,35.9550467860497,0],[-79.0684224826554,35.9551546522439,0],[-79.0685138793378,35.955285121003,0],[-79.068577491066,35.9553829976025,0],[-79.0686254399361,35.9554775626257,0],[-79.0686764787573,35.9555790685086,0],[-79.0687214454043,35.9557381367254,0],[-79.0688265263369,35.9560940311991,0],[-79.0688629784541,35.9562474152051,0],[-79.0689051295981,35.9564577816817,0],[-79.0689118027219,35.9565496046914,0],[-79.0689062487818,35.9566857815462,0],[-79.0689051011526,35.9567815331672,0],[-79.0688967625598,35.9568866027463,0],[-79.0688664258847,35.9570072751986,0],[-79.0688346418233,35.9571479993919,0],[-79.0687849577941,35.9572808843444,0],[-79.0687147122439,35.9574438811315,0],[-79.0684149962022,35.9580479847833,0],[-79.0683054744583,35.9582785412215,0],[-79.0682434472508,35.9583997404057,0],[-79.068203093773,35.9584844920272,0],[-79.0681641214358,35.9585678656953,0],[-79.068120870235,35.9586555453799,0],[-79.0680820015457,35.9587305712408,0],[-79.0680445756613,35.9587866106786,0],[-79.0679867018783,35.958855610277,0],[-79.0678726138953,35.958995330822,0],[-79.0677605383291,35.959104243259,0],[-79.067633496663,35.959242309684,0],[-79.0674916279455,35.959399750109,0],[-79.0674328862136,35.959476562259,0],[-79.0673897697853,35.9595373273633,0],[-79.0673613671931,35.9595857051651,0],[-79.0673307341769,35.9596368439284,0],[-79.0673008619101,35.959690997968,0],[-79.0672631341625,35.9597903936921,0],[-79.0671952527399,35.9600656253243,0],[-79.0671822718639,35.9615793612372,0],[-79.0671793396602,35.9617778917572,0],[-79.0671662137267,35.9619484898184,0],[-79.067134539973,35.962158418451,0],[-79.0671166656831,35.9622504098729,0],[-79.067037706783,35.9624765830692,0],[-79.0669434379774,35.9626782063658,0],[-79.0668055227557,35.9628808719136,0],[-79.0667283131204,35.9629745729936,0],[-79.066639598461,35.9630729750955,0],[-79.06654116969,35.9631740249914,0],[-79.0664069111351,35.9632824037177,0],[-79.066237871954,35.9634069062274,0],[-79.0661430639218,35.9634670381862,0],[-79.0660459306082,35.9635227126704,0],[-79.0658121650932,35.9636288606532,0],[-79.0656991409395,35.9636746968828,0],[-79.0655444093355,35.9637271311773,0],[-79.0654053412254,35.9637736877178,0],[-79.0650912590707,35.9638312286467,0],[-79.0647817696132,35.9638611834055,0],[-79.0644059204251,35.9638586297044,0],[-79.0634256604924,35.9638420382303,0],[-79.0622779709802,35.9638221328611,0],[-79.061357517021,35.9637987733854,0],[-79.06015406896,35.9639091252496,0],[-79.0593015708456,35.963930487206,0],[-79.0586965182363,35.9639252961374,0]]},"properties":{"FID":36,"FeatureTyp":"Bike Lane","Label":"Weaver Dairy Road Extension","Fr_St":"Homestead Road","To_St":"Martin Luther King Jr. Boulevard","Notes":" ","Shape_Leng":6866.18466463,"GlobalID":"ddc27615-dd0f-4141-a6de-e2a09b9ea528"}},{"type":"Feature","id":37,"geometry":{"type":"LineString","coordinates":[[-79.0519051548735,35.9632496754771,0],[-79.0518962732085,35.9631835717933,0],[-79.0518713572978,35.9630845689995,0],[-79.0518080501662,35.9629140655127,0],[-79.0517529168204,35.9628138100975,0],[-79.0516731858628,35.9626797163959,0],[-79.0516026314433,35.9625840351431,0],[-79.0514658501469,35.9624171351708,0],[-79.0514034335351,35.9623493595667,0],[-79.0513240793939,35.9622709757099,0],[-79.0512395062625,35.9621947255295,0],[-79.0511571043396,35.9621278026833,0],[-79.0510532929513,35.9620469602675,0],[-79.0508926521674,35.961938619806,0],[-79.0505507279539,35.9617088826492,0],[-79.0503941371357,35.9616093571191,0],[-79.0501611370069,35.9614478732703,0],[-79.0500711750447,35.961390102631,0]]},"properties":{"FID":37,"FeatureTyp":"Bike Lane","Label":"Kingston Drive","Fr_St":"Timberlyne Driveway","To_St":"Silver Cedar Court","Notes":" ","Shape_Leng":892.190517646,"GlobalID":"27a14a68-d534-40ac-8712-39d27d50b3f3"}},{"type":"Feature","id":38,"geometry":{"type":"MultiLineString","coordinates":[[[-79.0213958982518,35.9551858723554,0],[-79.021717677178,35.9554931474368,0],[-79.0219183923757,35.955678373942,0],[-79.0222518760601,35.9559984554556,0],[-79.0227610151909,35.9564524563298,0],[-79.023038721554,35.9567041860544,0],[-79.0233365259693,35.9569615948003,0],[-79.0234585994887,35.9570684983089,0],[-79.0235205378459,35.9571265211704,0],[-79.0236142653986,35.9572081281425,0],[-79.0237040953908,35.9572668385996,0],[-79.0238558185355,35.9573749788136,0],[-79.0239467746996,35.9574283271121,0],[-79.02401966251,35.9574701415233,0],[-79.0241075457983,35.9575192082903,0],[-79.0242089644176,35.9575710753124,0],[-79.0242938347582,35.9576234583755,0],[-79.0244536692386,35.9576828771545,0],[-79.0245996705483,35.9577542513777,0],[-79.0247522369356,35.9578181298933,0],[-79.024898530286,35.9578571006317,0],[-79.0250046620009,35.9578864113221,0],[-79.0251319996295,35.9579126117224,0],[-79.0252517717312,35.9579363341144,0],[-79.0253305355162,35.9579481489908,0],[-79.0254363734106,35.9579623501939,0],[-79.0255674273444,35.957971495216,0],[-79.0256673802826,35.9579762970296,0],[-79.0259122568072,35.9579843704044,0],[-79.0259431880182,35.9579845792434,0],[-79.0261299277733,35.9579811109256,0],[-79.0266119869833,35.9579618878077,0],[-79.0267071006645,35.9579687456601,0],[-79.0268769474098,35.9579633213977,0],[-79.0272124291717,35.9579550823281,0],[-79.0274027350556,35.9579516229854,0],[-79.0275542814952,35.9579460153203,0],[-79.0276510577039,35.9579485314649,0],[-79.0277673389686,35.9579539209072,0],[-79.0278975687607,35.9579641595806,0],[-79.0281391503196,35.9579866885866,0],[-79.0282424533497,35.9580068706832,0],[-79.0283064370624,35.9580279000113,0],[-79.028426050058,35.9580531289811,0],[-79.0286033066493,35.958101265868,0],[-79.0287239525499,35.9581407202136,0],[-79.0287960463462,35.9581605784069,0],[-79.028976732739,35.9582349404835,0],[-79.0291223291076,35.958306948393,0],[-79.0292660318067,35.958383709967,0],[-79.0293161748668,35.9584149410398,0],[-79.0293905610527,35.9584577135429,0],[-79.0294754997181,35.958509360225,0],[-79.0295909800694,35.958592411991,0],[-79.0296569170185,35.958659303003,0],[-79.0298024288745,35.9587839245157,0],[-79.0298430600464,35.9588010813958,0],[-79.0301484770198,35.9591368148885,0],[-79.0302823911534,35.9592607509885,0],[-79.030505045497,35.9594930760215,0],[-79.0309668422873,35.9599593420416,0],[-79.0311189566332,35.9601063923593,0],[-79.0313126689993,35.9603068546464,0],[-79.0316322446292,35.9605860113949,0],[-79.0317698514269,35.9607203591977,0],[-79.0319187967324,35.9608416163034,0],[-79.0320321675056,35.9609213359884,0],[-79.0321232935038,35.960985027546,0],[-79.0322330851969,35.9610597097944,0],[-79.0323691618016,35.9611500709533,0],[-79.0324442850897,35.9611932730727,0],[-79.0325283465732,35.9612405015115,0],[-79.0326648201367,35.9613075703035,0],[-79.0327460911346,35.9613511734646,0],[-79.0328553838245,35.9614011167886,0],[-79.0330607563956,35.9614855767092,0],[-79.0334727922707,35.9616334149842,0],[-79.0335511765676,35.9616541608925,0],[-79.0336379500917,35.961680950263,0],[-79.0339483834499,35.9617711217832,0],[-79.0340660345317,35.9618034586844,0]],[[-79.0340727452257,35.9617987764363,0],[-79.0341997453572,35.9618206403654,0],[-79.0343067900738,35.9618468188169,0],[-79.0344443393829,35.96186996476,0],[-79.0347248981512,35.9619161888341,0],[-79.0348703781971,35.9619277874754,0],[-79.0349903125498,35.9619422899981,0],[-79.0351087362581,35.9619474248762,0],[-79.0354059374576,35.961981707776,0],[-79.0358916100418,35.9620416889276,0],[-79.0360775015413,35.9620624403174,0],[-79.0363355704691,35.9620944315278,0],[-79.0365477075917,35.9621149761054,0],[-79.0366973846376,35.9621417516631,0],[-79.0367878113315,35.9621632426409,0],[-79.0369179275371,35.9621937893899,0],[-79.0370212958511,35.962218918375,0],[-79.0371096716411,35.9622449576216,0],[-79.0371850854019,35.9622636255341,0],[-79.0372506371373,35.962294838696,0],[-79.0373214229243,35.9623216681733,0],[-79.0374173821567,35.9623625869015,0],[-79.037537351316,35.9624090257576,0],[-79.0376545836213,35.9624701562894,0],[-79.0376943278965,35.9624940127646,0],[-79.0378584345008,35.9625721529963,0],[-79.0379135971327,35.9626160996736,0],[-79.0379733575718,35.9626559016873,0],[-79.0381409914522,35.9627624606638,0],[-79.0381860445905,35.9627872814957,0],[-79.0384756360585,35.962974901245,0],[-79.038709093985,35.9631272870415,0],[-79.0388245541269,35.9631809255142,0],[-79.0392881093776,35.9634553068499,0],[-79.0394030502675,35.9635040879117,0],[-79.0394885368273,35.963554898173,0],[-79.039584694495,35.9635973427933,0],[-79.039648998368,35.9636276690937,0],[-79.0397367868726,35.9636607077974,0],[-79.0398300860476,35.963692810909,0],[-79.0399281885827,35.9637105350821,0],[-79.0405439393361,35.9638533390454,0],[-79.0408827356185,35.963895137627,0],[-79.0409939112905,35.9639053605791,0],[-79.0410637237195,35.963911779505,0],[-79.0417369577296,35.9639617933619,0],[-79.0420428557087,35.9639817447093,0],[-79.0422989523824,35.9639996720436,0],[-79.0429016152357,35.9640401746208,0],[-79.0435705768268,35.9640887107735,0],[-79.0439429886822,35.9641120179323,0],[-79.0441937939374,35.964126682348,0],[-79.044316730806,35.9641327142531,0],[-79.0444289873466,35.9641374070067,0],[-79.0445946656099,35.9641427885682,0],[-79.0447222935626,35.9641434286688,0],[-79.0448501676118,35.964142028037,0],[-79.0449697112748,35.9641406303395,0],[-79.045103304022,35.9641357970467,0],[-79.04527442482,35.9641275915117,0],[-79.0456444459856,35.9641018797991,0],[-79.0460722561638,35.9640662679941,0],[-79.0461075439323,35.9640634958417,0],[-79.0465831763914,35.964026137317,0],[-79.0470311283143,35.9639973876633,0],[-79.0473380763663,35.9639811603875,0],[-79.0476517502385,35.9639645746091,0],[-79.0478008803324,35.9639599531148,0],[-79.0484131588267,35.9639544024207,0],[-79.0490777387262,35.9639634645116,0],[-79.049284992378,35.9639653773803,0],[-79.0499013484451,35.9639778036182,0],[-79.0505589557504,35.9639875454736,0],[-79.0508105523256,35.9639934562133,0],[-79.0513250470426,35.9640173422953,0],[-79.0518421828415,35.9640342924055,0],[-79.0520632317513,35.9640501294654,0]],[[-79.052110340033,35.963998078198,0],[-79.0522814306377,35.9640029918718,0],[-79.0523794512258,35.9640058078376,0],[-79.0528694938736,35.9640106186007,0],[-79.0531115640357,35.9640063360938,0],[-79.053215644774,35.9640044945175,0],[-79.0543358371736,35.9640199899746,0],[-79.0548065206878,35.9640262102855,0],[-79.0551174279682,35.964030317195,0],[-79.0553019921822,35.9640335675976,0],[-79.0557476332784,35.9640407329564,0],[-79.0562924930162,35.964041810577,0],[-79.0565094316633,35.9640508890575,0],[-79.057090396737,35.9640800935285,0],[-79.0583517476975,35.9641037832936,0]]]},"properties":{"FID":38,"FeatureTyp":"Bike Lane","Label":"Weaver Dairy Road","Fr_St":"Sage Road","To_St":"Martin Luther King Boulevard","Notes":" ","Shape_Leng":12062.6397447,"GlobalID":"1a2af0da-697c-4f86-a841-4fb8d576a192"}},{"type":"Feature","id":39,"geometry":{"type":"MultiLineString","coordinates":[[[-79.0164825000579,35.9516099663362,0],[-79.0162711890614,35.9514341297649,0],[-79.0161156125152,35.9512729115907,0],[-79.0160204960073,35.9511349250296,0],[-79.0158776857918,35.9509124550462,0],[-79.0157743976475,35.9506452650118,0],[-79.0156113398383,35.9502232869636,0],[-79.0153537815031,35.9495734925587,0],[-79.0151995195483,35.9491832479983,0],[-79.0150689497679,35.9489298160725,0],[-79.0149027602054,35.9486228526123,0],[-79.0148020933951,35.9484363437901,0],[-79.0146124763445,35.9480889472338,0],[-79.0144982750408,35.947873024333,0],[-79.0144055287313,35.9477054971665,0],[-79.0142447852692,35.9474603803762,0],[-79.0140756928213,35.9472010266288,0],[-79.0139990712533,35.9470980548887,0],[-79.0138578864634,35.9469206213102,0],[-79.013658489065,35.9466933049429,0],[-79.0134416337267,35.9464359528376,0],[-79.0132678743001,35.9461508872615,0],[-79.0132084660254,35.9460752213244,0],[-79.0131119546368,35.945893058307,0],[-79.0127150876522,35.9451422518387,0]],[[-79.0164919129909,35.951625035518,0],[-79.0167420433486,35.9518089338142,0],[-79.0170165973681,35.9520107872647,0],[-79.0169959005861,35.9520355782949,0],[-79.0171229971915,35.9520891511677,0],[-79.0175240432541,35.9523868611384,0],[-79.0184366400331,35.9530642974712,0],[-79.0186767682286,35.9532281566714,0],[-79.0190420262465,35.953477399317,0],[-79.0191375147371,35.9535425583474,0],[-79.0193043682946,35.9536564134595,0],[-79.0195254405321,35.953807265673,0],[-79.0201319895214,35.9542332394175,0],[-79.0202553211337,35.9543158022408,0],[-79.0204982157533,35.9544836815738,0]]]},"properties":{"FID":39,"FeatureTyp":"Bike Lane","Label":"Sage Road","Fr_St":"Fordham Boulevard","To_St":"Weaver Dairy Road","Notes":" ","Shape_Leng":4211.50653375,"GlobalID":"a507b8c3-6bba-4fc3-8e58-512fe393590b"}},{"type":"Feature","id":40,"geometry":{"type":"LineString","coordinates":[[-79.007723761464,35.950215065819,0],[-79.00804571015,35.9503109557371,0],[-79.0082193932993,35.9503647159925,0],[-79.0085397406829,35.9504638700817,0],[-79.0091606056013,35.9506560376344,0],[-79.0092955648464,35.9506896797712,0],[-79.0093622737296,35.9507030579176,0],[-79.0094124547994,35.9507109511551,0],[-79.0094928235984,35.9507172683771,0],[-79.009562776955,35.9507208176019,0],[-79.0096105151689,35.9507208138528,0],[-79.0096354467532,35.950720935364,0],[-79.0097655084405,35.9507215685488,0],[-79.0099143730142,35.9507222929022,0],[-79.0099662990373,35.9507225455412,0],[-79.0101004239496,35.9507287678335,0],[-79.0101794804118,35.9507351883603,0],[-79.0102650895549,35.9507458272201,0],[-79.0103527656591,35.9507623972291,0],[-79.0104459783852,35.950786022895,0],[-79.0105191477939,35.9508088363542,0],[-79.0106074389555,35.9508402846097,0],[-79.0106615495599,35.9508635719133,0],[-79.010751561039,35.9509023077382,0],[-79.0108949682289,35.9509631915294,0],[-79.0109866137076,35.9510011564315,0],[-79.0110691386677,35.9510301064961,0],[-79.0111542230019,35.9510580504322,0],[-79.0112391080657,35.951079436547,0],[-79.0113305395728,35.9510992537521,0],[-79.0113663562025,35.9511055369142,0],[-79.0114003404927,35.9511114993779,0],[-79.011481560007,35.9511253599018,0],[-79.0115412646104,35.9511269126006,0],[-79.0115993461468,35.9511265871378,0],[-79.0116659923125,35.9511227070462,0],[-79.0117368651712,35.9511195547534,0],[-79.0118279030553,35.9511071802795,0],[-79.0118956877929,35.9510971450485,0],[-79.011982476899,35.9510775263109,0],[-79.0120599534146,35.9510632891282,0],[-79.0121590328946,35.9510273187631,0],[-79.0122100191224,35.9510128011157,0],[-79.0122634020223,35.9509921949978,0],[-79.0123230125272,35.9509660498057,0],[-79.0123478450736,35.9509558924711,0],[-79.0124690027172,35.9509054782608,0],[-79.0125211136044,35.9508890198922,0],[-79.0126507815706,35.9508439745082,0],[-79.0127700303186,35.9508020710692,0],[-79.0128635108884,35.9507767007774,0],[-79.0129786941169,35.9507519193541,0],[-79.013040657398,35.9507389765457,0],[-79.0131193825441,35.950730962859,0],[-79.0132539859895,35.9507268979249,0],[-79.0133593435223,35.9507284006063,0],[-79.0137113452208,35.9507289185738,0],[-79.0137928690639,35.9507268174975,0],[-79.0138341587968,35.9507236069393,0],[-79.0138797604148,35.9507201867779,0],[-79.0139435108656,35.9507165247848,0],[-79.0140010313364,35.9507041227697,0],[-79.0141074352863,35.9506678237115,0],[-79.0141516746238,35.9506394802527,0],[-79.0142213278115,35.9506057783585,0],[-79.0143151987184,35.9505476576586,0],[-79.0144691510177,35.9504751145566,0],[-79.0146217709079,35.9503794001691,0],[-79.0146984534749,35.9503332755865,0],[-79.0147565484145,35.9502942607716,0],[-79.014839499073,35.9502477162415,0],[-79.0149610618409,35.9501844317854,0],[-79.0150783122212,35.9501195173068,0],[-79.0151864181217,35.9500747224362,0],[-79.0152879800349,35.9500381426414,0],[-79.0153904900234,35.9500038654369,0]]},"properties":{"FID":40,"FeatureTyp":"Bike Lane","Label":"Old Sterling Drive","Fr_St":"Sage Road","To_St":"Eastowne Drive","Notes":" ","Shape_Leng":2431.5701581,"GlobalID":"a3dca3fb-cf8c-4ad1-b910-4f58cf971619"}},{"type":"Feature","id":41,"geometry":{"type":"LineString","coordinates":[[-79.0229102186092,35.9360417307611,0],[-79.0230372611103,35.9362170824889,0],[-79.0231115632094,35.9362969618658,0],[-79.0231906469655,35.9363398160229,0]]},"properties":{"FID":41,"FeatureTyp":"Bike Lane","Label":"Ephesus Church Road","Fr_St":"Rams Plaza Driveway","To_St":"Fordham Boulevard","Notes":" ","Shape_Leng":138.678174001,"GlobalID":"ba152d12-1b92-48d1-b1cb-6fbc52f4b350"}},{"type":"Feature","id":42,"geometry":{"type":"LineString","coordinates":[[-79.0106643505221,35.9024943435305,0],[-79.0109487615346,35.9019429545774,0],[-79.0110474095291,35.9011818154926,0],[-79.0110238873802,35.8999279115572,0],[-79.0110288723715,35.8995064169816,0]]},"properties":{"FID":42,"FeatureTyp":"Bike Lane","Label":"Friday Center Drive","Fr_St":"Friday Center Driveway","To_St":"Raleigh Road","Notes":" ","Shape_Leng":1106.18587077,"GlobalID":"8729b0be-ef08-439a-8195-c32a3047772a"}},{"type":"Feature","id":43,"geometry":{"type":"LineString","coordinates":[[-79.0573288707625,35.9137491744582,0],[-79.0575393409187,35.9136565919076,0],[-79.0586106651845,35.91324161562,0],[-79.0596946202333,35.9128403261774,0],[-79.0608522060929,35.9123790465288,0],[-79.0622013122473,35.9118542895601,0],[-79.0631357913276,35.9114992867641,0],[-79.0636198589615,35.9113072165,0],[-79.0639271725066,35.9112316979661,0],[-79.064790280486,35.9111558857167,0],[-79.0657060057344,35.9110629115807,0]]},"properties":{"FID":43,"FeatureTyp":"Bike Lane","Label":"Rosemary Street","Fr_St":"Pritchard Avenue","To_St":"Merritt Mill Road","Notes":" ","Shape_Leng":2689.69296158,"GlobalID":"2e406cf9-7a06-42ec-bf44-beb4705c26fa"}},{"type":"Feature","id":44,"geometry":{"type":"LineString","coordinates":[[-79.0555351580014,35.9103405435547,0],[-79.0589743072466,35.9090297319116,0],[-79.0634327926139,35.9073238169737,0]]},"properties":{"FID":44,"FeatureTyp":"Bike Lane","Label":"Cameron Avenue","Fr_St":"Pittsboro Street","To_St":"Railroad Tracks","Notes":" ","Shape_Leng":2583.72762771,"GlobalID":"3f644ce9-2477-4e62-a5ae-d6ef01f7f7de"}},{"type":"Feature","id":45,"geometry":{"type":"LineString","coordinates":[[-79.0589333732605,35.9661138514281,0],[-79.0585212882302,35.966342729723,0]]},"properties":{"FID":45,"FeatureTyp":"Bike Lane","Label":"Perkins Drive","Fr_St":"Martin Luther King Jr. Boulevard","To_St":"ABC Store Driveway","Notes":" ","Shape_Leng":147.68966326,"GlobalID":"ec8a6f48-b6a0-46e3-a7d1-d1f53bb4b936"}},{"type":"Feature","id":46,"geometry":{"type":"LineString","coordinates":[[-79.0760860039933,35.9772759165572,0],[-79.0762117768438,35.9743604685589,0],[-79.0759357985146,35.9717958718415,0],[-79.0756070461986,35.9706809668182,0],[-79.0754129971293,35.9703358423565,0]]},"properties":{"FID":46,"FeatureTyp":"Bike Lane","Label":"Millhouse Road","Fr_St":"Clyde Road","To_St":"Eubanks Road","Notes":" ","Shape_Leng":2554.53075296,"GlobalID":"c1465205-7676-499e-813b-a10bbb003cc7"}},{"type":"Feature","id":47,"geometry":{"type":"LineString","coordinates":[[-79.070518526431,35.9697922523743,0],[-79.0705122944105,35.9699776498624,0],[-79.0704144046052,35.9701579025249,0],[-79.0703612100614,35.9702636248141,0],[-79.0703485250627,35.9703831854741,0],[-79.0703871319863,35.9706586546938,0],[-79.0703893804665,35.9707920684573,0]]},"properties":{"FID":47,"FeatureTyp":"Bike Lane","Label":"Myrica Street","Fr_St":"Eubanks Road","To_St":"Carraway Crossing","Notes":" ","Shape_Leng":373.995320733,"GlobalID":"0f8465ef-9b36-4aad-92b9-de6d7b20ee72"}},{"type":"Feature","id":48,"geometry":{"type":"LineString","coordinates":[[-79.0705879985733,35.9712389782101,0],[-79.0705538507385,35.9711887505475,0],[-79.0705366407289,35.9710085643827,0],[-79.0705065245065,35.9706932392338,0],[-79.0705041618915,35.9704281445295,0],[-79.0705274674608,35.9702669943388,0],[-79.0705913284092,35.9701733943742,0],[-79.0706615475393,35.9700364741399,0],[-79.0706933579478,35.9698527941092,0]]},"properties":{"FID":48,"FeatureTyp":"Bike Lane","Label":"Myrica Street","Fr_St":"Carraway Crossing","To_St":"Eubanks Road","Notes":" ","Shape_Leng":517.858697341,"GlobalID":"764bfef3-4573-4e70-923a-593135e858b4"}},{"type":"Feature","id":49,"geometry":{"type":"LineString","coordinates":[[-79.0161246554849,35.9054284489561,0],[-79.0160613380861,35.9055130952074,0],[-79.015981795158,35.90562061415,0],[-79.0158852293954,35.9057984838646,0],[-79.0156775041438,35.9061209063908,0],[-79.0154788747506,35.9064249560886,0],[-79.0153451504614,35.9066203396667,0],[-79.0152738549076,35.9067059734034,0],[-79.0152201488333,35.9067628659215,0],[-79.0151589111674,35.9068005913175,0],[-79.0150937696828,35.9068401504178,0],[-79.0150319092269,35.9068716342957,0],[-79.0149668440498,35.9069051320482,0],[-79.0149085976452,35.9069322495029,0],[-79.0148433287411,35.9069548892044,0],[-79.0147809980519,35.9069725551195,0],[-79.0147201831805,35.9069796431161,0],[-79.0146655973321,35.9069840687832,0],[-79.0146035866966,35.9069830379191,0],[-79.0145242362605,35.9069785075229,0],[-79.0144560047953,35.9069764588507,0],[-79.0144101918653,35.9069671186492,0],[-79.014326002796,35.9069466004638,0],[-79.0142492924639,35.9069233197515,0],[-79.0141783962812,35.9068939743418,0],[-79.0141025798183,35.9068628160358,0],[-79.0140213836968,35.9068128516905,0],[-79.0139699280933,35.9067687180297,0],[-79.0139115935991,35.9067167374765,0],[-79.013881867456,35.9066842497515,0],[-79.0138563666586,35.9066514559971,0],[-79.0138269924148,35.9066034243273,0],[-79.0137952662252,35.9065618841078,0],[-79.0137668314746,35.9065006283813,0],[-79.0137248626587,35.9064296896568,0],[-79.0136641166012,35.9063374506956,0],[-79.0136021628429,35.9062764384221,0],[-79.0135455597226,35.9062197310521,0],[-79.0134895264481,35.9061782637454,0],[-79.0134353718435,35.9061349656565,0],[-79.0133837935519,35.9061080565773,0],[-79.0133349728061,35.9060815698863,0],[-79.0132459111427,35.9060453832079,0],[-79.0131752405361,35.9060132629669,0],[-79.0130978500339,35.9059827774709,0],[-79.0129792256874,35.905946976821,0],[-79.0128383377097,35.9059225627752,0],[-79.0127867773094,35.9059155758709,0],[-79.012726657942,35.9059102653627,0],[-79.0126288004057,35.9059093805362,0],[-79.012363526094,35.9059027705017,0],[-79.0118261356393,35.9058903073629,0],[-79.011172337481,35.9058728043673,0],[-79.0110139780883,35.9058711450443,0],[-79.0104440681746,35.905857879293,0],[-79.0098831873028,35.905843743094,0],[-79.0096273733352,35.9058370497333,0],[-79.0093524494342,35.905833793075,0],[-79.0092020489286,35.9058223633545,0],[-79.0090686863951,35.9058238505788,0],[-79.008860800779,35.905821884788,0],[-79.0087332616236,35.9058180868751,0],[-79.0086223152335,35.9058087897006,0],[-79.0084995098779,35.905793858297,0],[-79.008418362947,35.9057789869935,0],[-79.0083295716723,35.9057618827259,0],[-79.0082811176844,35.9057501897976,0],[-79.008249777399,35.9057461657943,0],[-79.0082354311793,35.9057391645297,0],[-79.0081996235946,35.9057305225312,0],[-79.0080902834449,35.9056959332619,0],[-79.0079621901068,35.905653411838,0],[-79.0078012534697,35.9055851772667,0],[-79.0076999094477,35.9055320797483,0],[-79.0076007921495,35.9054771352332,0],[-79.0075836096006,35.9054663485893,0],[-79.0075010007123,35.9054145917797,0],[-79.007424490508,35.9053618746529,0],[-79.0073483300347,35.9053042498529,0],[-79.0073382767954,35.9052966110008,0],[-79.0072461921353,35.9052118154638,0],[-79.0071407667545,35.9051107890419,0],[-79.0070820623996,35.9050473487312,0],[-79.0070436428666,35.9049994727524,0],[-79.0069871497335,35.9049212076068,0],[-79.0069359978805,35.9048464563161,0],[-79.0068935283402,35.9047732159997,0],[-79.0068630567847,35.9047140019977,0],[-79.0068168603107,35.9046106727025,0],[-79.0067876219751,35.9045393198363,0],[-79.0067670742162,35.9044764829087,0],[-79.0067477083199,35.9043977315713,0],[-79.006727924548,35.9043158274872,0],[-79.0067189838575,35.9042695585932,0],[-79.0067131636673,35.9042202223855,0],[-79.0067032501577,35.9041052101148,0],[-79.0066998391322,35.9040380315382,0],[-79.0067024735409,35.9039313267993,0],[-79.0067077677766,35.9038374456778,0],[-79.0067285271712,35.9037437574813,0],[-79.0067497446607,35.9036574175931,0],[-79.0068186773923,35.9034590662475,0],[-79.0069541433489,35.9030871295992,0],[-79.0071319432124,35.9025941305449,0],[-79.0072043197238,35.9023874641596,0],[-79.0073309725476,35.9019870444071,0]]},"properties":{"FID":49,"FeatureTyp":"Bike Lane","Label":"E. Barbee Chapel Road","Fr_St":"NC 54","To_St":"NC 54","Notes":" ","Shape_Leng":4407.51951644,"GlobalID":"c7f4969b-c188-4e1b-a83a-4f517dfee4df"}},{"type":"Feature","id":50,"geometry":{"type":"LineString","coordinates":[[-79.0090936768442,35.9074534660128,0],[-79.0091681542698,35.9074805806707,0],[-79.0092193189597,35.9074992094689,0],[-79.0093033577043,35.907519378775,0],[-79.0093821092779,35.9075356620079,0],[-79.0094820076956,35.9075499300355,0],[-79.0096039532282,35.9075585477767,0],[-79.0096404321793,35.9075591109185,0],[-79.0097382297162,35.9075606209469,0],[-79.0100869702002,35.9075627187875,0],[-79.010537086178,35.9075709195602,0],[-79.0107525706637,35.9075885194455,0],[-79.0109883631021,35.9076346776368,0],[-79.0111033398615,35.9076635152568,0],[-79.0111944609052,35.9076926289557,0],[-79.0112435165105,35.9077091372307,0],[-79.0112887508993,35.9077243587778,0],[-79.0113745374898,35.9077600965161,0],[-79.0115076548764,35.9078276042996,0],[-79.0117576044309,35.9079543632524,0],[-79.01207584286,35.9081152094607,0],[-79.01230728243,35.9082334824305,0],[-79.0123250985459,35.9082426135411,0],[-79.0125086590651,35.9083366945561,0],[-79.0126282534503,35.9083979907049,0],[-79.0128538427526,35.9085160081625,0],[-79.0130004682377,35.90858656559,0],[-79.0131619456237,35.908666530846,0],[-79.0131927710646,35.9086844382185,0],[-79.013352354002,35.9087623096968,0],[-79.0133899828931,35.9087725092287,0],[-79.0134008698089,35.9087773723679,0],[-79.0135228743805,35.9088206476068,0],[-79.0136159824078,35.9088466065059,0],[-79.0136836833664,35.9088600869367,0],[-79.0137589489977,35.9088799558167,0],[-79.0138344340926,35.9088872667654,0],[-79.0138946371903,35.9088894239537,0],[-79.014002954746,35.9088910636593,0],[-79.014183646199,35.9088731275807,0],[-79.0145942051966,35.9088398138576,0]]},"properties":{"FID":50,"FeatureTyp":"Bike Lane","Label":"Sprunt Street","Fr_St":"Meadowmont Lane","To_St":"Old Barn Lane","Notes":" ","Shape_Leng":1759.44278793,"GlobalID":"3b7cfce8-419c-4514-8e2c-12ab9e3de53e"}},{"type":"Feature","id":51,"geometry":{"type":"LineString","coordinates":[[-79.0079368294448,35.9116395401123,0],[-79.0079330904851,35.9115072345616,0],[-79.0079243638912,35.9111627572968,0],[-79.0079193796292,35.9108944587505,0],[-79.0079119045307,35.9106459159946,0],[-79.0079094275478,35.9104115999572,0],[-79.007904917858,35.9103499763705,0],[-79.0079521534771,35.9099551061759,0],[-79.0079478612014,35.9098512276776,0],[-79.0079566678764,35.909715855891,0],[-79.00796752041,35.9095651861454,0],[-79.0079662316824,35.9093381587774,0],[-79.0079754630557,35.9091177309472,0],[-79.0079860011161,35.9090147302187,0],[-79.0079900745443,35.9089110521288,0],[-79.0080041556863,35.9088537589567,0],[-79.0080310994851,35.9087639729485,0],[-79.0080685189395,35.9086584783229,0],[-79.0081151767793,35.9085402620705,0],[-79.0081740886097,35.9084313076708,0],[-79.0082139520908,35.9083513296283,0],[-79.0082956838431,35.908242991918,0],[-79.0083117357102,35.9082085799564,0],[-79.0083437184387,35.9081699280729,0],[-79.0084035230195,35.908117840337,0],[-79.0086622093275,35.9077963200174,0],[-79.008848128276,35.9075320200778,0],[-79.0090028632844,35.9073708745602,0],[-79.0090304997737,35.9073176946883,0],[-79.0090921932431,35.9071863692274,0],[-79.0091088334393,35.9071081870806,0],[-79.0091324041319,35.9070276186591,0],[-79.0091351655826,35.9069648435316,0],[-79.0091522855894,35.9068785946656,0],[-79.0091629668465,35.9068231744819,0],[-79.0091641641003,35.9067810934074,0],[-79.009172767159,35.9066686379535,0],[-79.009160542712,35.9065387970021,0],[-79.0091521460729,35.9064687248404,0],[-79.0091405968152,35.9063623646036,0],[-79.0091361867925,35.9062969032099,0],[-79.009127210972,35.9062284182805,0],[-79.0091191537341,35.9061220929219,0],[-79.0091111893266,35.9060430040663,0],[-79.0091102319107,35.9060016631122,0],[-79.0091106291526,35.9058697950487,0],[-79.0091167406957,35.905728383541,0],[-79.0091149053237,35.9056331590642,0],[-79.0091108936297,35.9055333146599,0],[-79.0091104652411,35.9054971128967,0],[-79.0091036450042,35.9054350126255,0],[-79.0091028922416,35.9053712796375,0],[-79.0091201898894,35.9053009468494,0],[-79.0091215702416,35.9052321456634,0],[-79.0091325215588,35.9051664361355,0],[-79.0091396718189,35.9051198769088,0],[-79.0091543808287,35.9050731738064,0],[-79.0091806739687,35.9049830819264,0],[-79.009193458147,35.9049419580377,0],[-79.0092186383237,35.904827103784,0],[-79.0092430041904,35.9047414464473,0],[-79.0092738921592,35.9046588260044,0],[-79.009344065475,35.9045242143871,0],[-79.0094329316421,35.9043576896796,0],[-79.0096596258843,35.904001492464,0],[-79.0097993399627,35.9037451700053,0],[-79.009969887171,35.9034454722405,0],[-79.0100935125804,35.9032762492378,0],[-79.010210745629,35.9031000307031,0],[-79.0102610955592,35.9029688757436,0]]},"properties":{"FID":51,"FeatureTyp":"Bike Lane","Label":"Meadowmont Lane","Fr_St":"Raleigh Road","To_St":"Simerville Road","Notes":" ","Shape_Leng":3319.92748145,"GlobalID":"cdc51980-490b-4a99-89f0-5306e9bd274c"}},{"type":"Feature","id":52,"geometry":{"type":"LineString","coordinates":[[-79.0213900284334,35.9395718296348,0],[-79.0207138494697,35.9388994634555,0],[-79.0202456604481,35.9383546822039,0],[-79.0196640186945,35.9382676726829,0],[-79.0192423021721,35.9381607996119,0],[-79.0190466303768,35.9380403048176,0],[-79.018853943332,35.9379226131677,0]]},"properties":{"FID":52,"FeatureTyp":"Bike Lane","Label":"Novus Lane","Fr_St":"Fordham Boulevard Service Road","To_St":"Legion Road","Notes":" ","Shape_Leng":1007.94197668,"GlobalID":"14185df4-f2ae-468c-9867-5097ae9ed060"}},{"type":"Feature","id":53,"geometry":{"type":"LineString","coordinates":[[-79.0072753404631,35.9473594166015,0],[-79.0074112743525,35.9475498754174,0],[-79.0075529946232,35.947749740477,0],[-79.0076368703745,35.9478814164697,0],[-79.007706286959,35.9480013359813,0],[-79.0077612404819,35.9480930387759,0],[-79.0077988413901,35.948158877428,0],[-79.0078800098067,35.9483105404155,0],[-79.0079378620983,35.9484679370635,0],[-79.00796823856,35.9485787468902,0]]},"properties":{"FID":53,"FeatureTyp":"Bike Lane","Label":"Eastowne Drive","Fr_St":"Fordham Boulevard","To_St":"UNC Healthcare Driveway","Notes":" ","Shape_Leng":491.257927609,"GlobalID":"8eac84db-efcc-49bd-b69f-004e41da03eb"}},{"type":"Feature","id":54,"geometry":{"type":"LineString","coordinates":[[-79.0074141385693,35.9472488893116,0],[-79.0075703207264,35.9474934313602,0],[-79.0077062579932,35.9476979986363,0],[-79.0078074870328,35.9478484851478,0],[-79.0078942584063,35.9480130812995,0],[-79.0079492171967,35.9481447589313,0],[-79.0080034561225,35.9483031841654,0],[-79.0080757700532,35.9484795384355,0],[-79.0081074117425,35.9485934341603,0]]},"properties":{"FID":54,"FeatureTyp":"Bike Lane","Label":"Eastowne Drive","Fr_St":"UNC Healthcare Driveway","To_St":"Fordham Boulevard","Notes":" ","Shape_Leng":533.226988429,"GlobalID":"4c28034b-393b-452d-a7b2-fdbf10ac33e5"}},{"type":"Feature","id":55,"geometry":{"type":"LineString","coordinates":[[-79.0531581011308,35.9602085151288,0],[-79.0531233237713,35.9604751496178,0],[-79.0531162744214,35.9605226540639,0],[-79.0531122773531,35.9605571624394,0],[-79.0531160917208,35.9606206798127,0],[-79.0531179789742,35.9606701577898,0],[-79.0531272927046,35.9607902951559,0],[-79.0531579027526,35.9608633175382,0],[-79.0531648422414,35.9608812699348,0],[-79.0531771032334,35.9609129880566,0],[-79.0532008599544,35.960962433067,0],[-79.0532297520667,35.9610156972852,0],[-79.0532403943844,35.9610454990698,0],[-79.0532803033957,35.961104739403,0],[-79.0533483006853,35.9611849223476,0],[-79.0533817080075,35.961220928535,0],[-79.0534315488303,35.9612561109575,0],[-79.0534854365236,35.9613052840482,0],[-79.0535086639146,35.9613217124224,0],[-79.0535481927938,35.9613488877857,0],[-79.0536122834281,35.9613884450326,0],[-79.0536144061787,35.9613897545699,0],[-79.0536473854796,35.9614052953748,0],[-79.0537340018078,35.9614461071618,0],[-79.0538359976188,35.9614880143792,0],[-79.0539208589962,35.9615135914729,0],[-79.0540122510188,35.9615371449363,0],[-79.0540552671594,35.9615450536093,0],[-79.0541130358748,35.9615533432827,0],[-79.0541639903825,35.9615672203178,0],[-79.0542977140507,35.9615746262746,0],[-79.0543635532754,35.9615710378016,0],[-79.054417249928,35.9615708444407,0],[-79.0544640720697,35.96156736443,0],[-79.0545130305953,35.9615574536757,0],[-79.054634744178,35.9615379242943,0],[-79.0551773871215,35.9614508702457,0],[-79.0560427925581,35.9613200672685,0],[-79.0565748875436,35.9612394884814,0],[-79.0571256332196,35.961158106418,0]]},"properties":{"FID":55,"FeatureTyp":"Bike Lane","Label":"Westminster Drive","Fr_St":"Martin Luther King Jr. Boulevard","To_St":"Saluda Court","Notes":" ","Shape_Leng":1547.33766458,"GlobalID":"72f35664-68d9-4bf5-8696-775a2f13d566"}},{"type":"Feature","id":56,"geometry":{"type":"LineString","coordinates":[[-79.0694430672196,35.8736106215486,0],[-79.0693656866953,35.873838327844,0],[-79.069292380271,35.8740264324858,0],[-79.0691824185427,35.8741452350363,0],[-79.0690561673973,35.8742211369084,0],[-79.0688973345044,35.8743201388287,0],[-79.0686081779779,35.8745115428011,0],[-79.0684371283573,35.8747887472103,0],[-79.0684263871739,35.874876006806,0],[-79.0683901450542,35.8749263484312,0],[-79.0683611734821,35.8749797188936,0],[-79.0683398495146,35.8750354248759,0],[-79.0683264494099,35.8750927424718,0],[-79.0683211475304,35.8751509298042,0],[-79.0683240119135,35.8752092297318,0],[-79.0683153076667,35.875269638905,0],[-79.0682995183673,35.8753290885388,0],[-79.0682767897179,35.8753870305497,0],[-79.0682473316637,35.8754429285343,0],[-79.068211417294,35.8754962676844,0],[-79.0681693773049,35.8755465538895,0],[-79.0681216000081,35.8755933236509,0],[-79.0679235931661,35.8758159794176,0],[-79.0678982855135,35.8758693936793,0],[-79.0678811358781,35.8759249151741,0],[-79.0678724005098,35.8759817208629,0],[-79.0678722082892,35.8760389688481,0],[-79.0678805607375,35.8760958118935,0],[-79.0678973353473,35.8761514091393,0],[-79.067922283375,35.8762049360182,0],[-79.0679550342824,35.8762555995753,0],[-79.0679951057125,35.8763026510812,0],[-79.0680250708465,35.8763367743516,0],[-79.0680617022484,35.876366276462,0],[-79.0681039415915,35.8763903053542,0],[-79.0681505689909,35.8764081676924,0],[-79.068200239565,35.8764193468693,0],[-79.0682515177822,35.876423521014,0],[-79.0683029250886,35.876420569275,0],[-79.0685835051683,35.8764663391925,0]]},"properties":{"FID":56,"FeatureTyp":"Paved Greenway","Label":"Fan Branch Trail","Fr_St":" ","To_St":" ","Notes":" ","Shape_Leng":1334.6565252,"GlobalID":"3e0175fa-e9a4-4e5a-9522-98fd5e5868b0"}},{"type":"Feature","id":57,"geometry":{"type":"MultiLineString","coordinates":[[[-79.0223394778096,35.9557809732,0],[-79.0223105961935,35.9549192437875,0],[-79.0223035551013,35.9548639438534,0],[-79.0223044930661,35.9548083540481,0],[-79.0223133980867,35.9547532314555,0],[-79.0223301484189,35.954699330474,0],[-79.0223545158963,35.9546473847908,0],[-79.0224977431212,35.9545323117762,0],[-79.0225490084715,35.9544879490349,0],[-79.0226356212737,35.9544129981189,0],[-79.0227679619549,35.9542896088073,0],[-79.0228234959108,35.9541395069314,0],[-79.0228713715902,35.9539876714768,0],[-79.0229115092937,35.9538343602358,0],[-79.0229438393019,35.9536798346021,0],[-79.0229683074158,35.9535243559659,0],[-79.0229848727412,35.9533681902193,0],[-79.022993506578,35.9532116014484,0],[-79.0229941935292,35.9530548564391,0],[-79.022986933717,35.9528982219728,0]],[[-79.0217385541284,35.9544972621333,0],[-79.0225490084715,35.9544879490349,0],[-79.0225502267264,35.9544879352906,0]]]},"properties":{"FID":57,"FeatureTyp":"Paved Greenway","Label":"Sedgefield/Weaver Dairy Connector","Fr_St":" ","To_St":" ","Notes":" ","Shape_Leng":1347.54738343,"GlobalID":"2c36da66-a281-42a6-8dba-46afac79909f"}},{"type":"Feature","id":58,"geometry":{"type":"MultiLineString","coordinates":[[[-79.0224628688696,35.9387393917574,0],[-79.0222870024252,35.9389627843128,0],[-79.0214325187148,35.9395420867196,0]],[[-79.022458420457,35.9387484415614,0],[-79.0226042970019,35.938538478163,0],[-79.0225284926206,35.9383232596894,0],[-79.0227735772784,35.9381069001505,0],[-79.0228806810313,35.9377811165451,0],[-79.0230351156772,35.9373595253616,0],[-79.0228258726482,35.9371764460903,0],[-79.0229871605621,35.9370371253514,0],[-79.0230737056055,35.9367571436715,0],[-79.0232496576766,35.9365282140314,0]]]},"properties":{"FID":58,"FeatureTyp":"Paved Greenway","Label":"Fordham Sidepath","Fr_St":"Ephesus Church Road","To_St":"Novus Lane","Notes":" ","Shape_Leng":1349.11636502,"GlobalID":"00abaa29-91ba-4a7a-b196-e9f40fd5a890"}},{"type":"Feature","id":59,"geometry":{"type":"MultiLineString","coordinates":[[[-79.062924183106,35.9414125336926,0],[-79.0629426063168,35.9414301615899,0],[-79.0630447288005,35.9415186032064,0],[-79.0632050938611,35.9415620653291,0],[-79.0633802535317,35.9415071326594,0],[-79.0635504878107,35.9415102969189,0],[-79.063710598546,35.9415668236476,0],[-79.0637778118755,35.9416753005686,0],[-79.0638828689031,35.9417561573693,0],[-79.0639898736151,35.9418022069426,0],[-79.0641769636279,35.9418827194257,0],[-79.0642746961226,35.9419814730926,0],[-79.0646328146608,35.9422241732962,0],[-79.0647539845076,35.9422722353889,0],[-79.0648806066747,35.942348136284,0],[-79.0649149620922,35.9423824915059,0],[-79.0649197706542,35.9423872991458,0],[-79.0649195564391,35.9423882996941,0],[-79.0649258729055,35.9423937888101,0]],[[-79.0649258729055,35.9423937888101,0],[-79.0648321550576,35.9423534895649,0],[-79.0645859740176,35.9422606111999,0],[-79.0644436879828,35.9421930209724,0],[-79.064287093134,35.9419970111552,0],[-79.063951577569,35.9418629741251,0]],[[-79.0649258729055,35.9423937888101,0],[-79.0649942006091,35.9424531755523,0]],[[-79.0649942006091,35.9424531755523,0],[-79.0649815723547,35.9424177407585,0],[-79.0649258729055,35.9423937888101,0]],[[-79.0649942006091,35.9424531755523,0],[-79.0650299011946,35.9424842042558,0],[-79.0650990044573,35.9425402963011,0]],[[-79.0671637639606,35.9515025105526,0],[-79.0670285539045,35.9513644154191,0],[-79.0669971864757,35.9502855693491,0],[-79.0668327106041,35.948660960975,0],[-79.0668800089991,35.9484138733974,0],[-79.0669524557689,35.9483065161524,0],[-79.0669074929545,35.9481361843123,0],[-79.0669256133268,35.9478378039925,0],[-79.066844901366,35.9475569565192,0],[-79.066761611312,35.9472782121827,0],[-79.0666896051972,35.9470152269742,0],[-79.0665355808621,35.946772773668,0],[-79.0664399065394,35.9466694441103,0],[-79.06630915309,35.9465223235845,0],[-79.0661709547191,35.9463316367386,0],[-79.0660530044308,35.9461534631091,0],[-79.0659142287723,35.9459411317533,0],[-79.0657301029683,35.9457127582327,0],[-79.0655585406454,35.9454774647651,0],[-79.0653117485377,35.945139433449,0],[-79.0651577375963,35.9449177412805,0],[-79.065076938259,35.9446533679888,0],[-79.0649380475938,35.9442613692879,0],[-79.0648206070156,35.9439930468599,0],[-79.0647699374641,35.9438420605132,0],[-79.0647245662571,35.9437341224347,0],[-79.0647566612899,35.9434260402371,0],[-79.0648873482008,35.9430492659292,0],[-79.0650095790824,35.942767094658,0],[-79.0650315511144,35.9425579813588,0],[-79.0649942006091,35.9424531755523,0]]]},"properties":{"FID":59,"FeatureTyp":"Paved Greenway","Label":"Carolina North Greenway","Fr_St":" ","To_St":" ","Notes":" ","Shape_Leng":4684.79311556,"GlobalID":"1373e339-9a7b-42d6-bda2-76d551260fd1"}},{"type":"Feature","id":60,"geometry":{"type":"MultiLineString","coordinates":[[[-79.0524212204823,35.9254729390597,0],[-79.0526584797907,35.9255957099671,0],[-79.0530271856989,35.9257429990561,0],[-79.0532100295969,35.925817872307,0],[-79.053430629494,35.9258755265885,0],[-79.0537463862156,35.9259061059773,0]],[[-79.0539565459631,35.9256718794985,0],[-79.0534611125797,35.925696052219,0],[-79.0531909170342,35.9256114798198,0],[-79.0529829512931,35.9255430896637,0],[-79.0527166654107,35.9255048313132,0],[-79.0523807485662,35.9254658857542,0],[-79.0523360738742,35.9254610135759,0],[-79.0522501648468,35.9254575569546,0],[-79.0522020563605,35.9254547826164,0],[-79.0521401962736,35.92544362936,0],[-79.0520637156649,35.9254066294791,0],[-79.051998396416,35.9253598421066,0],[-79.0519537017831,35.9253221310044,0],[-79.0519098531918,35.9252662511599,0],[-79.0518677255899,35.9252138648997,0],[-79.0518273279385,35.9251789459468,0],[-79.0518058372522,35.925156595669,0],[-79.051776614169,35.925134248668,0],[-79.0517353676596,35.9251147016823,0],[-79.051688107894,35.9250958557356,0],[-79.0516391292551,35.9250784084109,0],[-79.0515849988122,35.9250623611576,0],[-79.0514397899873,35.9250177036407,0],[-79.0513753462059,35.9249960698882,0],[-79.0513441621817,35.9249810664835,0],[-79.0512960998017,35.924964902985,0],[-79.0512490284699,35.9249475898961,0],[-79.0512032183739,35.9249288233672,0],[-79.0511708260658,35.9248920459631,0],[-79.0511116383461,35.9248110981388,0],[-79.0510265634817,35.9247324377887,0],[-79.0508813422538,35.924582263723,0],[-79.05082266228,35.9245167097122,0],[-79.0506975417538,35.924393115344,0],[-79.0505121540092,35.9242443878598,0],[-79.0504030386259,35.9241633530725,0],[-79.050216249715,35.924029867563,0],[-79.0501748740529,35.9240042507518,0],[-79.0501295483448,35.923975536885,0],[-79.0500891807359,35.9239475374985,0],[-79.0500409437219,35.9239235421891,0],[-79.0499848333675,35.9239043540062,0],[-79.0499287287204,35.9238907682663,0],[-79.0498667195476,35.9238779861678,0],[-79.0498125824217,35.9238635992174,0],[-79.0497889594265,35.92385720423,0],[-79.0497436872209,35.9238556219848,0],[-79.0496964470411,35.9238540414256,0],[-79.0496216545695,35.9238604746829,0],[-79.0493530005053,35.9238918027961,0],[-79.0490902517622,35.9239239282955,0],[-79.0489121369203,35.9239504159662,0],[-79.0487261439625,35.9239705027969,0],[-79.0486621778925,35.9239777323973,0],[-79.0485814846568,35.923989771643,0],[-79.0484712715866,35.9240090266416,0],[-79.0483344949168,35.9240427020228,0],[-79.048210512557,35.9240787723544,0],[-79.0480347426248,35.9241568986086,0],[-79.0479573611673,35.9241893604596,0],[-79.0478588522506,35.9241913071779,0],[-79.0477228096829,35.9241837300588,0],[-79.0475586259118,35.9241837941494,0],[-79.0475000246839,35.9241999249757,0],[-79.0473140354907,35.9242280140813,0],[-79.0472209106783,35.9242430648777,0],[-79.0470028000207,35.9242755804919,0],[-79.0468475807887,35.9242874291552,0],[-79.0466861723708,35.924298595002,0],[-79.0464399221439,35.924344475809,0],[-79.0463508029643,35.9243597713722,0],[-79.0461420892072,35.9244189909506,0],[-79.0459755873477,35.9244686558367,0],[-79.0458817849051,35.9244992145041,0],[-79.0458044044189,35.9245354910819,0],[-79.045733679039,35.9245813675476,0],[-79.045596979721,35.92474201291,0],[-79.0455363570761,35.9247945163333,0],[-79.045480889419,35.9248354730767,0],[-79.0454047707688,35.9248701383064,0],[-79.0452925306003,35.9249258108355,0],[-79.0452022298896,35.9249856742841,0],[-79.0451274189408,35.925050778394,0],[-79.0449532956393,35.9252156341837,0],[-79.0448359175631,35.9253153924645,0],[-79.0447120773893,35.9254004582347,0],[-79.0446398424563,35.9254603137351,0],[-79.0445895412438,35.9255096646644,0],[-79.0445521411118,35.9255537626057,0],[-79.0445186156002,35.925603107379,0],[-79.0445134834954,35.9256566409362,0],[-79.0444631855992,35.9257143882993,0],[-79.0444322384237,35.9257574356399,0],[-79.0444077392343,35.9257941805544,0],[-79.0442877828981,35.925903385726,0],[-79.0441949109785,35.9259821423434,0],[-79.0441071873358,35.926036753965,0],[-79.0440620253582,35.9260483168032,0],[-79.0439910539877,35.926057789808,0],[-79.0438929737607,35.9260536259752,0],[-79.0436103451312,35.9260369325117,0],[-79.0434223942207,35.9260232655523,0],[-79.0432971499683,35.9260509852963,0],[-79.0430850594466,35.926115788851,0],[-79.0430257306208,35.926164085989,0]],[[-79.0430257306208,35.926164085989,0],[-79.0429335540384,35.9260654398717,0],[-79.0428095957106,35.9260234820401,0],[-79.0426959637472,35.9259787192366,0],[-79.0426339582659,35.9259087380176,0],[-79.0425464362976,35.9256539716705,0],[-79.04249607531,35.9255755717961,0],[-79.042413422354,35.9255195984039,0],[-79.0422667257957,35.925467703893,0],[-79.0422222843901,35.9254458231445,0],[-79.0421750161505,35.9254259631651,0],[-79.042125987694,35.9254092943695,0],[-79.0420762645471,35.925397028634,0],[-79.0420268956748,35.9253905004189,0],[-79.0419773658035,35.9253961253406,0],[-79.0419271545001,35.9254104137519,0]],[[-79.0430257306208,35.926164085989,0],[-79.0430004073988,35.9262404934104,0],[-79.0429674824388,35.9263149585006,0],[-79.0429271748662,35.9263869818576,0],[-79.0428797559013,35.9264560820861,0],[-79.0428255433176,35.9265217930957,0],[-79.042764901449,35.9265836767194,0],[-79.0426982378616,35.9266413155044,0],[-79.0426259967115,35.926694324432,0],[-79.0425486653913,35.9267423464089,0],[-79.0424667612371,35.9267850612851,0],[-79.0423808348503,35.9268221813465,0],[-79.0422914612351,35.9268534567262,0],[-79.0421992409081,35.9268786790095,0],[-79.0421047921396,35.9268976794342,0],[-79.0420087476291,35.926910328892,0],[-79.0419117533989,35.9269165433367,0],[-79.0412433173811,35.9270121589611,0],[-79.0411616363728,35.9270510477754,0],[-79.0410758852046,35.9270836288227,0],[-79.0409867973373,35.9271096206438,0],[-79.0408951361865,35.9271288030591,0],[-79.0408016884692,35.9271410099613,0],[-79.0407072520174,35.927146137431,0],[-79.0406126368845,35.9271441419342,0],[-79.0405186553707,35.9271350403256,0],[-79.0404261098326,35.9271189098521,0],[-79.0394959512496,35.9271748956556,0],[-79.0394271353405,35.9271673289824,0],[-79.0393600613253,35.9271527054518,0],[-79.0392958186382,35.9271312626583,0],[-79.0392354502218,35.9271033490731,0],[-79.0391799370093,35.927069416838,0],[-79.0391301813001,35.9270300190668,0],[-79.039086989021,35.9269857936266,0],[-79.0390510630759,35.9269374595347,0],[-79.0390229867165,35.9268858016408,0],[-79.0390032157803,35.9268316589124,0],[-79.0390147634149,35.9264596437762,0],[-79.0390108467976,35.9264219500598,0],[-79.0389994718524,35.9263852717848,0],[-79.0389809382512,35.9263505768471,0],[-79.0389557362384,35.9263187844104,0],[-79.0389245322092,35.9262907342678,0],[-79.0388881520784,35.9262671679194,0],[-79.0388475557831,35.9262487087531,0],[-79.0388038195457,35.9262358458273,0],[-79.0387580970821,35.9262289176603,0],[-79.0387115996547,35.9262281086317,0],[-79.0386655550683,35.9262334390813,0],[-79.0374314033265,35.926212132306,0],[-79.0373835794796,35.9262160793258,0],[-79.0373371591712,35.9262262322331,0],[-79.037293351237,35.926242327481,0],[-79.0372532979551,35.9262639447189,0],[-79.0372180418099,35.9262905212229,0],[-79.0371885011195,35.9263213645203,0],[-79.0371654456665,35.9263556722261,0],[-79.0371494767589,35.9263925491722,0],[-79.0371410095121,35.9264310353531,0],[-79.0371402651012,35.9264701275587,0],[-79.0371472630159,35.9265088091197,0],[-79.0371618199608,35.9265460706373,0],[-79.0371740627775,35.9265921754875,0],[-79.0371778798046,35.9266392409819,0],[-79.0371731863434,35.9266862549899,0],[-79.0371600849688,35.9267322035197,0],[-79.0371388577869,35.9267760986608,0],[-79.0371099620113,35.9268169939077,0],[-79.0370286006221,35.9269212320352,0],[-79.0369401772975,35.9270215930582,0],[-79.0368449678064,35.9271177605231,0],[-79.0367432756323,35.9272094314872,0],[-79.0366354186754,35.9272963165229,0],[-79.0365217370122,35.9273781433208,0],[-79.0364025895678,35.9274546521844,0],[-79.0362783519039,35.9275256032416,0],[-79.0361494140002,35.9275907728399,0],[-79.0360161846875,35.9276499553485,0],[-79.0358790805671,35.9277029649642,0],[-79.0357385370905,35.9277496330041,0],[-79.0355949941562,35.9277898142196,0],[-79.0354780170664,35.9277777546751,0],[-79.0353622783928,35.9277594270396,0],[-79.0352482824046,35.9277349122874,0],[-79.0351365311642,35.9277043184346,0],[-79.0350275123366,35.9276677778376,0],[-79.0349217047315,35.9276254516988,0],[-79.0348195727598,35.927577525561,0],[-79.0347215608927,35.9275242093089,0],[-79.034628101418,35.9274657353643,0],[-79.0345396022507,35.9274023613926,0],[-79.0344564524719,35.9273343648942,0],[-79.0342690790956,35.927267162848,0],[-79.0339780218342,35.9271765647056,0],[-79.0338296305818,35.9271445206449,0],[-79.0336793594043,35.9271189166916,0],[-79.0335276327152,35.9270998257275,0],[-79.0333748738099,35.927087300808,0],[-79.0332215148405,35.9270813769623,0],[-79.0331511479961,35.9270813960963,0],[-79.0330338652805,35.9270718894675,0],[-79.0327172222484,35.9270910525224,0],[-79.0324826733775,35.9271101920325,0],[-79.0322950276528,35.9271102418304,0],[-79.0320604824141,35.9271389198588,0],[-79.0320135828672,35.9271675483595,0],[-79.0318611392903,35.9272152822005,0],[-79.0317438602825,35.9272153127608,0]]]},"properties":{"FID":60,"FeatureTyp":"Paved Greenway","Label":"Bolin Creek Greenway","Fr_St":" ","To_St":" ","Notes":" ","Shape_Leng":8798.11755206,"GlobalID":"e877fc7c-3b83-4880-95d1-48cad9b3f892"}},{"type":"Feature","id":61,"geometry":{"type":"LineString","coordinates":[[-79.0517835651653,35.9598373468932,0],[-79.0529405747468,35.959954687579,0]]},"properties":{"FID":61,"FeatureTyp":"Paved Greenway","Label":"Timberlyne/Pitch Pine Connector","Fr_St":"Edisto Ct.","To_St":"Pitch Pine Ln.","Notes":" ","Shape_Leng":345.066843849,"GlobalID":"a579a257-dcee-46bd-8d74-3a1270273347"}},{"type":"Feature","id":62,"geometry":{"type":"LineString","coordinates":[[-79.0236613733498,35.907721323971,0],[-79.0228547160947,35.9075412863777,0],[-79.021439420316,35.9070856060825,0],[-79.01945279776,35.9062203806069,0],[-79.0166011020216,35.9050033929108,0],[-79.0121994120472,35.9031631530269,0],[-79.0093425597059,35.9019560831832,0],[-79.0087491498674,35.901744049059,0],[-79.008012941604,35.9015450985417,0],[-79.0076573783695,35.9015267122088,0],[-79.0073889141473,35.9014971911724,0],[-79.0072860368046,35.901468599829,0],[-79.0072064261485,35.901375165283,0],[-79.0065414921975,35.9013960634766,0],[-79.0065097699477,35.9012490928344,0],[-79.0063724383842,35.9012418130281,0],[-79.0060947924188,35.9012612593714,0],[-79.005873868654,35.9012709862872,0],[-79.0056708570428,35.9012709958944,0],[-79.0055663673146,35.9012855748233,0],[-79.0053364911475,35.9013584556748,0]]},"properties":{"FID":62,"FeatureTyp":"Paved Greenway","Label":"NC 54 East","Fr_St":"Hamilton Road","To_St":"Barbee Chapel Road","Notes":" ","Shape_Leng":6024.22392831,"GlobalID":"e1371492-c003-4880-82b7-e1a95bb86663"}},{"type":"Feature","id":63,"geometry":{"type":"LineString","coordinates":[[-79.0666370349851,35.8781287541194,0],[-79.0668077141212,35.8780236496054,0],[-79.0669271889282,35.8779904590286,0],[-79.067077386661,35.8779849271794,0],[-79.0672412378512,35.8780347138555,0],[-79.0673334039766,35.8780845002468,0],[-79.067510910513,35.8781315200992,0],[-79.0676133176973,35.878120456533,0],[-79.0677191385563,35.878092797802,0],[-79.0678966436062,35.8780402453734,0],[-79.067992224423,35.8780347139462,0],[-79.0682072789844,35.8780347137519,0],[-79.0683335811645,35.8780596067419,0],[-79.0684769516407,35.8781066271837,0],[-79.0685418093111,35.8780817343276,0],[-79.0687124877895,35.8780374793366,0],[-79.0688319630599,35.8779849275775,0],[-79.0688558579863,35.8778604615995,0],[-79.0688865799209,35.8775783384589,0],[-79.0689241302108,35.8772325975906,0],[-79.068879753715,35.8770472800677,0],[-79.0687193156084,35.8768647273972,0],[-79.0685964261462,35.8767485577062,0],[-79.0685691176542,35.8766351535014,0],[-79.0685835051683,35.8764663391925,0]]},"properties":{"FID":63,"FeatureTyp":"Paved Greenway","Label":"Southern Community Park","Fr_St":" ","To_St":" ","Notes":" ","Shape_Leng":1280.82878563,"GlobalID":"61fe49ec-0b9e-4164-8038-1bb6b5440ad7"}},{"type":"Feature","id":64,"geometry":{"type":"LineString","coordinates":[[-79.0295698826842,35.9057044198962,0],[-79.0296168522004,35.9058951849046,0],[-79.0296755382095,35.9060668691242,0],[-79.0297694034351,35.9062480841309,0],[-79.0298749794059,35.9063911403743,0],[-79.0300274664249,35.9065628022917,0],[-79.0302268459932,35.9067153735947,0],[-79.0304496800253,35.9068774781147,0],[-79.0304965899568,35.9069060828026,0]]},"properties":{"FID":64,"FeatureTyp":"Paved Greenway","Label":"Christopher Road Connector","Fr_St":" ","To_St":" ","Notes":" ","Shape_Leng":532.048219707,"GlobalID":"03390629-2619-4aa1-b457-cc1e2ebc9714"}},{"type":"Feature","id":65,"geometry":{"type":"LineString","coordinates":[[-79.0238194128643,35.9363165668293,0],[-79.0239928290899,35.9348558058563,0]]},"properties":{"FID":65,"FeatureTyp":"Paved Greenway","Label":"Fordham Sidepath","Fr_St":"Eastgate Crossing","To_St":"Eastgate Driveway","Notes":" ","Shape_Leng":534.209187263,"GlobalID":"47f047ba-a945-4462-8034-7833fc03a102"}},{"type":"Feature","id":66,"geometry":{"type":"LineString","coordinates":[[-79.0130647278976,35.9044785334446,0],[-79.0130652030464,35.9044778538098,0],[-79.0134028223838,35.9039943797742,0],[-79.0136121107962,35.9037295775237,0]]},"properties":{"FID":66,"FeatureTyp":"Paved Greenway","Label":"Bike Ped Tunnel Under NC 54 at Meadowmont","Fr_St":" ","To_St":" ","Notes":" ","Shape_Leng":317.291918347,"GlobalID":"5e6c0ade-2bcb-47c0-8617-ef2faee32c92"}},{"type":"Feature","id":67,"geometry":{"type":"LineString","coordinates":[[-79.0070543998494,35.9143562753542,0],[-79.0070955978697,35.9144635900361,0],[-79.0071117161262,35.9145592676584,0],[-79.0071656391884,35.9146897278883,0],[-79.0071902576904,35.9147827876134,0],[-79.0072389531566,35.9149081341242,0],[-79.0073143727611,35.9149807402649,0],[-79.0075016108745,35.9150110288442,0],[-79.00760677343,35.915014623933,0],[-79.0077213202152,35.9150148952397,0],[-79.0078384375528,35.9150042947772,0],[-79.0079734174068,35.9149467821043,0],[-79.0080227796265,35.9149003122772,0],[-79.0080812152021,35.9148008299852,0],[-79.0081451922621,35.914751948156,0],[-79.0083158390378,35.9147463963446,0],[-79.0084787355878,35.9147201987219,0],[-79.0086590180641,35.9146919203465,0],[-79.0088089524472,35.9146775581908,0],[-79.008941093756,35.9146518560801,0],[-79.0091092636078,35.9146334021116,0],[-79.0092119889587,35.9146046942567,0],[-79.0093095345276,35.9145378995127,0],[-79.0093037084324,35.9144670919092,0],[-79.009267560177,35.914343797513,0],[-79.0092456722817,35.9142175322319,0],[-79.0091685337095,35.9140810728775,0],[-79.0091410540722,35.9139245846363,0],[-79.0090824811373,35.9137312895352,0],[-79.0090194363464,35.9135440109126,0],[-79.0090237300059,35.9134479128931,0],[-79.0090221864448,35.9133471177163,0],[-79.0090039793337,35.9132563183036,0],[-79.0089565668473,35.9131265000662,0],[-79.0089480702464,35.9130087996656,0],[-79.008992079652,35.9129153584512,0],[-79.0089713845544,35.9127975597982,0],[-79.0089589712965,35.9126789944219,0],[-79.0089548808784,35.9125600453752,0],[-79.008959124386,35.9124411011193,0],[-79.0089716907457,35.9123225456089,0],[-79.008990072141,35.9121996859453,0],[-79.0090163154822,35.912077774764,0],[-79.0090503498642,35.9119571446458,0],[-79.0090920811166,35.9118381254681,0],[-79.0091490289177,35.9117126905615,0],[-79.0091988479141,35.9115852624792,0],[-79.0092414329141,35.9114561116282,0],[-79.0092766953467,35.9113255075123,0],[-79.0093045599387,35.9111937268431,0],[-79.0093249691452,35.9110610445273,0],[-79.0093378809337,35.9109277408768,0],[-79.0093432654596,35.9107940953,0],[-79.0093411139296,35.9106603899064,0],[-79.0093445978674,35.9105320360107,0],[-79.0093568321124,35.9104040365515,0],[-79.009377780108,35.9102767872008,0],[-79.0094073776007,35.9101506800261,0],[-79.0094455326407,35.9100261034899,0],[-79.0094921277976,35.9099034415486,0],[-79.009547017946,35.9097830718501,0],[-79.0096100369128,35.9096653666349,0],[-79.0096809875058,35.9095506882302,0],[-79.0097596525943,35.9094393890493,0],[-79.009845789569,35.9093318142966,0],[-79.0099391314499,35.9092282938553,0],[-79.0100387506636,35.9091446105074,0],[-79.010133305019,35.9090571248978,0],[-79.0102225773984,35.9089660407505,0],[-79.0103063606591,35.9088715680981,0],[-79.0103844609579,35.908773926886,0],[-79.0104566966416,35.9086733415648,0],[-79.0113726372904,35.9075463236638,0],[-79.0114365866623,35.9074739222599,0],[-79.0114776054081,35.9074182890341,0],[-79.0122558767712,35.9063064863644,0],[-79.012605612631,35.9058068325242,0],[-79.0126715024686,35.9057471845848,0],[-79.0127308917902,35.9056831767762,0],[-79.0127833452926,35.9056152778315,0],[-79.0128284808585,35.9055439817144,0],[-79.0128659684473,35.9054698112243,0],[-79.0128955345258,35.9053933071795,0],[-79.0129169631742,35.9053150284172,0],[-79.0129300971933,35.9052355472867,0],[-79.0129208734169,35.9051392150278,0],[-79.012919152997,35.9050426007633,0],[-79.0129249459394,35.9049460911525,0],[-79.0129382267987,35.9048500728563,0],[-79.0129589424343,35.9047549298341,0],[-79.01298701201,35.9046610433426,0],[-79.0130223203476,35.9045687883319,0],[-79.0130647278976,35.9044785334446,0]]},"properties":{"FID":67,"FeatureTyp":"Paved Greenway","Label":"Meadowmont Trail","Fr_St":"Meadowmont Trail Unpaved","To_St":"NC54 West Greenway","Notes":" ","Shape_Leng":4888.09223986,"GlobalID":"3a6842a0-5bac-4b3f-925b-9214ebcb66f8"}},{"type":"Feature","id":68,"geometry":{"type":"LineString","coordinates":[[-79.0047925518175,35.9024852878786,0],[-79.0049903706484,35.9024275972965,0],[-79.0051904428097,35.9023753060179,0],[-79.0053925467809,35.902328470824,0],[-79.0055964588275,35.9022871439909,0],[-79.0058019496776,35.9022513714874,0],[-79.0060115148165,35.9022154515239,0],[-79.0062226799575,35.9021863909549,0],[-79.0064351061702,35.9021642348556,0],[-79.0066484523095,35.9021490201917,0],[-79.0068623772306,35.9021407704116,0],[-79.0070765353568,35.9021394990521,0],[-79.0072905855426,35.9021452088361,0],[-79.0075041822095,35.9021578889697,0],[-79.0077169831016,35.9021775214509,0],[-79.0079286459602,35.9022040729576,0],[-79.0081388329559,35.9022375011566,0],[-79.0083472051485,35.9022777529015,0],[-79.0085534280257,35.9023247633309,0],[-79.0087571715029,35.9023784567692,0],[-79.0089581077069,35.9024387476285,0],[-79.0091559154072,35.9025055386056,0],[-79.0093502744761,35.9025787224841,0],[-79.0095408758591,35.9026581812333,0],[-79.0097274116045,35.9027437887121,0],[-79.0099095826171,35.9028354070631,0],[-79.0100870975509,35.9029328885152,0],[-79.0111463335209,35.9034530648676,0],[-79.0120831144868,35.9038769721248,0],[-79.0121775387825,35.9039082335135,0],[-79.0122682872821,35.9039460215478,0],[-79.0123546775407,35.9039900541965,0],[-79.0124360636593,35.904039999854,0],[-79.0125118362854,35.9040954854523,0],[-79.0125814259361,35.904156093756,0],[-79.0126443129696,35.9042213723743,0],[-79.0127536111585,35.9042992012927,0],[-79.0128681421159,35.9043718795033,0],[-79.0129875391055,35.9044391744941,0],[-79.0130652030464,35.9044778538098,0],[-79.0131114209873,35.9045008717817,0],[-79.0132393911098,35.9045567722075,0],[-79.0133710406354,35.904606699148,0],[-79.0135059485384,35.9046504913047,0],[-79.0136436838234,35.9046880099145,0],[-79.0137838055241,35.9047191333415,0],[-79.0139258660287,35.9047437642881,0],[-79.0140694099712,35.9047618216827,0],[-79.0142139797725,35.9047732496926,0],[-79.0143724740691,35.904810115217,0],[-79.0145288535475,35.9048525418369,0],[-79.0146828224302,35.9049004493797,0],[-79.0148340904745,35.9049537477589,0],[-79.0151007472321,35.9050522465705,0],[-79.015363833034,35.9051569092678,0],[-79.0156231329886,35.9052676484741,0],[-79.0158256145976,35.905394947867,0],[-79.0160327698286,35.9055171683546,0],[-79.0162444080912,35.9056341954734,0],[-79.0164603310377,35.9057459210712,0],[-79.0166803392091,35.9058522415028,0],[-79.0169042287126,35.9059530585331,0],[-79.0171317912208,35.9060482766322,0],[-79.0173628139731,35.9061378092852,0],[-79.0175970842062,35.9062215726825,0],[-79.0178343825076,35.9062994884244,0],[-79.018074490571,35.9063714853232,0],[-79.0183171834411,35.9064374957986,0],[-79.0185622372689,35.9064974576796,0],[-79.0186814596441,35.9065468679039,0],[-79.018769409141,35.9066040881194,0],[-79.019038241199,35.9067743136263,0]]},"properties":{"FID":68,"FeatureTyp":"Paved Greenway","Label":"NC 54 West","Fr_St":"Burning Tree Drive","To_St":"Town Boundary","Notes":" ","Shape_Leng":4669.01083982,"GlobalID":"2c0c7484-a798-421d-9675-5e3ce5435c46"}},{"type":"Feature","id":69,"geometry":{"type":"LineString","coordinates":[[-79.0646837368827,35.9176578075057,0],[-79.0644814433091,35.9176581723348,0],[-79.0643513395844,35.9175830292749,0],[-79.0642627498861,35.9174619934231,0],[-79.0642072495641,35.9173641711228,0],[-79.0641320686048,35.917257488536,0],[-79.0640689161663,35.9171575845766,0],[-79.0639915289805,35.9170445903425,0],[-79.0639196040631,35.9169451009899,0],[-79.0637833273278,35.9168253218093,0],[-79.0636753782016,35.9167324279213,0],[-79.0635425444862,35.9166236019795,0],[-79.0633934327925,35.9165236513453,0],[-79.0631519717651,35.9164200025443,0]]},"properties":{"FID":69,"FeatureTyp":"Paved Greenway","Label":"Bolin Creek/McMasters Connector","Fr_St":" ","To_St":" ","Notes":" ","Shape_Leng":672.208170828,"GlobalID":"e560a421-b3c0-46d1-acbf-6097a5de4f58"}},{"type":"Feature","id":70,"geometry":{"type":"MultiLineString","coordinates":[[[-79.0278777965819,35.9443896382507,0],[-79.0277132043926,35.9444045470372,0],[-79.0274961628436,35.9444689312029,0]],[[-79.0274961628436,35.9444689312029,0],[-79.0275301783858,35.9444347303415,0],[-79.0275887543255,35.9443645578857,0],[-79.0276399116341,35.9442906494241,0],[-79.0276832913885,35.944213521487,0],[-79.0277185900973,35.9441337149265,0],[-79.0277455596973,35.944051787705,0],[-79.0277640119862,35.9439683139935,0],[-79.0277738175112,35.9438838787635,0],[-79.0277749077832,35.9437990714772,0],[-79.0277672752755,35.9437144869892,0],[-79.0277509745295,35.9436307183353,0],[-79.0277261177174,35.9435483504251,0],[-79.027692880184,35.9434679609416,0],[-79.0276514937922,35.9433901122319,0],[-79.0275458269869,35.9431111295115,0],[-79.027431379804,35.9428822262294,0],[-79.0272817309708,35.9426175611147,0],[-79.0271496768607,35.9423457383224,0],[-79.0270176273203,35.9420882224717,0],[-79.0269031783166,35.9418450105913,0],[-79.0267975279948,35.9416017975516,0],[-79.0266742622104,35.9412942017147,0],[-79.0265862151235,35.9410724461732,0],[-79.0265017235433,35.9408863187781,0],[-79.0264255373793,35.9406978362385,0],[-79.0263577564087,35.9405072427983,0],[-79.0262984682153,35.9403147854064,0],[-79.0262477504067,35.9401207164199,0],[-79.0262056683958,35.9399252854936,0],[-79.0261722765124,35.9397287485914,0],[-79.026147618001,35.939531360777,0],[-79.0261317250223,35.9393333780157,0],[-79.0261246197615,35.9391350580762,0],[-79.0261263088872,35.9389366587281,0],[-79.0261367913097,35.9387384377414,0],[-79.0261367363303,35.9385686331729,0],[-79.0261542424656,35.9382967767749,0],[-79.0261310889012,35.9380564716307,0],[-79.0261081851031,35.9379506250024,0],[-79.0260799188139,35.9378084375472,0],[-79.0260507347948,35.9376519863989,0],[-79.0260117401552,35.9374673421513,0],[-79.0259894624352,35.9373773905622,0],[-79.0260014597048,35.9372745729098,0],[-79.026065644194,35.937160073264,0],[-79.0261345596129,35.9370349354953,0],[-79.0264436006133,35.9368468508958,0]],[[-79.0274961628436,35.9444689312029,0],[-79.0274957948992,35.9444690403421,0]],[[-79.0265400380701,35.9477922220905,0],[-79.0270432230132,35.9467548723231,0],[-79.0270527708812,35.9466590530946,0],[-79.027053474644,35.946562922173,0],[-79.0270453300798,35.9464670176299,0],[-79.0270283839532,35.9463718775239,0],[-79.0270027306876,35.9462780353946,0],[-79.0269685145799,35.9461860166574,0],[-79.0269259264745,35.9460963386042,0],[-79.0268752059767,35.9460095022914,0],[-79.0268166370192,35.9459259952453,0],[-79.0267505489683,35.9458462860539,0],[-79.0266976462904,35.9457926744272,0],[-79.0266515468006,35.9457350586581,0],[-79.0266127062291,35.9456740073693,0],[-79.0265815071586,35.9456101234478,0],[-79.0265582579151,35.945544037736,0],[-79.0265431870238,35.945476401822,0],[-79.026536445426,35.9454078835326,0],[-79.0265380987181,35.9453391597247,0],[-79.0265481293674,35.9452709081724,0],[-79.0265664389282,35.9452038030611,0],[-79.02659284804,35.9451385068752,0],[-79.0266270942101,35.9450756640901,0],[-79.0266688395703,35.9450158939602,0],[-79.0267176730933,35.9449597869138,0],[-79.0267731128082,35.9449078982438,0],[-79.0268346091223,35.9448607381931,0],[-79.0269015581225,35.9448187728535,0],[-79.0269732971391,35.9447824169568,0],[-79.0270491191533,35.9447520293653,0],[-79.0271420018896,35.9447134497022,0],[-79.0272305941269,35.9446686907702,0],[-79.0273142730484,35.9446180663668,0],[-79.0273924546492,35.9445619299394,0],[-79.0274645915194,35.9445006745841,0],[-79.0274961628436,35.9444689312029,0]]]},"properties":{"FID":70,"FeatureTyp":"Paved Greenway","Label":"Booker Creek Greenway","Fr_St":" ","To_St":" ","Notes":" ","Shape_Leng":4450.48797468,"GlobalID":"96d04f21-bed8-4c60-a770-355574e18aee"}},{"type":"Feature","id":71,"geometry":{"type":"LineString","coordinates":[[-79.0245348640626,35.9257381908327,0],[-79.024512887381,35.9255761950824,0],[-79.0244993732879,35.9254135883426,0],[-79.0244943461989,35.9252506608289,0],[-79.0244978139089,35.9250877063638,0],[-79.0245097698067,35.9249250187711,0],[-79.0245301939835,35.9247628882704,0],[-79.0245590488025,35.9246016086882,0],[-79.0245962822211,35.9244414684447,0],[-79.024641827793,35.9242827559613,0],[-79.0247055941927,35.9241583945515,0],[-79.0247620384841,35.9240317137452,0],[-79.0248110333533,35.9239029983886,0],[-79.0248524670037,35.9237725378298,0],[-79.0248862486962,35.9236406250167,0],[-79.0249123009921,35.9235075583012,0],[-79.0249305652919,35.9233736360298,0],[-79.0249410007279,35.9232391601494,0],[-79.0249435841628,35.9231044335028,0],[-79.0249383090806,35.922969758027,0],[-79.0249527853589,35.9227842308372,0],[-79.0249740918977,35.9225991402666,0],[-79.0250022098644,35.9224146521544,0],[-79.0250371137787,35.9222309323404,0],[-79.0250787704044,35.9220481457634,0],[-79.0251271442903,35.9218664573617,0],[-79.025182192229,35.9216860293703,0],[-79.0252438632584,35.921507024926,0],[-79.0252664972737,35.9214455985045,0],[-79.0253578924459,35.9209975220449,0],[-79.0253654633602,35.9209573504603,0],[-79.0253657763609,35.9209167099051,0],[-79.0253588272978,35.9208764638252,0],[-79.0253447616049,35.9208374666209,0],[-79.0253238776179,35.920800546522,0],[-79.0252966210268,35.9207664857608,0],[-79.0252635682505,35.920736007957,0],[-79.0252254219983,35.9207097609953,0]]},"properties":{"FID":71,"FeatureTyp":"Paved Greenway","Label":"Fordham Sidepath","Fr_St":"Ridgefield Drive","To_St":"Cleland Drive","Notes":" ","Shape_Leng":1872.80484101,"GlobalID":"6a5ebb8a-1904-45de-b02d-5b2ead91ac1c"}},{"type":"Feature","id":72,"geometry":{"type":"LineString","coordinates":[[-79.0588230408287,35.893098139205,0],[-79.0589083544509,35.8931840459341,0],[-79.0591194198133,35.8932176140218,0],[-79.0592156253366,35.8932955296592,0],[-79.0593168633569,35.893369102971,0],[-79.0594228379625,35.8934381177748,0],[-79.0595681514986,35.8934434142006,0],[-79.059655620125,35.8934940277064,0],[-79.0597805746271,35.8935142730224,0],[-79.0598930333958,35.893559824978,0],[-79.0601117033186,35.8935547638363,0],[-79.0603741083379,35.8936661135065,0],[-79.0609539420313,35.8940217059249,0],[-79.0610867485933,35.8940458648653,0],[-79.0612163499877,35.8940822416033,0],[-79.0613449179621,35.8941185330985,0],[-79.061536184737,35.8941115084149,0],[-79.0618048372291,35.8939647306329,0],[-79.0620672411165,35.8939242404281,0],[-79.0623421415816,35.8939697920915,0],[-79.0626170411698,35.8941266916764,0],[-79.0628731977877,35.8944404910314,0],[-79.0629231796089,35.8946530649504,0],[-79.0625858025339,35.8949820456229,0],[-79.0627232529148,35.8951794336052,0],[-79.0630356391949,35.8954831071276,0],[-79.0631293546059,35.8955286576411,0],[-79.063248061157,35.8956096363579,0],[-79.0632980438278,35.8957108606592,0],[-79.0634042549281,35.8958019619805,0],[-79.0635104660626,35.8958829406185,0],[-79.0636479162399,35.895999347698,0],[-79.0636978980874,35.8960803266473,0],[-79.063986884081,35.8960341321155,0],[-79.0642601927347,35.8962321617001,0],[-79.0644913583057,35.8960651436678,0],[-79.0646787906534,35.8959993481209,0],[-79.0647974972471,35.896034775927,0],[-79.0649161129611,35.8961664930758,0],[-79.0650904979194,35.8962483840129,0],[-79.0653930034552,35.8963596085517,0]]},"properties":{"FID":72,"FeatureTyp":"Paved Greenway","Label":"Morgan Greek Greenway","Fr_St":" ","To_St":" ","Notes":" ","Shape_Leng":2776.8488829,"GlobalID":"3d4aa14d-45a3-4e10-8266-33344db00bcd"}},{"type":"Feature","id":73,"geometry":{"type":"LineString","coordinates":[[-79.0701764860174,35.9687384673288,0],[-79.0701766953322,35.9687369260141,0],[-79.0701799083781,35.9686821072165,0],[-79.0701744203672,35.9686274087824,0],[-79.070160320803,35.9685737382517,0],[-79.0701378466327,35.9685219877557,0],[-79.0701073689265,35.9684730178025,0],[-79.0700693950818,35.9684276419541,0],[-79.0700245566146,35.9683866142157,0],[-79.0699735980613,35.968350616425,0],[-79.0699227622804,35.9683129475628,0],[-79.0698769554576,35.968271233545,0],[-79.0698366624768,35.9682259148274,0],[-79.0698023094904,35.9681774697534,0],[-79.0697742605919,35.9681264136536,0],[-79.0697528122605,35.9680732844294,0],[-79.0697381911467,35.9680186452567,0],[-79.0697314054241,35.9679667820668,0],[-79.0697332008152,35.9679146462943,0],[-79.0697435470676,35.9678631725871,0],[-79.0697622564836,35.9678132830635,0],[-79.0697889961046,35.9677658728845,0],[-79.069831441348,35.9677285309707,0],[-79.0698784144127,35.9676949619278,0],[-79.0699294100473,35.9676655274548,0],[-79.0699838819425,35.9676405442105,0],[-79.0700412427267,35.9676202793073,0],[-79.0701008761637,35.9676049521068,0],[-79.0701830862929,35.9675734446767,0],[-79.0702679050019,35.9675468972566,0],[-79.0703236710966,35.9675352530148,0],[-79.0703772327049,35.9675180824451,0],[-79.0704277662896,35.9674956519039,0],[-79.0704744927314,35.9674683052335,0],[-79.0705166939612,35.9674364646537,0],[-79.0705537173851,35.9674006199431,0],[-79.0705849947287,35.9673613239217,0],[-79.0706100431352,35.967319180733,0],[-79.070628478464,35.9672748395273,0],[-79.0706284095892,35.9671961457742,0],[-79.0706089233814,35.9670315781064,0]]},"properties":{"FID":73,"FeatureTyp":"Paved Greenway","Label":"Chapel Watch/Maywood Way Connector","Fr_St":" ","To_St":" ","Notes":" ","Shape_Leng":804.802782718,"GlobalID":"bdc0e34f-a2b2-447e-9db8-eb0445d8cc5c"}},{"type":"Feature","id":74,"geometry":{"type":"LineString","coordinates":[[-79.0559841207773,35.8918182373967,0],[-79.0560303030611,35.8918369444962,0],[-79.0560956658625,35.8918417580933,0],[-79.0561907377381,35.8915481182951,0],[-79.0562560992375,35.8915577456997,0],[-79.0563333447205,35.8915625599988,0],[-79.0564165326882,35.8915577455191,0],[-79.0565947928927,35.8915770005398,0],[-79.0567374007563,35.8915625593181,0],[-79.05686218228,35.8915673736975,0],[-79.0569750807781,35.8915625594058,0],[-79.0570345008598,35.891567373473,0],[-79.0571117463176,35.891567373387,0],[-79.0571652247959,35.8915625596834,0],[-79.0573731945502,35.8915770010714,0],[-79.0575930480567,35.8915770011273,0],[-79.0577475403774,35.8915433047542,0],[-79.0579971040344,35.8915721868885,0],[-79.058430869735,35.8915770010935,0],[-79.0586898316164,35.891620357742,0],[-79.0589537646527,35.8919380329808,0],[-79.0588289825131,35.8922268582099,0],[-79.0585954646251,35.8923251213386,0],[-79.0583403763195,35.8925088402203,0],[-79.0582060188499,35.8926288884377,0],[-79.0582169579641,35.8927515531519,0],[-79.0582823200069,35.8928815231172,0],[-79.058359565413,35.8929441010099,0],[-79.0584962309331,35.8930403746435,0],[-79.0586447817564,35.893064443075,0],[-79.0588230408287,35.893098139205,0]]},"properties":{"FID":74,"FeatureTyp":"Paved Greenway","Label":"Morgan Greek Greenway","Fr_St":" ","To_St":" ","Notes":" ","Shape_Leng":1660.86174616,"GlobalID":"91ba1a8a-45c4-4e50-84f3-32d5a54d00c7"}},{"type":"Feature","id":75,"geometry":{"type":"LineString","coordinates":[[-79.0350148644712,35.9321839198851,0],[-79.0347205683906,35.9321762365921,0],[-79.0346590581917,35.9321733113441,0],[-79.0345602720183,35.9321749743062,0],[-79.0344616250289,35.932170399282,0],[-79.0343637123668,35.9321596149456,0],[-79.0342671225403,35.9321426851258,0],[-79.0341724396396,35.9321197115082,0],[-79.0340802333626,35.9320908345402,0],[-79.0339910590113,35.9320562262201,0],[-79.0339054552774,35.9320160955053,0],[-79.0338239364826,35.9319706856104,0],[-79.0330419579959,35.9313310248577,0]]},"properties":{"FID":75,"FeatureTyp":"Paved Greenway","Label":"Library","Fr_St":" ","To_St":" ","Notes":" ","Shape_Leng":697.022731239,"GlobalID":"53d28780-42a9-448d-966e-1701f45aed82"}},{"type":"Feature","id":76,"geometry":{"type":"MultiLineString","coordinates":[[[-79.0683967242605,35.8736496160424,0],[-79.0682782956934,35.8737921262244,0],[-79.0681873059,35.8738215194375,0]],[[-79.0681873059,35.8738215194375,0],[-79.0681762563454,35.8738125386026,0]],[[-79.0681873059,35.8738215194375,0],[-79.0681812765935,35.8738234669446,0],[-79.0678791783902,35.8737888266634,0],[-79.0677887534342,35.8738290170183,0],[-79.0677174490416,35.873759682413,0],[-79.0676425800553,35.8737221265039,0],[-79.067403711945,35.8736527925946,0],[-79.067147017598,35.8735892364477,0],[-79.0669580622427,35.8735747922023,0],[-79.0668831935927,35.8736065703873,0],[-79.0668475411884,35.8736701263344,0],[-79.0660917197592,35.8755767900395,0],[-79.0660453715033,35.8756865654959,0],[-79.0660667632986,35.8757414538701,0],[-79.0661131104512,35.8757818977711,0],[-79.0662093706171,35.8758165641841,0],[-79.0664054572943,35.875868562565,0],[-79.0666942373669,35.8759494502803,0],[-79.0668332802062,35.8759783388072,0],[-79.0669010193053,35.875966782874,0],[-79.0669473668161,35.8759147840553,0]],[[-79.0701582570444,35.8746299130676,0],[-79.0700481921282,35.8746381206095,0],[-79.0698630375024,35.8746015775464,0],[-79.0696027291377,35.8744429138085,0],[-79.0693625073062,35.8743697521329,0],[-79.0691622088511,35.8741744031334,0],[-79.0688468798871,35.8740320575106,0],[-79.0686516629125,35.8739262918852,0],[-79.0682864040367,35.8739020640868,0],[-79.0681873059,35.8738215194375,0]]]},"properties":{"FID":76,"FeatureTyp":"Paved Greenway","Label":"Southern Community Park","Fr_St":" ","To_St":" ","Notes":" ","Shape_Leng":2301.62338051,"GlobalID":"bb491d6f-16c6-48a4-9f9d-10a0448106af"}},{"type":"Feature","id":77,"geometry":{"type":"LineString","coordinates":[[-79.0609376840886,35.8921212370183,0],[-79.0608931373315,35.8922461320194,0]]},"properties":{"FID":77,"FeatureTyp":"Paved Greenway","Label":"Fan Branch Trail","Fr_St":" ","To_St":" ","Notes":" ","Shape_Leng":47.3387362742,"GlobalID":"ce50bdd9-327e-4832-a4b9-9ab977e0e60d"}},{"type":"Feature","id":78,"geometry":{"type":"MultiLineString","coordinates":[[[-79.0581080878606,35.9535321532784,0],[-79.058256374235,35.9538497164751,0],[-79.0585806706718,35.9538381645125,0],[-79.0594274145655,35.9537656549303,0],[-79.0600433822613,35.9538368933193,0],[-79.0605714706432,35.9540512517506,0],[-79.0610408846469,35.9542417909466,0],[-79.0613930559936,35.9545277742667,0],[-79.0615691966225,35.9547423056986,0],[-79.0618626209318,35.9549090831311,0],[-79.0619506647129,35.9549805782234,0],[-79.0621268836769,35.9552922252498,0],[-79.0621337567086,35.9552996393515,0]],[[-79.0611496562901,35.9543163667863,0],[-79.0613181515944,35.9542961339807,0],[-79.0615212569961,35.9541670817934,0],[-79.0617837830457,35.953969494985,0],[-79.0618877611388,35.9538364626339,0],[-79.0620562583545,35.9538202584649,0],[-79.0623041126909,35.9538805771385,0],[-79.0624874751975,35.9538603351275,0],[-79.0626659377965,35.9539126292412,0],[-79.0628940279723,35.9540495213014,0]],[[-79.061635754793,35.9552001435375,0],[-79.0621398265008,35.9553061868226,0]],[[-79.0621337567086,35.9552996393515,0],[-79.0614480892771,35.955136225059,0],[-79.0613424479634,35.9550647384514,0],[-79.0612661614638,35.9550266225328,0],[-79.061166412053,35.9549885174216,0],[-79.0611018860794,35.9549885497311,0],[-79.0609904294281,35.9549838367448,0],[-79.0608378976395,35.9549600656671,0],[-79.0607557703136,35.9549553378484,0],[-79.0606501871926,35.954960159058,0],[-79.0605739369135,35.954969736144,0],[-79.0604860087393,35.9550508577993,0],[-79.0604039359912,35.9551176694473,0],[-79.0602925397702,35.9551940338525,0],[-79.0601986736019,35.9551797713233,0],[-79.0601048181226,35.9551798175634,0],[-79.0600109661897,35.9551846333453,0],[-79.0599230018061,35.9552180620562,0],[-79.0598761135186,35.9552705472249,0]],[[-79.0621337567086,35.9552996393515,0],[-79.0621398265008,35.9553061868226,0]],[[-79.0621398265008,35.9553061868226,0],[-79.0623222775713,35.9553445689046,0]],[[-79.0621398265008,35.9553061868226,0],[-79.06222861577,35.9554019656243,0]],[[-79.0623222775713,35.9553445689046,0],[-79.0621337567086,35.9552996393515,0]],[[-79.0623222775713,35.9553445689046,0],[-79.062405999985,35.9553930001044,0],[-79.0625301898621,35.9554277866604,0],[-79.062698000009,35.9554420004334,0],[-79.0629330004231,35.9554520000894,0],[-79.0631919998788,35.9554130000778,0],[-79.0634130004746,35.9553239995839,0],[-79.063546000353,35.9552450001467,0],[-79.0637053878894,35.9551274188829,0],[-79.0637899999076,35.9550650001705,0]]]},"properties":{"FID":78,"FeatureTyp":"Paved Greenway","Label":"Upper Booker Creek Trail","Fr_St":"NC 86","To_St":"Homestead Park","Notes":" ","Shape_Leng":3651.32297749,"GlobalID":"27688c68-474e-4282-af54-44d5b68e473c"}},{"type":"Feature","id":79,"geometry":{"type":"MultiLineString","coordinates":[[[-79.0653406998471,35.917461139811,0],[-79.0655644027459,35.9173063169667,0],[-79.065711296251,35.9173263513851,0],[-79.06576144192,35.9175203491804,0],[-79.0658280130705,35.9176383386104,0],[-79.0660689268202,35.9177076995985,0],[-79.0661225715586,35.917804243101,0],[-79.0661566167236,35.917857450054,0],[-79.0663055501588,35.9179085630963,0],[-79.0664708442179,35.917967137926,0],[-79.0665543801742,35.9180712881444,0],[-79.0664525697439,35.9182889328811,0]],[[-79.0661591551888,35.9178682778041,0],[-79.0661357854842,35.9180555888348,0],[-79.0660379287314,35.918197689488,0]],[[-79.0660159823954,35.918214160911,0],[-79.0659609708801,35.9182459281501,0],[-79.0658872304126,35.9182884760175,0],[-79.0658269585841,35.9183754245475,0],[-79.0657406581958,35.9184352750527,0],[-79.0656396164237,35.9185358514714,0],[-79.0655748629674,35.9186169366167,0],[-79.0654913309993,35.9186548207641,0],[-79.0654900302112,35.9186726203405,0],[-79.0654251198607,35.9187258580118,0],[-79.0653541464388,35.9188175889218,0],[-79.0652515485658,35.9189530993325,0],[-79.0651757441802,35.9190591039007,0],[-79.0650963520975,35.9191503695677,0],[-79.0650843571426,35.9192445744461,0],[-79.0650909367591,35.9193519401121,0],[-79.0650695627205,35.9194645995958,0],[-79.0650494308593,35.9195746671715,0],[-79.0649685824023,35.919663472965,0],[-79.0648741932735,35.9197629915414,0],[-79.0647397282556,35.9198624510917,0],[-79.0645950374649,35.9199613715179,0],[-79.0644759563802,35.9200323604788,0],[-79.0643516227202,35.9200933179205,0],[-79.0642534923885,35.9201729796348,0],[-79.0641373081274,35.9202005934853,0],[-79.0640011666469,35.9201958880698,0],[-79.0638364794891,35.9201460324041,0],[-79.0636569708321,35.9201123959269,0],[-79.0635320473116,35.9202160591265,0],[-79.0634054536079,35.9203450757219,0],[-79.0632515260332,35.9205687157756,0],[-79.0630567977526,35.9207310567872,0],[-79.0629612877095,35.9208243870005,0],[-79.0627196980262,35.9209404131135,0],[-79.0624970125909,35.921076976889,0],[-79.0622193406712,35.921214306461,0],[-79.0619979429577,35.9213719176003,0],[-79.0618030748995,35.9215196015049,0],[-79.0614313324852,35.9217141075193,0],[-79.0613527875421,35.9219099227422,0],[-79.0612144285164,35.9220399478433,0],[-79.0609837781229,35.92220718941,0],[-79.060693667345,35.9222563322563,0],[-79.0604351949101,35.9223260119721,0],[-79.060087423806,35.9224275681177,0],[-79.0598855221075,35.9225272122261,0],[-79.0594028636638,35.9227786996092,0],[-79.0590931513886,35.9228916330987,0],[-79.0589370472756,35.9229815662761,0],[-79.0587543079811,35.923032173088,0],[-79.0585761992222,35.9231241280894,0],[-79.0584858412746,35.9232216937523,0],[-79.0583249778124,35.9234804948349,0],[-79.0581965830925,35.9236045802268,0],[-79.0580180394046,35.9237554587969,0],[-79.0577759145706,35.9239974938981,0],[-79.0575222430815,35.9241852244015,0],[-79.0573291712432,35.9242665790153,0],[-79.0572261154786,35.9243429547349,0],[-79.0571136482568,35.9244394923069,0],[-79.0569668482997,35.9245359421527,0],[-79.0568114570519,35.9246374079375,0],[-79.0567379627345,35.9247095234536,0],[-79.0566088594781,35.9248234191712,0],[-79.0564886933762,35.9249096786121,0],[-79.0563911589603,35.9249862547453,0],[-79.0562662763637,35.925044042331,0],[-79.0561730169432,35.9251114501134,0],[-79.0560904902279,35.9251624384501,0],[-79.055944959418,35.9252518671473,0],[-79.0557970388843,35.925289544228,0],[-79.0557253639877,35.925320329264,0],[-79.0556144727513,35.9253252756967,0],[-79.0554697591622,35.9253489393394,0],[-79.0554015021614,35.9254791718502,0],[-79.0553829438786,35.9255606296676,0],[-79.0554036440957,35.9256680279454,0],[-79.0554057802435,35.9257144086665,0],[-79.0553402562474,35.9257568696966,0],[-79.0552284276679,35.9257742532118,0],[-79.0551466906265,35.9257762009236,0],[-79.0550459824868,35.9257780724165,0],[-79.0548617886686,35.9257949321119,0],[-79.054665856162,35.9257950200294,0],[-79.0543764992043,35.9257953971493,0],[-79.0539615382192,35.9256737988584,0]],[[-79.0541059753549,35.9259686125268,0],[-79.054294801398,35.9259513265001,0],[-79.0546089949052,35.9259044945876,0],[-79.05486580208,35.9258859478701,0],[-79.0551633834787,35.9258477230811,0],[-79.0554247104917,35.9258132003436,0],[-79.0555379779645,35.9257627708091,0],[-79.0554125578518,35.9257149067111,0]]]},"properties":{"FID":79,"FeatureTyp":"Paved Greenway","Label":"Bolin Creek/Tanyard Branch Trail","Fr_St":" ","To_St":" ","Notes":" ","Shape_Leng":6078.35092101,"GlobalID":"a46a6e30-6734-4919-93ae-37fe876e4b43"}},{"type":"Feature","id":80,"geometry":{"type":"LineString","coordinates":[[-79.0242204962371,35.9326141805601,0],[-79.0250780345573,35.9326718975812,0],[-79.0252790991209,35.9330074948964,0],[-79.0254192587016,35.9331680684964,0],[-79.0256778554825,35.93332711641,0],[-79.0259341681042,35.9333895291855,0],[-79.0263333301918,35.9335089022821,0],[-79.0265323904131,35.9337494635082,0],[-79.0265520870912,35.9339957083496,0],[-79.0265304971166,35.9343450098948,0],[-79.0265272357761,35.9345378795876,0],[-79.0265715483405,35.9347485376874,0],[-79.0266712091212,35.9348783501581,0]]},"properties":{"FID":80,"FeatureTyp":"Paved Greenway","Label":"Booker Creek Greenway - Eastgate Connector","Fr_St":" ","To_St":" ","Notes":" ","Shape_Leng":1289.8136976,"GlobalID":"02f041b2-3d88-4c3b-b8d8-2ace7f590230"}},{"type":"Feature","id":81,"geometry":{"type":"MultiLineString","coordinates":[[[-79.0610759217459,35.8910379816968,0],[-79.0611943776118,35.8911430780976,0],[-79.0613655067396,35.891605201557,0],[-79.0613940286311,35.8917361366141,0],[-79.0614035362668,35.8918593687284,0],[-79.061403535795,35.891982601116,0],[-79.0612038854082,35.8920827269196,0],[-79.0609376840886,35.8921212370183,0],[-79.060761532297,35.8921189264978,0],[-79.0607050020852,35.8921886231236,0],[-79.0606420068453,35.8922545482532,0],[-79.0604810183742,35.8923110275813,0],[-79.0603197156726,35.8923831040023,0],[-79.0602151364333,35.8924139119322,0],[-79.0600630216975,35.892444719751,0],[-79.0597968205315,35.8924678257877,0],[-79.0596732265598,35.8925987590599,0],[-79.059663720159,35.8926911821163,0],[-79.0595781552156,35.8927604994307,0],[-79.059407025939,35.8927604990624,0],[-79.0591693458154,35.8927682008882,0],[-79.0589221584452,35.8927682015542,0],[-79.0588746233906,35.8929376435146,0],[-79.0588230408287,35.893098139205,0]],[[-79.0685835051683,35.8764663391925,0],[-79.0688000253126,35.8765016587264,0],[-79.0688834165907,35.8765257479505,0],[-79.0689634535823,35.8765564636727,0],[-79.0690393420036,35.8765935017048,0],[-79.0691103318113,35.8766364956446,0],[-79.0691757194181,35.8766850186765,0],[-79.0692348565589,35.8767385916781,0],[-79.069287158043,35.8767966832154,0],[-79.0693321061918,35.8768587185528,0],[-79.0693692552709,35.8769240823542,0],[-79.0693982381436,35.8769921276919,0],[-79.069418766275,35.877062180553,0],[-79.0694236203883,35.8771577179694,0],[-79.069436844215,35.8772527296585,0],[-79.0694583698117,35.8773467298481,0],[-79.0694880882633,35.8774392390971,0],[-79.069525847468,35.8775297851977,0],[-79.0695714543537,35.877617905879,0],[-79.0696246770949,35.8777031515092,0],[-79.0696478762701,35.8777700148427,0],[-79.0696652202194,35.8778380451106,0],[-79.0696766211444,35.8779069007676,0],[-79.0696820222551,35.8779762402498,0],[-79.0696813977649,35.8780457165669,0],[-79.069367230641,35.8799355756622,0],[-79.0693623257045,35.8800286236981,0],[-79.0693514012268,35.8801213317532,0],[-79.0693344879768,35.880213442934,0],[-79.0693116333364,35.8803047003371,0],[-79.0692829001965,35.8803948506546,0],[-79.0691952977642,35.8807526098099,0],[-79.0692304737095,35.8809561026602,0],[-79.0692730970242,35.881158650286,0],[-79.0693231299522,35.8813600715373,0],[-79.0693805269861,35.8815601888726,0],[-79.0694452370779,35.8817588229497,0],[-79.0695292910327,35.8818604683454,0],[-79.0696190306054,35.8819588413747,0],[-79.069714265131,35.8820537321285,0],[-79.0698147895488,35.8821449370153,0],[-79.0698703193604,35.8822009389053,0],[-79.0699189318836,35.8822610502116,0],[-79.0699601703211,35.8823247069827,0],[-79.0699936476168,35.8823913118779,0],[-79.0700190508902,35.8824602395724,0],[-79.0700361414442,35.8825308439671,0],[-79.0700447580927,35.8826024635949,0],[-79.0700448204867,35.8826744243221,0],[-79.0700363280205,35.8827460537702,0],[-79.0700193598294,35.8828166777105,0],[-79.069994075911,35.8828856344847,0],[-79.0699607138054,35.8829522777107,0],[-79.069919585279,35.8830159816929,0],[-79.0698710763309,35.8830761486326,0],[-79.0698156427684,35.8831322140389,0],[-79.0693940524894,35.8835760136403,0],[-79.0687088299297,35.8841487353994,0],[-79.0685694153965,35.884222542042,0],[-79.068434693591,35.8843019105884,0],[-79.0683049988136,35.8843866434793,0],[-79.068180652067,35.884476529644,0],[-79.0680619632733,35.8845713463013,0],[-79.0679492279501,35.8846708571591,0],[-79.0678427249976,35.8847748160201,0],[-79.0671723471647,35.8855288293026,0],[-79.0671144232765,35.8855952283341,0],[-79.0670600750631,35.8856635992422,0],[-79.0669624221154,35.8858486127472,0],[-79.0668688956072,35.8860350326488,0],[-79.0667795265244,35.8862227985512,0],[-79.0667461113011,35.8863091191671,0],[-79.0667049089515,35.886393181739,0],[-79.066656147233,35.8864745210586,0],[-79.0666000960086,35.8865526890181,0],[-79.0665370628152,35.8866272519094,0],[-79.0664673984081,35.8866977985332,0],[-79.0663914867934,35.8867639402044,0],[-79.0663097463342,35.8868253089495,0],[-79.066222630867,35.8868815683219,0],[-79.0661306197276,35.8869324061968,0],[-79.0660342221862,35.8869775410789,0],[-79.0659798863284,35.8869561697581,0],[-79.0659223604322,35.8869413256265,0],[-79.065862819885,35.8869333126884,0],[-79.0658024831537,35.8869322952234,0],[-79.0657425852016,35.8869382941963,0],[-79.0656843520139,35.8869511863691,0],[-79.0656289762368,35.8869707088212,0],[-79.0655775894899,35.8869964607659,0],[-79.0655312435491,35.8870279161791,0],[-79.0654908870936,35.8870644310211,0],[-79.0654573468886,35.8871052576674,0],[-79.0654313078622,35.8871495611424,0],[-79.0654133042559,35.8871964344458,0],[-79.0654037030273,35.887244919291,0],[-79.0654027016457,35.8872940223298,0],[-79.0654103203581,35.8873427394916,0],[-79.0653496498007,35.8874209570973,0],[-79.0652822119945,35.8874954144195,0],[-79.0652083555104,35.8875657236973,0],[-79.0651284654929,35.8876315196829,0],[-79.065042957015,35.8876924605469,0],[-79.0649522750794,35.8877482287795,0],[-79.0648568901906,35.8877985347988,0],[-79.0647572983547,35.8878431169505,0],[-79.0632640907965,35.888558222256,0],[-79.0631328846152,35.8886025679941,0],[-79.0630052864172,35.888653406568,0],[-79.0628817778405,35.8887105457614,0],[-79.0627628305402,35.888773769029,0],[-79.0626488962197,35.8888428346009,0],[-79.0625404066348,35.8889174808892,0],[-79.0624377747002,35.8889974246853,0],[-79.0623413900604,35.8890823620631,0],[-79.0622516190897,35.8891719692795,0],[-79.0620419072519,35.8892172092131,0],[-79.061922477979,35.889238710256,0],[-79.0617632383648,35.8892817131657,0],[-79.0617101591162,35.8893892194357,0],[-79.0616438091162,35.8895719800424,0],[-79.0616703489446,35.8898084928589,0],[-79.061619824167,35.8899794130295,0],[-79.0616198242691,35.8901334567723,0],[-79.0616108516238,35.8902224169628,0],[-79.0615645042998,35.8903466146903,0],[-79.0615324177088,35.8904621472226,0],[-79.0614881774973,35.8905900978016,0],[-79.0613957917077,35.8907083483705,0],[-79.0612961110113,35.8908226088276,0],[-79.0611893943557,35.890932582495,0],[-79.0610759217459,35.8910379816968,0],[-79.0608542553711,35.8911952871337,0],[-79.0606659589129,35.8913003329785,0],[-79.0602938755682,35.891207138195,0],[-79.0600820359122,35.8913279280263,0],[-79.0597618472522,35.8915307987629,0]]]},"properties":{"FID":81,"FeatureTyp":"Paved Greenway","Label":"Fan Branch Trail","Fr_St":" ","To_St":" ","Notes":" ","Shape_Leng":8584.8031208,"GlobalID":"329c800b-2e31-49c0-84a5-44c6827ffe71"}},{"type":"Feature","id":82,"geometry":{"type":"LineString","coordinates":[[-79.0368264794302,35.9303315435223,0],[-79.0366981414418,35.9305161577305,0],[-79.0366523805139,35.9305734632743,0],[-79.0366151268026,35.9306179371984,0],[-79.0365720673327,35.9306576999726,0],[-79.0364933986555,35.9307176813438,0],[-79.0361720832247,35.9309097846063,0],[-79.0361159453775,35.9309440928417,0],[-79.0358442393547,35.9311126729327,0],[-79.0360994029518,35.931252911486,0],[-79.0363369848399,35.9313834865333,0],[-79.0366640681414,35.9315632513215,0],[-79.0368558751984,35.9318270587131,0],[-79.0370460193465,35.9322196614296,0],[-79.0370174974269,35.9323890190183,0],[-79.0369794682163,35.9325660747315,0],[-79.036665730868,35.9327354317709,0],[-79.0361903716544,35.9327662239982,0],[-79.0357355715336,35.9326263120111,0]]},"properties":{"FID":82,"FeatureTyp":"Paved Greenway","Label":"Library","Fr_St":" ","To_St":" ","Notes":" ","Shape_Leng":1495.24955033,"GlobalID":"8928a24e-7968-4929-8fd5-c389b1643c31"}},{"type":"Feature","id":83,"geometry":{"type":"LineString","coordinates":[[-79.0172311808119,35.942256348658,0],[-79.0168077386659,35.9423302190201,0],[-79.0166675440618,35.9423859326902,0],[-79.0165105238285,35.9425196030309,0],[-79.0164570845565,35.9426440705693,0],[-79.0162903383464,35.9427536873424,0],[-79.0159402775359,35.9429764464078,0],[-79.0156374143932,35.9430736673827,0],[-79.0153505379036,35.9431613075647,0]]},"properties":{"FID":83,"FeatureTyp":"Paved Greenway","Label":"Fordham Sidepath","Fr_St":" ","To_St":" ","Notes":" ","Shape_Leng":671.807196808,"GlobalID":"e6123744-3753-4818-a87d-be7808595adf"}},{"type":"Feature","id":84,"geometry":{"type":"LineString","coordinates":[[-79.0242204962371,35.9326141805601,0],[-79.0242022667943,35.9330527094419,0],[-79.0240690344439,35.9341983476664,0]]},"properties":{"FID":84,"FeatureTyp":"Paved Greenway","Label":"Fordham Sidepath","Fr_St":"Elliott Road","To_St":"Mariakakis Plaza Driveway","Notes":" ","Shape_Leng":578.610020129,"GlobalID":"346413cb-30b0-4752-aea8-f19d4c29742c"}},{"type":"Feature","id":85,"geometry":{"type":"LineString","coordinates":[[-79.0708305140202,35.9517064315527,0],[-79.0692886031469,35.9516346400205,0]]},"properties":{"FID":85,"FeatureTyp":"Paved Greenway","Label":"Homestead Road","Fr_St":" ","To_St":" ","Notes":" ","Shape_Leng":457.117304829,"GlobalID":"7f2eb0f6-b2f0-4d33-90d5-bde9ae8778df"}},{"type":"Feature","id":86,"geometry":{"type":"LineString","coordinates":[[-79.0814902044948,35.9446290834947,0],[-79.0815456970244,35.9429902525522,0]]},"properties":{"FID":86,"FeatureTyp":"Paved Greenway","Label":"Chapel Hill High","Fr_St":" ","To_St":" ","Notes":" ","Shape_Leng":596.784530208,"GlobalID":"85aa4103-914d-4d4a-a951-2a04d950e5c6"}},{"type":"Feature","id":87,"geometry":{"type":"LineString","coordinates":[[-79.078291626182,35.9421443884921,0],[-79.0784469510581,35.9419106809653,0],[-79.0795858455418,35.9419070461144,0],[-79.0805532918783,35.9420493547452,0],[-79.0811118297009,35.9424823127935,0],[-79.0812176547271,35.9427937290613,0],[-79.081547954282,35.9429941779745,0]]},"properties":{"FID":87,"FeatureTyp":"Paved Greenway","Label":"Smith Middle","Fr_St":" ","To_St":" ","Notes":" ","Shape_Leng":1192.87747985,"GlobalID":"212a7092-8f61-4a76-b3c2-88dd52c9aa0e"}},{"type":"Feature","id":88,"geometry":{"type":"LineString","coordinates":[[-79.077470859613,35.9433564400099,0],[-79.0782477493813,35.9426387755017,0],[-79.0782789743668,35.942128345488,0]]},"properties":{"FID":88,"FeatureTyp":"Paved Greenway","Label":"Smith Middle","Fr_St":" ","To_St":" ","Notes":" ","Shape_Leng":534.072205758,"GlobalID":"5eef7278-0177-4f97-87ad-9067815bb2a0"}},{"type":"Feature","id":89,"geometry":{"type":"LineString","coordinates":[[-79.0632515233302,35.9215016698113,0],[-79.0632326446701,35.9213735716071,0],[-79.0631112337832,35.9212466107235,0],[-79.0628451824377,35.9212357188174,0],[-79.0625503320966,35.9210767125303,0]]},"properties":{"FID":89,"FeatureTyp":"Paved Greenway","Label":"Umstead Park Trail","Fr_St":" ","To_St":" ","Notes":" ","Shape_Leng":289.133649444,"GlobalID":"c7989265-e97b-47ee-8894-787977877e4b"}},{"type":"Feature","id":90,"geometry":{"type":"LineString","coordinates":[[-79.0707659842928,35.9697810649025,0],[-79.0706694598638,35.970111660883,0],[-79.0705857610293,35.9703478084233,0],[-79.0706055325184,35.9708147497283,0],[-79.0706770177703,35.9713708546357,0],[-79.0708320370956,35.9715019311423,0],[-79.0708256935895,35.9716278547746,0],[-79.0706902843155,35.9717800868021,0],[-79.0707357132456,35.9720633794502,0],[-79.0709553403538,35.9722626255506,0]]},"properties":{"FID":90,"FeatureTyp":"Paved Greenway","Label":"Carraway-Eubanks Park-and-Ride Lot Connector","Fr_St":"Eubanks Road","To_St":"Myrica Drive","Notes":" ","Shape_Leng":968.585065284,"GlobalID":"a3785d5a-4d25-4b8c-9d7b-d04540ba2873"}},{"type":"Feature","id":91,"geometry":{"type":"LineString","coordinates":[[-79.0708206796843,35.9723136811325,0],[-79.0707173580699,35.9722560274118,0],[-79.0704399037578,35.9723558740658,0],[-79.0701753033234,35.9723927536456,0],[-79.0698913063109,35.9723929165123,0],[-79.0697041229112,35.9723877762333,0]]},"properties":{"FID":91,"FeatureTyp":"Paved Greenway","Label":"Carraway-Eubanks Park-and-Ride Lot Connector","Fr_St":" ","To_St":" ","Notes":" ","Shape_Leng":345.760138196,"GlobalID":"ef6b61b7-8c1e-46bc-8efa-d5a2646021c5"}},{"type":"Feature","id":92,"geometry":{"type":"LineString","coordinates":[[-79.0812990956413,35.9471880866375,0],[-79.0811414434485,35.9471847738286,0],[-79.0808913057315,35.9471832300787,0],[-79.080512949997,35.9471851899411,0],[-79.080248101481,35.9471870731701,0],[-79.0799769437933,35.9471855422633,0],[-79.0797141962392,35.9471857141103,0],[-79.0794661617846,35.9471858758155,0],[-79.0792370239443,35.947163805232,0],[-79.078837573161,35.9470888583382,0],[-79.0785873592388,35.9470086876159,0],[-79.0783181987045,35.9468977629717,0],[-79.0779880395354,35.9467441465112,0],[-79.0777819605239,35.9466553998858,0],[-79.0775990115409,35.9465751842505,0],[-79.0773992587731,35.9465069427302,0],[-79.0772016335087,35.9464643385613,0],[-79.0769661703251,35.9464200472827,0],[-79.0767341498036,35.9464034221186,0],[-79.0764779630715,35.9463929007771,0],[-79.0761101066197,35.9463797771427,0],[-79.0757915205257,35.9463719637728,0]]},"properties":{"FID":92,"FeatureTyp":"Paved Greenway","Label":"High School Road","Fr_St":"Chapel Hill High School Driveway","To_St":"Seawell School Road","Notes":" ","Shape_Leng":1688.65030438,"GlobalID":"46a4f653-4c96-4e36-80f3-3a8efc2e4023"}},{"type":"Feature","id":93,"geometry":{"type":"LineString","coordinates":[[-79.0628756277466,35.9510427411291,0],[-79.0632404647979,35.9511405543839,0],[-79.0637733969292,35.9512202269317,0],[-79.0641445263661,35.9512509800736,0],[-79.0642777640498,35.95127670039,0],[-79.0644649193008,35.9512972331232,0],[-79.0647567619806,35.9513383433012,0],[-79.0650739842724,35.9513845964332,0],[-79.0653023938224,35.9514308962771,0],[-79.0654292748503,35.9514385650111,0],[-79.0655751945591,35.9514565404464,0],[-79.0657210807324,35.9514332501985,0],[-79.0660160832314,35.9514588814292,0],[-79.0663332791648,35.9514716042446,0],[-79.0667107524002,35.9514997675485,0],[-79.0669613435415,35.9515176831862,0],[-79.0670216069461,35.9515150715302,0],[-79.0671960543746,35.9515098175619,0]]},"properties":{"FID":93,"FeatureTyp":"Paved Greenway","Label":"Homestead Road","Fr_St":"Seymour Center","To_St":"Weaver Dairy Road Extension","Notes":" ","Shape_Leng":1296.98253674,"GlobalID":"8c4b8bab-72eb-4691-8859-5e417dd5674d"}},{"type":"Feature","id":94,"geometry":{"type":"LineString","coordinates":[[-79.073126632869,35.9519564446772,0],[-79.0731915299244,35.9524722053737,0]]},"properties":{"FID":94,"FeatureTyp":"Paved Greenway","Label":"Neighborhood Connector","Fr_St":"Homestead Road","To_St":"Valley View Drive","Notes":" ","Shape_Leng":188.725039868,"GlobalID":"622eab3c-4f2f-4feb-8af0-74a5ea14cf18"}},{"type":"Feature","id":95,"geometry":{"type":"LineString","coordinates":[[-79.0083132627527,35.9463364972548,0],[-79.0082276372697,35.9464216101403,0],[-79.0072983795074,35.9468265731762,0],[-79.0072571598085,35.9469606840673,0]]},"properties":{"FID":95,"FeatureTyp":"Paved Greenway","Label":"Fordham Boulevard Sidepath","Fr_St":"Service Road","To_St":"Wegmans/SECU Driveway","Notes":" ","Shape_Leng":402.415843228,"GlobalID":"f6bc9eeb-4e50-4e1b-8e38-84c0c8d5080e"}},{"type":"Feature","id":96,"geometry":{"type":"LineString","coordinates":[[-79.0571384170554,35.9659439165932,0],[-79.0568163058428,35.9660689857782,0],[-79.0566328717552,35.966028774577,0],[-79.0564940300128,35.9659603349866,0],[-79.0561659180586,35.9659697975142,0],[-79.0560140854544,35.9660420096458,0],[-79.0558397886156,35.9660613769555,0],[-79.0556613091333,35.9660171323876,0],[-79.0556216318688,35.965984913336,0],[-79.0555619939541,35.9657592796549,0]]},"properties":{"FID":96,"FeatureTyp":"Paved Greenway","Label":"Chapel Hill North Greenway","Fr_St":"Perkins Drive","To_St":"Old University Station Road","Notes":" ","Shape_Leng":566.999538741,"GlobalID":"b2b6f5cb-4eff-4dbd-b70e-e6059d775169"}},{"type":"Feature","id":97,"geometry":{"type":"MultiLineString","coordinates":[[[-79.0100598554943,35.9129819002294,0],[-79.0100123191108,35.9131340673465,0],[-79.0100091587142,35.9132191757449,0],[-79.010025022778,35.9133120202554,0],[-79.0095843515313,35.9133816893493,0],[-79.0093592595022,35.9134049180504,0],[-79.0091848921226,35.9134229843776,0],[-79.0090263770016,35.9134487869601,0],[-79.0089312668029,35.9134565307344,0],[-79.0085635052789,35.9134565571012,0],[-79.0081133156809,35.9134591673947,0],[-79.0079421157284,35.9134565991334,0],[-79.0078944319665,35.9134595936489,0]],[[-79.0078944319665,35.9134595936489,0],[-79.0078892535694,35.913393327568,0],[-79.0078710679409,35.9133394534233,0],[-79.007823013997,35.9132718489581,0],[-79.0077528863817,35.9132264296209,0],[-79.0076463969951,35.9131567152296,0],[-79.0075632844327,35.9131112965947,0]],[[-79.0078944319665,35.9134595936489,0],[-79.0078858320925,35.9134601331835,0],[-79.0078118661043,35.9134696025125,0],[-79.007734577335,35.9135020597104,0],[-79.0076739125427,35.9135493890969,0],[-79.0076323623626,35.9135994211636,0],[-79.0076041096161,35.9136474244582,0],[-79.0075791823187,35.9137008362506,0],[-79.0075725377884,35.9137468102629,0]],[[-79.0078944541534,35.9134598784588,0],[-79.0078944319665,35.9134595936489,0]]]},"properties":{"FID":97,"FeatureTyp":"Paved Greenway","Label":"Meadowmont Greenway Connector","Fr_St":"Meadowmont Lane","To_St":"Parkridge Avenue","Notes":" ","Shape_Leng":1081.76634753,"GlobalID":"81a1a1b4-39bf-46a4-95c2-557e557d0092"}},{"type":"Feature","id":98,"geometry":{"type":"MultiLineString","coordinates":[[[-79.032614847503,35.9595166869462,0],[-79.0326410534129,35.9594099766564,0],[-79.0326348506721,35.9592915573992,0],[-79.032624556992,35.9591998263201,0],[-79.0325444680617,35.9590030364781,0],[-79.0325157131984,35.9589163133406,0],[-79.03252594017,35.958842923362,0],[-79.0325320566575,35.9587478522251,0],[-79.0326263705169,35.9586127278051,0],[-79.0326529858858,35.9584776214291,0],[-79.0326591017623,35.9583842176531,0],[-79.0326631127713,35.9581573834408,0]],[[-79.032614847503,35.9595166869462,0],[-79.0326164782478,35.9595167279698,0],[-79.0329078415126,35.9596350697922,0],[-79.033100725147,35.9597367593504,0],[-79.0333059155985,35.9598301056425,0],[-79.0333941405347,35.9598517637863,0],[-79.0336013373717,35.9598366960197,0],[-79.0336896268925,35.9598322770189,0]],[[-79.03261442804,35.9595183958971,0],[-79.032614847503,35.9595166869462,0]],[[-79.0324338990513,35.9595284518696,0],[-79.0325508294102,35.9595150772084,0],[-79.032614847503,35.9595166869462,0]],[[-79.0336895501456,35.9598316677706,0],[-79.0336896268925,35.9598322770189,0]],[[-79.0336896268925,35.9598322770189,0],[-79.0337018599173,35.9598316643734,0],[-79.0338187786238,35.9597899349403,0],[-79.0338844018002,35.9597298730584,0],[-79.033925414613,35.9596864962825,0],[-79.033980794626,35.9596614620773,0]],[[-79.0336896268925,35.9598322770189,0],[-79.0337039588695,35.9599467481239,0],[-79.0337019483752,35.9600434864235,0],[-79.0336630164856,35.9601569141048,0],[-79.0336302387107,35.9602686717934,0],[-79.0335666852337,35.9603754339931,0],[-79.0335195201343,35.9604238162658,0],[-79.0335010862217,35.9604955402552,0],[-79.0335051974527,35.9605155539843,0]]]},"properties":{"FID":98,"FeatureTyp":"Paved Greenway","Label":"Cedar Falls Park Trail","Fr_St":" ","To_St":" ","Notes":" ","Shape_Leng":1284.06701757,"GlobalID":"b4f95769-a2ad-4bc5-b814-ee1092c0dc36"}},{"type":"Feature","id":99,"geometry":{"type":"LineString","coordinates":[[-79.0735544262596,35.9774203663955,0],[-79.073102350431,35.9774180313299,0],[-79.0727496727914,35.9774234540278,0],[-79.0725893941135,35.9774574285233,0],[-79.0724098443338,35.9774549286082,0],[-79.0723136471242,35.9774419557972,0],[-79.0718712263488,35.9774813072868,0],[-79.0714320649486,35.9775805958086,0],[-79.071377715941,35.9777578399969,0]]},"properties":{"FID":99,"FeatureTyp":"Paved Greenway","Label":"Municipal Services Center Trail","Fr_St":" ","To_St":" ","Notes":" ","Shape_Leng":702.181627266,"GlobalID":"b0dd3a60-fb23-44ad-b2af-474dc64dc3eb"}},{"type":"Feature","id":100,"geometry":{"type":"LineString","coordinates":[[-79.071925620728,35.8906017298708,0],[-79.0716366001467,35.8905968958614,0]]},"properties":{"FID":100,"FeatureTyp":"Paved Greenway","Label":"Neighborhood Connector","Fr_St":"Highgrove Drive","To_St":"Cobble Ridge Drive","Notes":" ","Shape_Leng":85.6261608697,"GlobalID":"27f820f1-9300-4835-8bc5-d3d1ebe31663"}},{"type":"Feature","id":101,"geometry":{"type":"MultiLineString","coordinates":[[[-79.0251892852775,35.9339228463032,0],[-79.0251378479861,35.9335926557432,0],[-79.0250187589644,35.9333213083488,0],[-79.0248763493639,35.9330860218845,0],[-79.0246826161921,35.9328886991713,0],[-79.0245729046704,35.9327501886034,0],[-79.0245192018812,35.9326344388217,0]],[[-79.0257796482778,35.9339417007059,0],[-79.0255929735055,35.9339398418641,0],[-79.0253829619039,35.9339284996597,0],[-79.0251892852775,35.9339228463032,0]],[[-79.0265466639828,35.9341154582828,0],[-79.026346739757,35.9341541229915,0],[-79.0263187633143,35.934231935114,0],[-79.0262418045578,35.9343666889608,0],[-79.0261368147378,35.9344122566213,0],[-79.0259524796453,35.9344350680708,0],[-79.0258941179211,35.9343534790327,0],[-79.0258497305562,35.9341902855671,0],[-79.0258193424852,35.9340232937616,0],[-79.0257703038312,35.9339075435983,0],[-79.025728260674,35.9337785086493,0],[-79.0256581984279,35.9335906502383,0],[-79.0256114756263,35.9334198664225,0],[-79.0255064093356,35.9332206291765,0]],[[-79.0263444045726,35.9341503281426,0],[-79.0263980239772,35.9339966016029,0],[-79.0263699701526,35.9338372001242,0],[-79.0262462486234,35.9336816154939,0],[-79.0259872172913,35.9336152508788,0],[-79.0258495427911,35.9336038940529,0],[-79.0256792132446,35.9336342928374,0]],[[-79.0251987200339,35.934243557548,0],[-79.0251892852775,35.9339228463032,0]]]},"properties":{"FID":101,"FeatureTyp":"Paved Greenway","Label":"Booker Creek Basin Park","Fr_St":" ","To_St":" ","Notes":" ","Shape_Leng":1866.09385613,"GlobalID":"50cb52b2-04bc-4e3d-b5eb-cfd091c02a97"}},{"type":"Feature","id":102,"geometry":{"type":"LineString","coordinates":[[-79.0419040996127,35.9363964899294,0],[-79.0422066610379,35.9364071228024,0],[-79.0423749908478,35.936406169496,0],[-79.0425411103702,35.9363855324617,0],[-79.042723731113,35.9363613112885,0]]},"properties":{"FID":102,"FeatureTyp":"Paved Greenway","Label":"Neighborhood Connector","Fr_St":"Curtis Road","To_St":"Estes Hills Elementary School","Notes":" ","Shape_Leng":244.007234118,"GlobalID":"81fe7f70-d9f6-4ebe-8ef0-7386f3af19fc"}},{"type":"Feature","id":103,"geometry":{"type":"LineString","coordinates":[[-79.0679490567859,35.9649307822258,0],[-79.0676131517821,35.9649981756718,0],[-79.067329973298,35.9650140613619,0]]},"properties":{"FID":103,"FeatureTyp":"Paved Greenway","Label":"Neighborhood Connector","Fr_St":"Old Larkspur Way","To_St":"Hunter Hill Road","Notes":" ","Shape_Leng":186.385842189,"GlobalID":"68cdaad4-a735-4845-83b4-c2186340270d"}},{"type":"Feature","id":104,"geometry":{"type":"LineString","coordinates":[[-79.0478376305594,35.9408993908748,0],[-79.0482265616973,35.9409283973608,0]]},"properties":{"FID":104,"FeatureTyp":"Paved Greenway","Label":"Neighborhood Connector","Fr_St":"Wellington Drive","To_St":"Huntington Drive","Notes":" ","Shape_Leng":115.613060667,"GlobalID":"5ffce80c-44e5-46a3-84f3-9e629f4e0a5d"}},{"type":"Feature","id":105,"geometry":{"type":"LineString","coordinates":[[-79.0491969998657,35.951116574735,0],[-79.0493733247708,35.9514112242193,0],[-79.0494692993433,35.951466655208,0],[-79.0495669224211,35.9515005419371,0],[-79.0496540993908,35.9514913151657,0],[-79.0498067024524,35.9514399858763,0],[-79.0499894757562,35.9514173131519,0],[-79.0501825929173,35.9514297942907,0],[-79.0504377068533,35.951417070212,0],[-79.0505856605283,35.9513571958441,0],[-79.050579841136,35.9512865849517,0]]},"properties":{"FID":105,"FeatureTyp":"Paved Greenway","Label":"North Forest Hills Park Trail","Fr_St":"Forbush Mountain Drive","To_St":"North Forest Hills Park Driveway","Notes":" ","Shape_Leng":522.827199591,"GlobalID":"30022d31-0351-4592-80e0-c15cbada886f"}},{"type":"Feature","id":106,"geometry":{"type":"LineString","coordinates":[[-79.0345489261075,35.9330138519821,0],[-79.034610117608,35.9330577475574,0],[-79.0346709648877,35.9331128255699,0],[-79.0347146029068,35.9331659093739,0],[-79.0347658710602,35.9332111731529,0],[-79.0348076552256,35.9332618951548,0],[-79.0348617903108,35.9333247549627,0],[-79.0348976588837,35.9333729081272,0],[-79.0349331346341,35.9334351495381,0],[-79.0349511814893,35.933502842456,0],[-79.0349694769048,35.933653067796,0],[-79.0349443004799,35.9337639352063,0],[-79.0348482107987,35.9338731717013,0],[-79.0346911296151,35.9340323932616,0],[-79.0345675756855,35.9341277961405,0]]},"properties":{"FID":106,"FeatureTyp":"Paved Greenway","Label":"Library","Fr_St":" ","To_St":" ","Notes":" ","Shape_Leng":487.222093254,"GlobalID":"b8eb6716-7d7b-4322-87d0-726d563f1dd2"}},{"type":"Feature","id":107,"geometry":{"type":"LineString","coordinates":[[-79.0261346258938,35.9129890852253,0],[-79.0243335339946,35.9129801553514,0]]},"properties":{"FID":107,"FeatureTyp":"Bike Lane","Label":"Brandon Road","Fr_St":"Flemington Road","To_St":"U.S. 15-501","Notes":" ","Shape_Leng":533.3466248,"GlobalID":"9dcd6fe1-6873-4451-aa22-cf794c77cbc3"}},{"type":"Feature","id":108,"geometry":{"type":"MultiLineString","coordinates":[[[-79.017250272385,35.9393949103142,0],[-79.0172467473688,35.9393973100548,0],[-79.0168374978934,35.9396526269198,0]],[[-79.0168324197299,35.9396585256819,0],[-79.01611891658,35.9401711945109,0],[-79.0156202484771,35.9405038949802,0],[-79.0152943647149,35.9407259228451,0],[-79.014868274788,35.9409825122194,0]]]},"properties":{"FID":108,"FeatureTyp":"Bike Lane","Label":"Legion Road","Fr_St":"Chapel Hill Memorial Cemetery","To_St":"Europa Drive","Notes":" ","Shape_Leng":909.63030728,"GlobalID":"72806a8d-8e31-4ed1-beeb-17425990aae8"}},{"type":"Feature","id":109,"geometry":{"type":"LineString","coordinates":[[-79.0394898967244,35.909540152908,0],[-79.039431484222,35.9091801047491,0],[-79.0395593119386,35.9085831102872,0],[-79.0395474791294,35.9082040970379,0],[-79.0393025513394,35.9075124679007,0],[-79.039512069451,35.9072470879048,0],[-79.0401060407818,35.9071900416632,0],[-79.0403039557453,35.907019418184,0],[-79.040292171673,35.9067446342883,0],[-79.0400125126877,35.9064794130124,0],[-79.0395931525282,35.9063374186407,0],[-79.0392669283278,35.9061101132705,0],[-79.0390921282557,35.9059111848288,0],[-79.0389870873588,35.905456396764,0],[-79.0389054049168,35.9051342569131,0],[-79.0385440971595,35.9045942710255,0],[-79.038241117808,35.9042437740808,0],[-79.0374024997295,35.9041113772716,0],[-79.0370064451813,35.9039598913255,0],[-79.0366452639679,35.9036567850838,0],[-79.0364122988979,35.9035810514632,0],[-79.0359115655271,35.9037328075087,0],[-79.0356553539637,35.9037613089129,0],[-79.0355618439665,35.9029938234287,0],[-79.0354800444701,35.9023684665386,0],[-79.0350838744716,35.901923234273,0],[-79.0345828364609,35.9013453735182,0],[-79.0343613689121,35.9009000890984,0],[-79.03407015555,35.9007580393084,0]]},"properties":{"FID":109,"FeatureTyp":"Sharrows","Label":"Laurel Hill Road","Fr_St":"Fern Lane","To_St":"Country Club Road","Notes":"Very steep from Fern Lane to Country Club Road","Shape_Leng":4464.05308045,"GlobalID":"5e070003-87ea-46ac-b5d2-90d3b60d5651"}},{"type":"Feature","id":110,"geometry":{"type":"MultiLineString","coordinates":[[[-79.0575957256352,35.9527817371308,0],[-79.0575899615583,35.9526948556163,0],[-79.057607356465,35.9525603868423,0],[-79.0576187425493,35.952455905873,0],[-79.0576313446068,35.9523731489912,0],[-79.0576570962533,35.952285246747,0],[-79.057680031622,35.9521622802781,0],[-79.0577102505736,35.9520716134542,0],[-79.0577465273982,35.9519702274284,0],[-79.0578577782733,35.9515903454094,0],[-79.0580110317979,35.9510197962634,0],[-79.0580447731943,35.9507510761229,0],[-79.0580939206853,35.9504205066355,0],[-79.0581207306634,35.9501429462569,0],[-79.0581553996657,35.9499042376005,0],[-79.0581833083522,35.9497320986934,0]],[[-79.0584169646426,35.9644493930131,0],[-79.0579018514065,35.9631206027073,0],[-79.0575784777612,35.9621192004994,0],[-79.0574955524625,35.9617326223157,0],[-79.0574212156922,35.9613591284519,0],[-79.0573459024785,35.9607946623754,0],[-79.0572934835115,35.9604060975139,0],[-79.057260612118,35.9600086917032,0],[-79.0572385707387,35.959562706819,0],[-79.0572394419524,35.9592967980733,0],[-79.0572391918051,35.9589440995338,0],[-79.057254638233,35.9587668389548,0],[-79.0572722631143,35.9585226549978,0],[-79.0573254380933,35.9582169577263,0],[-79.0574186122329,35.9578479369981,0],[-79.057489622754,35.9575964931749,0],[-79.0576072357512,35.9571840520097,0],[-79.0576414380622,35.9569762458971,0],[-79.0577055144586,35.9567266131199,0],[-79.0577357792084,35.9565039159318,0],[-79.0577756407336,35.9562506776539,0],[-79.0577866382025,35.9560752269125,0],[-79.0577953587997,35.9558256210903,0],[-79.0577973467816,35.9554964347207,0],[-79.0578187281009,35.9550167411686,0],[-79.0578118379783,35.9547140531652,0],[-79.0578097307075,35.9541507463653,0],[-79.0577561421787,35.9538722303829,0],[-79.0577137002052,35.9536280743055,0],[-79.0576824533838,35.9534833917181,0],[-79.0576534366017,35.953345943606,0],[-79.0576243516596,35.9531144415417,0],[-79.0576086439469,35.9529245348212,0],[-79.0575974283852,35.952794312009,0]]]},"properties":{"FID":110,"FeatureTyp":"Bike Lane","Label":"Martin Luther King Jr. Boulevard","Fr_St":"Westminster Drive","To_St":"Eubanks Road","Notes":" ","Shape_Leng":5430.47842304,"GlobalID":"8b4ec7ab-7669-4850-aa65-7ad603123cef"}},{"type":"Feature","id":111,"geometry":{"type":"LineString","coordinates":[[-79.0607723505451,35.9687660209423,0],[-79.0606216461026,35.9686014674532,0],[-79.0604432983627,35.9683947879517,0],[-79.0602722050066,35.9681840947834,0],[-79.0601085013898,35.9679695564512,0],[-79.0599523195392,35.9677513441629,0],[-79.0598037837185,35.9675296327346,0],[-79.0596630126437,35.9673045978856,0],[-79.0595301183787,35.9670764207453,0],[-79.0594052074384,35.9668452815435,0],[-79.0592883774693,35.9666113668222,0],[-79.0591797238955,35.9663748622222,0],[-79.0590793332709,35.9661359569924,0],[-79.0589305596951,35.965798413237,0],[-79.0587888835817,35.9654588577788,0],[-79.0586543459435,35.9651173888619,0],[-79.058526985575,35.9647741065332,0],[-79.0584383703869,35.9645196514312,0],[-79.0584202061412,35.9644674919628,0]]},"properties":{"FID":111,"FeatureTyp":"Bike Lane","Label":"Martin Luther King Jr. Boulevard","Fr_St":"Westminster Drive","To_St":"Eubanks Road","Notes":" ","Shape_Leng":1723.6629747,"GlobalID":"fc5803b1-5bbd-41b2-948a-d4a7d5159646"}},{"type":"Feature","id":112,"geometry":{"type":"LineString","coordinates":[[-79.0610369696127,35.9507681248131,0],[-79.0609571168083,35.9508868618202,0],[-79.0609676295359,35.9509999007892,0],[-79.0610302694795,35.9511016097349,0],[-79.0610773351351,35.951198353123,0],[-79.0610675396433,35.9512980622461,0],[-79.0610306852385,35.9514667443334,0],[-79.0610236921914,35.9515961837682,0],[-79.06103774968,35.9517996571772,0],[-79.0611456716416,35.9520285179698,0],[-79.0613057200262,35.9522403965352,0],[-79.0616882874721,35.9525397724246,0],[-79.0621265165196,35.9528984668302,0],[-79.0623386931306,35.953093360592,0],[-79.0625926076635,35.9533221453651,0],[-79.0628048722793,35.9536272568087,0],[-79.0629476140401,35.9539239252936,0],[-79.0630903590595,35.954223420017,0]]},"properties":{"FID":112,"FeatureTyp":"Sharrows","Label":"Aquatic Drive","Fr_St":"Homestead Road","To_St":"Homestead Park","Notes":"Markings only on northbound side","Shape_Leng":1478.26645384,"GlobalID":"c9a1b5e5-a44c-4419-bbf3-8a653606e8a7"}},{"type":"Feature","id":113,"geometry":{"type":"MultiLineString","coordinates":[[[-79.0627164766904,35.9375468476913,0],[-79.0626044836873,35.9375984564901,0],[-79.0624413666069,35.9376645589175,0],[-79.0623225830173,35.9377566462338,0],[-79.0621741647575,35.9378431028247,0],[-79.0619801473005,35.9378999505576,0],[-79.0618032960248,35.9379555707414,0],[-79.0616339109813,35.9380140007371,0],[-79.0614426276885,35.93809083242,0],[-79.0612524368393,35.9381735487004,0],[-79.0610824221504,35.9382563663477,0],[-79.0609071162927,35.9383467617688,0],[-79.0607302136835,35.9384410269828,0],[-79.0605693361077,35.9385301610336,0],[-79.0604092767688,35.9386187068208,0],[-79.0602551033041,35.9387058326564,0],[-79.060135884137,35.9387675949032,0],[-79.0601023299978,35.9387849775522,0],[-79.0599182792251,35.9388658897257,0],[-79.059717846574,35.9389307386711,0],[-79.0595733526706,35.9389696333915,0],[-79.0595197050911,35.9389874195489,0],[-79.0595105767648,35.9389929678553,0],[-79.059511309281,35.938994373516,0],[-79.0595117036513,35.9389956252203,0],[-79.0595116864195,35.9389963048039,0],[-79.059511177088,35.9389969666016,0],[-79.0595103366755,35.9389980377479,0],[-79.059509864397,35.9389993493601,0],[-79.0595094094905,35.9390001715615,0],[-79.0595086063896,35.9390007397678,0]],[[-79.0627164766904,35.9375468476913,0],[-79.0627823738623,35.937627768036,0],[-79.0628941704768,35.9377054182412,0],[-79.0629109809438,35.9377679855107,0],[-79.0629333175743,35.9378294106921,0],[-79.0629531123496,35.9378929281806,0],[-79.062977468091,35.9379526019972,0],[-79.0629812303338,35.938014597352,0],[-79.0629797819811,35.9380787575975,0],[-79.0629532827392,35.9381412705804,0],[-79.0629199545863,35.9381986433931,0],[-79.0628785587227,35.9382555039102,0],[-79.0628388976778,35.9383100273658,0],[-79.0628052998867,35.9383671794653,0],[-79.0627657517338,35.9384216388448,0],[-79.0627286449128,35.9384787052996,0],[-79.0626995757755,35.9385362452991,0],[-79.0626951539598,35.9385508872823,0],[-79.0626947343609,35.9385614506587,0],[-79.0626923192544,35.9385784124418,0],[-79.062689047726,35.9385943246577,0],[-79.0626843785193,35.9386429184959,0],[-79.062651495483,35.9387245402984,0],[-79.0626236637231,35.9388143594666,0],[-79.0625683742855,35.9389034743715,0],[-79.0625555468024,35.9389821404314,0],[-79.0625371870327,35.9390598818912,0],[-79.062500024607,35.9391917295049,0],[-79.0624812096191,35.9392986226151,0],[-79.0624655228466,35.9394149082974,0],[-79.0624640093057,35.9395285909962,0],[-79.0624714128215,35.9396560562094,0],[-79.0625085407138,35.9397726933841,0],[-79.0625514328399,35.9398761714129,0],[-79.0625846810589,35.9399975188982,0],[-79.0625977167971,35.9401057764409,0],[-79.0626203125568,35.9402178298267,0],[-79.0626425933613,35.9403409809858,0],[-79.0626674169339,35.94047439205,0],[-79.0626800538438,35.9405983259568,0],[-79.0627089111342,35.9407193791047,0],[-79.0627349113401,35.9408548219471,0],[-79.0627606496943,35.9410738931625,0],[-79.0627710351033,35.9411584263764,0],[-79.0628476457915,35.9413370276737,0],[-79.062924183106,35.9414125336926,0]],[[-79.0627164766904,35.9375468476913,0],[-79.0627596853649,35.9375269366298,0],[-79.0628882125422,35.9374624081338,0],[-79.0630103976438,35.9373847346979,0],[-79.0631422730138,35.9372698416948,0],[-79.0632670667078,35.9371528792384,0],[-79.0633824910535,35.9370265201156,0],[-79.063486981862,35.9368930517485,0],[-79.0635870430883,35.9367672889543,0],[-79.0636969227609,35.9366577208116,0],[-79.0638208614987,35.9365732048013,0],[-79.0639606701454,35.9364953805695,0],[-79.0641209154732,35.9364112012306,0],[-79.0642896183423,35.9363348512748,0],[-79.0644465001047,35.9362529138923,0],[-79.0646118157157,35.9361727050308,0],[-79.064784162777,35.9361185468306,0],[-79.0649433473172,35.9360898677732,0],[-79.0651111549961,35.9360665096575,0],[-79.0652731695945,35.9360457753729,0],[-79.0654335746228,35.9360397238229,0],[-79.0654911811567,35.9360453791953,0],[-79.0655982334586,35.9360558884871,0],[-79.0657544325088,35.9360755454963,0],[-79.0659007619329,35.9360985189901,0],[-79.0660348017747,35.9361281081496,0],[-79.066146343305,35.9361528495761,0],[-79.0662693337392,35.9361781561059,0],[-79.0663470028091,35.9361912520827,0],[-79.0665237837275,35.9362658515412,0],[-79.0666928235776,35.9363161191221,0],[-79.0668510664213,35.9363551009662,0],[-79.0670131320443,35.9364116945014,0],[-79.067149140303,35.9364576479575,0],[-79.067229611321,35.9364984908796,0],[-79.0673102512192,35.9365503772141,0],[-79.067366480599,35.9365825088812,0],[-79.0674428135402,35.9366684213621,0],[-79.0674468760863,35.9366679711742,0],[-79.0675304798802,35.9367504104983,0],[-79.0676124285114,35.9368280666099,0],[-79.0677090911307,35.9369035315688,0],[-79.0677966984393,35.9369739884809,0],[-79.0678910669571,35.93700558858,0],[-79.0679570577941,35.9370315172418,0],[-79.0679800702627,35.9370502062812,0],[-79.0680179590839,35.9370675134554,0],[-79.0680212486075,35.9370690167835,0],[-79.0680611131571,35.9370872268412,0],[-79.0680686045548,35.9370905123874,0],[-79.0680690624478,35.9370907194297,0],[-79.0680690525409,35.9370907996504,0],[-79.0680883360123,35.9371006616713,0],[-79.068104287882,35.9371090618464,0],[-79.0681216975833,35.9371179875615,0],[-79.0681362580368,35.9371270671833,0],[-79.0681505530138,35.9371367472134,0],[-79.0681648608284,35.9371471888281,0],[-79.0681808289886,35.9371577980558,0],[-79.0681969734103,35.9371658321856,0],[-79.0682124760168,35.9371697829083,0],[-79.0682269638089,35.9371767904846,0],[-79.0682415163133,35.9371843063529,0],[-79.0682552698106,35.9371892702013,0],[-79.0682650389022,35.9372006138335,0],[-79.0682744448714,35.9372124191304,0],[-79.0682791492281,35.9372238737494,0],[-79.0682810251799,35.9372326152526,0],[-79.0683022193431,35.9372594574521,0],[-79.0683153402584,35.9372673111963,0],[-79.0683315465164,35.9372684882281,0],[-79.0683442762313,35.9372724359797,0],[-79.068345268402,35.9372727436668,0],[-79.0683565084511,35.9372804533514,0],[-79.068367863494,35.9372865361346,0],[-79.0683781569475,35.9372927853497,0],[-79.0683881863324,35.9373026056388,0],[-79.0683969938064,35.9373143472694,0],[-79.0684030926166,35.9373273621431,0],[-79.0684088833553,35.9373404105369,0],[-79.0684175833364,35.9373534636089,0],[-79.068427212592,35.9373645297073,0],[-79.068438390101,35.9373729604543,0],[-79.068446956775,35.937385634154,0],[-79.0684457868306,35.9374017923079,0],[-79.068446840064,35.937416602682,0],[-79.0684549400086,35.9374291008903,0],[-79.0684649094778,35.9374388094458,0],[-79.0684734443083,35.9374492064925,0],[-79.0684776328293,35.9374639601282,0],[-79.0684804538594,35.937480171022,0],[-79.0684856127174,35.9374956163067,0],[-79.0684902064948,35.9375112286476,0],[-79.0684924853107,35.9375218986897,0],[-79.0684968835751,35.9375317464635,0],[-79.0685029481461,35.9375435554191,0],[-79.0685097571523,35.9375575838435,0],[-79.0685182195846,35.9375714527117,0],[-79.068526525312,35.9375821923745,0],[-79.0685352635973,35.9375907037952,0],[-79.0685444111305,35.9375982506008,0],[-79.0685512379355,35.9376097328573,0],[-79.0685568310994,35.9376249859187,0],[-79.0685615919572,35.9376389496957,0],[-79.068567212527,35.9376499288052,0],[-79.0685741483308,35.9376605529671,0],[-79.0685793847656,35.9376720460294,0],[-79.0685868335082,35.9376824337632,0],[-79.0685945951815,35.9376958920291,0],[-79.0686014975843,35.9377102403545,0],[-79.0686090433839,35.9377239772405,0],[-79.0686150462269,35.9377374491116,0],[-79.0686212925347,35.9377478897941,0],[-79.0686279407167,35.9377578183153,0],[-79.0686301075327,35.9377722954823,0],[-79.0686319927597,35.9377866727638,0],[-79.0686369064991,35.9378005373087,0],[-79.0686420207973,35.9378130479971,0],[-79.0686477161689,35.9378233393729,0],[-79.0686525107663,35.9378365451382,0],[-79.0686590405654,35.9378493064907,0],[-79.0686657420989,35.937862006458,0],[-79.0686715200257,35.9378742301602,0],[-79.0686774943711,35.9378867475733,0],[-79.0686833610583,35.9379016868233,0],[-79.0686882249719,35.9379168907162,0],[-79.0686947128092,35.9379311202976,0],[-79.0687014640718,35.9379449387404,0],[-79.0687053996759,35.9379593464111,0],[-79.0687078621247,35.9379708671654,0],[-79.0687106395292,35.9379826238813,0],[-79.068716360751,35.9379959174485,0],[-79.06872721488,35.9380083978623,0],[-79.0687371928244,35.938021429459,0],[-79.0687530980953,35.9380450929834,0],[-79.0687728697241,35.9380760025318,0],[-79.0687743536377,35.9380889091242,0],[-79.0687742158661,35.9381041167319,0],[-79.0687770861102,35.9381311656449,0],[-79.0687754102675,35.9381687667625,0],[-79.0687791785253,35.9381831528929,0],[-79.0687863017545,35.938199038688,0],[-79.0687923127698,35.9382142211989,0],[-79.0687973407484,35.9382281226238,0],[-79.0688042009047,35.9382409207334,0],[-79.0688096667291,35.9382535997566,0],[-79.068810861142,35.9382675186637,0],[-79.0688076080415,35.9382815166878,0],[-79.0688064650996,35.9382941778049,0],[-79.0688071368232,35.9383059951895,0],[-79.0688078862293,35.9383192320679,0],[-79.0688100258406,35.9383329431442,0],[-79.0688141016555,35.9383466693523,0],[-79.0688181023733,35.9383620071156,0],[-79.0688160013057,35.9383714114973,0],[-79.0688129886647,35.9383814653241,0],[-79.0688156527391,35.9383954546042,0],[-79.0688154574889,35.9384095329216,0],[-79.0688161762181,35.938421883845,0],[-79.0688218578135,35.9384354397039,0],[-79.0688330747871,35.938445738771,0],[-79.0688457593564,35.938457582728,0],[-79.0688488207401,35.9384734942422,0],[-79.0688665328265,35.9384882636642,0],[-79.068870566428,35.9385031534635,0],[-79.0688715659089,35.9385275986871,0],[-79.068874303763,35.9385488063843,0],[-79.068880915974,35.9385619254886,0],[-79.0688919165827,35.938573204378,0],[-79.068900395746,35.938585697831,0],[-79.0689038194746,35.9385976155066,0],[-79.0689095079455,35.9386062106365,0],[-79.068915757496,35.9386216246369,0],[-79.0689190597894,35.9386392899297,0],[-79.0689213304532,35.9386584816949,0],[-79.0689289530434,35.938677615459,0],[-79.0689367768303,35.9386909519885,0],[-79.0689424854063,35.9387023131752,0],[-79.0689495376691,35.9387128759579,0],[-79.0689570471888,35.9387215881262,0],[-79.0689639396958,35.9387332559841,0],[-79.0689712889568,35.9387424846831,0],[-79.0689807500707,35.9387432661662,0],[-79.0689909823213,35.9387515477779,0],[-79.0690010495399,35.938763839337,0],[-79.0690080084589,35.9387766914544,0],[-79.0690115820003,35.9387901024849,0],[-79.0690133371079,35.9387934768369,0],[-79.0690171566852,35.9387939145087,0],[-79.0690266392782,35.9388133275163,0],[-79.0690302634479,35.9388224312355,0],[-79.0690377514697,35.9388331983598,0],[-79.0690462058173,35.9388477188246,0],[-79.0690554636445,35.9388544165077,0],[-79.0690631883816,35.9388685236902,0],[-79.069072246058,35.9388848121496,0],[-79.0690792706924,35.9388993144937,0],[-79.0690839158553,35.9389138758667,0],[-79.0690872349714,35.938929125677,0],[-79.069091850805,35.9389391986246,0],[-79.069102751952,35.9389921479531,0],[-79.0691026889817,35.9390169849332,0],[-79.0691037386417,35.9390378132311,0],[-79.0691045255128,35.9390546155998,0],[-79.0691031929233,35.9391240538043,0],[-79.0691067960581,35.9391409257802,0],[-79.0691101329075,35.9391561602566,0],[-79.0691108428333,35.9391698189565,0],[-79.0691102790254,35.9391844328472,0],[-79.0691108306711,35.939199628342,0],[-79.0691128099946,35.9392137387723,0],[-79.0691128600648,35.9392282081083,0],[-79.0691098245876,35.9392439464096,0],[-79.0691068720879,35.9392595161221,0],[-79.0691032228381,35.9392729357427,0],[-79.0690997536593,35.939285675686,0],[-79.069098197528,35.9392985443325,0],[-79.0691004306677,35.9393113756836,0],[-79.0691006948704,35.9393261152858,0],[-79.069097233712,35.9393404595265,0],[-79.0690949609856,35.9393538909853,0],[-79.0690915003534,35.9393688526113,0],[-79.0690931052517,35.9393831759582,0],[-79.06909347746,35.939394615864,0],[-79.0690887729179,35.93940653723,0],[-79.0690850575988,35.9394204697227,0],[-79.069087531052,35.9394317831594,0],[-79.069092016645,35.9394398634192,0],[-79.06908980947,35.9394508974001,0],[-79.0690865045112,35.9394664610012,0],[-79.0690781601806,35.939480862983,0],[-79.0690728785504,35.9394944872177,0],[-79.069071354796,35.9395102318715,0],[-79.0690678037808,35.9395270844604,0],[-79.0690644219824,35.939543524161,0],[-79.0690623781028,35.9395575936044,0],[-79.0690575826027,35.9395720332334,0],[-79.0690527968194,35.9395874687857,0],[-79.0690472104404,35.939602445131,0],[-79.069040644277,35.9396173805706,0],[-79.0690374915027,35.9396307755717,0],[-79.0690358424016,35.9396451097712,0],[-79.0690318148769,35.9396581654791,0],[-79.0690274799971,35.9396682182516,0],[-79.0690241274081,35.9396799495778,0],[-79.0690194194903,35.9396918430016,0],[-79.0690167411866,35.9397053774341,0],[-79.0690151901154,35.9397190040622,0],[-79.0690148606746,35.9397290572732,0],[-79.0690135094217,35.9397430614301,0],[-79.0690119748499,35.9397591359611,0],[-79.0690092902242,35.9397704649321,0],[-79.0690036997515,35.9397845661209,0],[-79.0690000402849,35.9398016404856,0],[-79.0689963897909,35.939817544065,0],[-79.0689929234448,35.9398310519028,0],[-79.0689910609084,35.9398446525686,0],[-79.0689887676937,35.9398574909836,0],[-79.0689898763086,35.9398682166473,0],[-79.0689887542121,35.9398819187404,0],[-79.0689858623751,35.9398984951563,0],[-79.0689791984082,35.9399105600275,0],[-79.0689708033131,35.9399226988811,0],[-79.068965255551,35.9399388135321,0],[-79.068961145782,35.9399529292035,0],[-79.068959207112,35.9399656403348,0],[-79.0689561860854,35.939978900965,0],[-79.0689541696895,35.9399914454008,0],[-79.068947422732,35.9400101690703,0],[-79.0689435713008,35.9400218141504,0],[-79.068941968391,35.9400344601984,0],[-79.0689396920048,35.9400449570425,0],[-79.0689363234831,35.9400549362597,0],[-79.0689363020303,35.9400687503915,0],[-79.068931232397,35.9401139594129,0],[-79.068925289685,35.9401283456039,0],[-79.0689182867975,35.9401420050495,0],[-79.0689102709911,35.9401544681492,0],[-79.068902145643,35.9401658488572,0],[-79.0688956092352,35.940179372844,0],[-79.0688902983414,35.9401886663704,0],[-79.0688865086331,35.9402012280281,0],[-79.0688846570605,35.9402134208643,0],[-79.0688839975752,35.9402250695481,0],[-79.0688799950001,35.9402440476308,0],[-79.0688754283699,35.9402618228053,0],[-79.0688754985795,35.9402765634135,0],[-79.0688742663713,35.9402937373464,0],[-79.0688687774457,35.9403087172297,0],[-79.0688644990282,35.9403213602782,0],[-79.0688603944723,35.9403351343512,0],[-79.0688556249779,35.9403502733566,0],[-79.0688509924002,35.9403661098854,0],[-79.0688480185768,35.9403801753389,0],[-79.0688444935935,35.9403925628955,0],[-79.0688407830106,35.9404056535652,0],[-79.0688371953326,35.9404212055965,0],[-79.0688355000775,35.9404360643675,0],[-79.0688331536435,35.9404476283785,0],[-79.0688285495245,35.9404604572751,0],[-79.0688270727619,35.9404754979837,0],[-79.0688250340249,35.940491775583,0],[-79.0688228053954,35.9405089212345,0],[-79.068821982321,35.9405250025676,0],[-79.0688237136735,35.9405381784946,0],[-79.0688234079755,35.9405514123514,0],[-79.068821285421,35.9405655800707,0],[-79.0688197760054,35.9405787244767,0],[-79.0688204138171,35.9405936405154,0],[-79.0688220841873,35.9406080863981,0],[-79.0688212531773,35.940621361109,0],[-79.068818859137,35.9406355947753,0],[-79.0688166012087,35.9406469802791,0],[-79.0688145332978,35.9406576455427,0],[-79.0688158247173,35.9406709046361,0],[-79.0688171519287,35.940684544956,0],[-79.0688215502655,35.9406994291313,0],[-79.068827058531,35.9407148904094,0],[-79.068830192612,35.940730175471,0],[-79.068832669322,35.9407453031769,0],[-79.0688345539152,35.9407588133959,0],[-79.0688340840021,35.9407718319352,0],[-79.0688348806323,35.9407858276631,0],[-79.0688394016979,35.9407990551917,0],[-79.068842514252,35.940813784167,0],[-79.0688448666973,35.9408274518479,0],[-79.068847008043,35.9408405121763,0],[-79.0688484367577,35.9408561992739,0],[-79.0688490745314,35.9408710621346,0],[-79.0688497029253,35.9408853229368,0],[-79.0688527301137,35.9408974183819,0],[-79.0688570193867,35.9409091580055,0],[-79.0688632150481,35.9409248658472,0],[-79.0688667954022,35.9409409825482,0],[-79.0688675646365,35.9409566348666,0],[-79.0688683577563,35.9409704043708,0],[-79.0688715086515,35.9409819932186,0],[-79.0688775359102,35.9409938688571,0],[-79.0688821040197,35.9410050558297,0],[-79.0688842250263,35.9410176474958,0],[-79.0688914130075,35.9410454537298,0],[-79.0688942782928,35.9410587317606,0],[-79.0688962866236,35.941071757913,0],[-79.0688994196261,35.9410857478138,0],[-79.0689008683505,35.9411001893114,0],[-79.0689009178664,35.9411153508304,0],[-79.0689095795361,35.9411517671814,0],[-79.0689112360345,35.9411629143364,0],[-79.0689146683307,35.9411769482306,0],[-79.0689224542032,35.9411897331788,0],[-79.068928143519,35.9411991016084,0],[-79.0689291562727,35.9412091774893,0],[-79.0689306129439,35.9412225329236,0],[-79.0689350061687,35.9412339678475,0],[-79.0689365479298,35.9412470267083,0],[-79.0689376284552,35.9412611854067,0],[-79.0689414633493,35.9412742303543,0],[-79.0689442566013,35.941286201549,0],[-79.0689493137053,35.9412976144661,0],[-79.0689546200798,35.9413127955469,0],[-79.0689592725365,35.9413279742929,0],[-79.068961992983,35.9413416408597,0],[-79.0689671188043,35.941353047428,0],[-79.0689712287417,35.9413662877992,0],[-79.068974774603,35.9413821990192,0],[-79.0689780220354,35.941396476364,0],[-79.0689756314743,35.9414095879179,0],[-79.0689760475033,35.9414230304629,0],[-79.068981112498,35.9414371769943,0],[-79.0689855859024,35.9414503306352,0],[-79.0689897211917,35.9414646949029,0],[-79.0689930928257,35.9414816382003,0],[-79.0689988621554,35.9414990028485,0],[-79.0690076515501,35.9415135898079,0],[-79.0690103037917,35.9415252456274,0],[-79.0690110626893,35.9415391395254,0],[-79.0690167771188,35.9415480248425,0],[-79.0690223873351,35.9415555781078,0],[-79.0690270552522,35.9415680673839,0],[-79.0690324851972,35.941581255632,0],[-79.0690391791557,35.9415911471378,0],[-79.0690437010763,35.9416013949811,0],[-79.0690453237456,35.9416118328341,0],[-79.0690494606862,35.9416255139183,0],[-79.0690551515936,35.9416431679222,0],[-79.0690648432772,35.9416565466342,0],[-79.0690745303826,35.9416710474571,0],[-79.0690837494581,35.9416825914032,0],[-79.0690910038276,35.941691987779,0],[-79.0690976214331,35.9417071825299,0],[-79.0691081728808,35.9417201840112,0],[-79.069120940412,35.9417311887749,0],[-79.0691347577905,35.9417424795537,0],[-79.0691454872253,35.94175493655,0],[-79.0691548043831,35.9417683911751,0],[-79.0691667382975,35.9417805049959,0],[-79.0691788308751,35.94179152005,0],[-79.0691887012974,35.9418013196174,0],[-79.0691991264745,35.9418117975428,0],[-79.0692073764909,35.9418267507167,0],[-79.0692165309637,35.9418391725476,0],[-79.069229060449,35.9418491346391,0],[-79.0692425385014,35.9418601822487,0],[-79.0692565373399,35.9418710682299,0],[-79.0692710880097,35.9418818060845,0],[-79.0692839350824,35.9418937445244,0],[-79.0692962968233,35.9419006567302,0],[-79.0693129471287,35.9419054331405,0],[-79.0693294590453,35.9419142582328,0],[-79.06934160702,35.9419239104846,0],[-79.0693525430453,35.9419329424331,0],[-79.0693651285874,35.9419371632453,0],[-79.069400292942,35.9419461165268,0],[-79.0694166669762,35.9419505334642,0],[-79.0694324849425,35.9419553211468,0],[-79.0694404718487,35.9419671271404,0],[-79.0694504207731,35.9419766436356,0],[-79.0694680228782,35.9419862314835,0],[-79.0695160348431,35.9420102226947,0],[-79.069531762126,35.9420152231211,0],[-79.0695499779633,35.9420167341257,0],[-79.0695674489382,35.9420194668035,0],[-79.0695833711776,35.9420256171612,0],[-79.0695989316721,35.9420299867692,0],[-79.0696131597309,35.942035401733,0],[-79.0696273702622,35.9420397685021,0],[-79.0696445576957,35.9420440028837,0],[-79.0696619006452,35.9420499225911,0],[-79.069678659578,35.9420546493181,0],[-79.0696947077355,35.9420589961032,0],[-79.0697056473258,35.9420656720391,0],[-79.0697130053358,35.9420730313966,0],[-79.0697269941368,35.9420760301187,0],[-79.0697435044342,35.9420841710746,0],[-79.0697644633867,35.9420881779613,0],[-79.0697886737375,35.9420877720604,0],[-79.0698086677019,35.942090934079,0],[-79.0698233390862,35.9420924614904,0],[-79.0698336336461,35.9420953072909,0],[-79.0698444173409,35.9420985619975,0],[-79.0698626945806,35.9420979954413,0],[-79.0698876476782,35.942093925342,0],[-79.0699122031685,35.9420889118121,0],[-79.0699351862436,35.9420842795236,0],[-79.0699543219095,35.9420818134387,0],[-79.0699739684475,35.9420818193031,0],[-79.0699904057754,35.9420837476586,0],[-79.0700040354339,35.9420866879708,0],[-79.0700196016223,35.9420886375517,0],[-79.0700367499705,35.9420873884372,0],[-79.0700539567334,35.9420857625467,0],[-79.0700644197189,35.9420885505483,0],[-79.0700722959398,35.9420927460502,0],[-79.0700891549276,35.942092678689,0],[-79.0701056314102,35.942093742667,0],[-79.0701142323138,35.9420977331566,0],[-79.0701251076016,35.9420992383772,0],[-79.0701446560827,35.942096087043,0],[-79.0701607856847,35.9420908097194,0],[-79.070195122079,35.9420753373209,0],[-79.0702345855125,35.942071154256,0],[-79.0702623562742,35.9420699494701,0],[-79.0702796822641,35.9420652419602,0]]]},"properties":{"FID":113,"FeatureTyp":"Unpaved Greenway","Label":"TM THE PUMPKIN LOOP TRAIL","Fr_St":" ","To_St":" ","Notes":" ","Shape_Leng":6701.66703181,"GlobalID":"d8604887-7402-4803-965a-ad1a9df97f9d"}},{"type":"Feature","id":114,"geometry":{"type":"LineString","coordinates":[[-79.0650990044573,35.9425402963011,0],[-79.0651093244277,35.9425486737165,0],[-79.0651462513425,35.9425719641369,0],[-79.0651892912838,35.9426095250467,0],[-79.0652344212294,35.9426507179329,0],[-79.0653047219807,35.942712514398,0],[-79.0653668792762,35.9428161495596,0],[-79.0654988927928,35.9428988570749,0],[-79.0655521932185,35.9429665470486,0],[-79.0656004389031,35.9430128989195,0],[-79.0656157685465,35.9430237332246,0],[-79.0656023459041,35.943036852436,0],[-79.0656066590743,35.9430347978759,0],[-79.0655988022411,35.9430501952658,0],[-79.0656744128275,35.9431121950514,0],[-79.0657007759661,35.9432194012712,0],[-79.0657478520015,35.9433194923435,0],[-79.0658169959692,35.9434199401264,0],[-79.0659003071393,35.9435189147185,0],[-79.065979260661,35.9436398849301,0],[-79.066105578843,35.9438805795843,0],[-79.0661238946213,35.9440009534057,0],[-79.06617735367,35.9441118842666,0],[-79.0662483413202,35.9442195113671,0],[-79.066377278984,35.9443265012582,0],[-79.0664006810555,35.9444488893431,0],[-79.0663539815075,35.9445577934639,0],[-79.0662979220053,35.9446699436903,0],[-79.0662498257704,35.944791174583,0],[-79.0662089323069,35.9448942603505,0],[-79.0661825438675,35.9449983161385,0],[-79.066180511462,35.9450974601965,0],[-79.0661855505722,35.9451871458707,0],[-79.0662186893166,35.9452846160779,0],[-79.0662757951658,35.9453716399151,0],[-79.066390642306,35.9454499619125,0],[-79.0664031203793,35.9455467276692,0],[-79.0663869011375,35.945642260742,0],[-79.0663733178423,35.9456760548312,0],[-79.0663705010501,35.9456971844308,0],[-79.0663663269709,35.9456986990666,0],[-79.0663643688673,35.9456992228801,0],[-79.0663630171059,35.9456998076515,0],[-79.0663612806901,35.9457003421598,0],[-79.0663599846419,35.9457012838124,0],[-79.0663585146312,35.9457022931563,0],[-79.0663583410311,35.9457028015789,0],[-79.0663579223335,35.9457031370868,0],[-79.066357032915,35.9457038946548,0],[-79.066356117412,35.9457052813383,0],[-79.0663565137602,35.9457060733579,0],[-79.0663558598688,35.9457088451837,0],[-79.0663560329919,35.9457185429827,0],[-79.0663573995645,35.945725188361,0],[-79.0663537652236,35.9457360824403,0],[-79.0663471046849,35.9457520344077,0],[-79.0663437662083,35.9457668831914,0],[-79.0663403560933,35.9457808802938,0],[-79.0663366240441,35.9457929226704,0],[-79.0663332631553,35.9458047809817,0],[-79.0663301201058,35.9458200604758,0],[-79.0663244583071,35.9458388149141,0],[-79.0663187246213,35.9458564166398,0],[-79.0663106730667,35.9458710678957,0],[-79.0662974691769,35.9458851108738,0],[-79.0662835703475,35.9458951416797,0],[-79.0662675138842,35.9459043345531,0],[-79.066254681052,35.9459086289603,0],[-79.06624407311,35.9459065806746,0],[-79.0662333447818,35.9459064053361,0],[-79.0662185303194,35.945913630912,0],[-79.0662028136522,35.9459195464981,0],[-79.0661850523544,35.9459232054565,0],[-79.0661702515296,35.9459240904361,0],[-79.0661577446862,35.945927188643,0],[-79.066139768317,35.9459308008442,0],[-79.0661157897749,35.945935529388,0],[-79.0660958075288,35.9459408956802,0],[-79.0660905761839,35.9459426109656,0],[-79.0660785524848,35.9459442190686,0],[-79.0660621216862,35.945949760086,0],[-79.0660455507316,35.9459546955093,0],[-79.0660289777472,35.9459585070214,0],[-79.0660137649284,35.9459652271635,0],[-79.0659995031476,35.9459719891501,0],[-79.0659849309587,35.9459773290656,0],[-79.0659527911404,35.9459887045036,0],[-79.0659460710038,35.9459901682255,0]]},"properties":{"FID":114,"FeatureTyp":"Unpaved Greenway","Label":"TM THE PUMPKIN LOOP TRAIL","Fr_St":" ","To_St":" ","Notes":" ","Shape_Leng":1497.40059822,"GlobalID":"2c8004f1-2542-4604-b385-48fc022f7be0"}},{"type":"Feature","id":115,"geometry":{"type":"LineString","coordinates":[[-79.0730090912711,35.9311991446496,0],[-79.0730108762361,35.9312061223179,0],[-79.0730139895323,35.9312310421951,0],[-79.073019738202,35.9312376704931,0],[-79.0730286296461,35.9312478939832,0],[-79.0730397996396,35.9312582215609,0],[-79.0730508542091,35.9312683563291,0],[-79.0730584180227,35.9312810096047,0],[-79.0730690407146,35.9313123070624,0],[-79.073100488696,35.9313619875014,0],[-79.0731103461478,35.9313767024663,0],[-79.0731182888434,35.9313928705653,0],[-79.0731288471654,35.9314325861604,0],[-79.0731365515597,35.9314633815344,0],[-79.0731430820336,35.9314791205594,0],[-79.0731480790762,35.9314927613843,0],[-79.0731496754543,35.9314995057273,0],[-79.073154652587,35.9315205236718,0],[-79.0731597463361,35.9315357056544,0],[-79.0731618148231,35.9315498024871,0],[-79.0731634864046,35.9315649342453,0],[-79.0731679071603,35.9315809863813,0],[-79.0731806571285,35.931603115469,0],[-79.0731890094809,35.9316139368286,0],[-79.0731923776364,35.9316326367009,0],[-79.0731921683687,35.9316548411546,0],[-79.0732023677621,35.9317031769494,0],[-79.0732087256231,35.9317167304302,0],[-79.073225396276,35.9317386696909,0],[-79.0732349510943,35.9317507620539,0],[-79.0732442970689,35.9317610771859,0],[-79.0732557308964,35.9317701644003,0],[-79.0733366079933,35.9318706094286,0],[-79.0733503239464,35.9318812518006,0],[-79.073364631494,35.9318904643601,0],[-79.0733749490134,35.9319027950966,0],[-79.073382065469,35.9319169393615,0],[-79.0733892532571,35.9319290908177,0],[-79.0733962446889,35.9319373587075,0],[-79.0734024317453,35.9319482633711,0],[-79.0734080018888,35.9319607790212,0],[-79.0734115697479,35.9319747812109,0],[-79.0734155989235,35.9319903333518,0],[-79.073421642191,35.9320027549817,0],[-79.0734266261701,35.9320116928386,0],[-79.0734305059087,35.9320237723758,0],[-79.0734330377699,35.9320391794068,0],[-79.0734338187458,35.9320558952712,0],[-79.0734366854191,35.932070228657,0],[-79.0734400785935,35.9320834549347,0],[-79.0734452956235,35.9321000536651,0],[-79.0734511254464,35.9321190350526,0],[-79.0734601727281,35.9321359379176,0],[-79.0734698197426,35.9321493938657,0],[-79.0734758634109,35.9321634513438,0],[-79.0734824373817,35.9321757068121,0],[-79.0734896642054,35.9321880889695,0],[-79.0734929852196,35.9322060308682,0],[-79.0734976433927,35.9322222585982,0],[-79.0735038886887,35.932237448882,0],[-79.0735086456972,35.9322551141186,0],[-79.0735271564602,35.9323041388676,0],[-79.0735479721589,35.9323420312214,0],[-79.0735539263431,35.9323539337505,0],[-79.0735595649245,35.9323685277385,0],[-79.0735658724375,35.932382649044,0],[-79.0735748945294,35.9323888769674,0],[-79.0735813060999,35.9323967882816,0],[-79.0735796595257,35.9324116318125,0],[-79.0735846717707,35.9324491028649,0],[-79.0735861597832,35.9324645600908,0],[-79.0735817707466,35.9324785905034,0],[-79.0735776552323,35.9324960438719,0],[-79.0735732977304,35.9325240082966,0],[-79.0735722541197,35.9325353120751,0],[-79.0735659434044,35.9325541763924,0],[-79.0735632688738,35.9325683229389,0],[-79.0735599379988,35.9325809457899,0],[-79.0735526442365,35.93259366927,0],[-79.0735478851436,35.9326090266109,0],[-79.0735449538513,35.9326247731112,0],[-79.0735405377634,35.932639538995,0],[-79.0735336125582,35.9326553960566,0],[-79.0735199218988,35.9326836527122,0],[-79.0735166107006,35.9326972074891,0],[-79.073513323142,35.9327123836826,0],[-79.073505050406,35.9327258864683,0],[-79.0734981616765,35.9327392198777,0],[-79.0734949785857,35.9327559435321,0],[-79.0734924472218,35.9327715554964,0],[-79.0734872786415,35.932785109588,0],[-79.0734782961809,35.9328017673334,0],[-79.0734695300718,35.9328187025468,0],[-79.0734642789235,35.932832866864,0],[-79.07346234384,35.9328436808719,0],[-79.0734562844059,35.9328501071511,0],[-79.0734460648514,35.9328627719975,0],[-79.0734264211528,35.9328890106162,0],[-79.0734156251306,35.9328990359119,0],[-79.0734108092827,35.9329093072689,0],[-79.0734080130612,35.932924950034,0],[-79.0733906537213,35.9329479101618,0],[-79.0733819396876,35.9329575556582,0],[-79.073375105748,35.9329678111023,0],[-79.0733691151703,35.9329756361461,0],[-79.0733665729064,35.9329768490155,0],[-79.0733419944648,35.9329996683664,0],[-79.073325954963,35.9330189477016,0],[-79.0733106408939,35.9330365168413,0],[-79.0732975064995,35.9330514348612,0],[-79.0732845801263,35.9330672216037,0],[-79.0732729381446,35.9330817511677,0],[-79.0732627012307,35.9330948900894,0],[-79.0732515340312,35.933108717257,0],[-79.0732394603653,35.9331189496996,0],[-79.0732294834009,35.9331230151207,0],[-79.0732207680236,35.9331263335115,0],[-79.0732103985729,35.9331363179739,0],[-79.0732005359474,35.933147932575,0],[-79.0731894850793,35.9331580769735,0],[-79.0731774271961,35.9331661760339,0],[-79.073169595168,35.9331720526692,0],[-79.0731610456354,35.9331798422831,0],[-79.0731516591699,35.9331910555182,0],[-79.0731441746918,35.9332025758557,0],[-79.0731337662123,35.9332110921244,0],[-79.0731241129221,35.9332177035025,0],[-79.0731146957378,35.9332255999856,0],[-79.0731044307255,35.9332334582201,0],[-79.0730981559363,35.9332395511302,0],[-79.0730933861353,35.933243218654,0],[-79.0730902989635,35.93324604336,0],[-79.0730887010288,35.933247405273,0],[-79.0730880219888,35.9332477382576,0],[-79.0730773361823,35.9332522952965,0],[-79.073069167175,35.9332556530061,0],[-79.0730674638262,35.9332593177918,0],[-79.0730706058366,35.9332619810415,0],[-79.07307178904,35.9332627851901,0],[-79.0730722082537,35.9332631220236,0],[-79.0730754043884,35.933269260636,0],[-79.0730861155038,35.9332791919065,0],[-79.0730960746142,35.9332896499829,0],[-79.073101510483,35.9332982459872,0],[-79.073109525051,35.9333066854239,0],[-79.0731231981359,35.9333162571026,0],[-79.073135924428,35.9333241952984,0],[-79.073151686389,35.9333323948518,0],[-79.0731963735974,35.9333668777623,0],[-79.0732096559291,35.9333781459033,0],[-79.0732271668831,35.9333853376508,0],[-79.0732489392753,35.9333879798032,0],[-79.0732681257786,35.9333914040257,0],[-79.0732865859567,35.9333931243318,0],[-79.073306461399,35.9333924679704,0],[-79.073323941606,35.933391417376,0],[-79.0733419190874,35.9333900158763,0],[-79.0733624341918,35.9333895979646,0],[-79.0733831431723,35.9333891105333,0],[-79.0734033703648,35.9333877238953,0],[-79.0734229639885,35.9333867080675,0],[-79.0734416565555,35.93338561707,0],[-79.0734612395762,35.9333826932,0],[-79.0734815275016,35.9333810685706,0],[-79.0735298005773,35.9333894260537,0],[-79.0735522461481,35.9334023199816,0],[-79.0735618202191,35.9334133794157,0],[-79.0735710684075,35.9334255818879,0],[-79.0735822975372,35.9334383735136,0],[-79.0735943461329,35.9334516946059,0],[-79.0736052653918,35.9334637374398,0],[-79.0736374057791,35.9334948677236,0],[-79.0736466696119,35.9335047592589,0],[-79.0736552607226,35.9335158327977,0],[-79.0736637549426,35.9335275976878,0],[-79.073671967259,35.9335389066921,0],[-79.0736818101123,35.9335505779334,0],[-79.0736936496316,35.9335630636408,0],[-79.073706620254,35.9335751088318,0],[-79.073719767387,35.9335862670401,0],[-79.0737328629804,35.9335968069895,0],[-79.0737455608344,35.9336062557091,0],[-79.0737577110468,35.9336155082759,0],[-79.0737695853781,35.9336248322105,0],[-79.0737827004794,35.9336348764302,0],[-79.0737965716664,35.9336452158162,0],[-79.0738103719212,35.9336555453292,0],[-79.0738247236748,35.9336654337736,0],[-79.0738392799944,35.9336748191698,0],[-79.0738539232399,35.9336847299668,0],[-79.073868313168,35.9336951474433,0],[-79.0738828588276,35.9337061939279,0],[-79.073898179683,35.9337166180476,0],[-79.0739136571437,35.9337262038659,0],[-79.073929006334,35.9337360962004,0],[-79.0739441412842,35.9337468106439,0],[-79.073958468106,35.9337584818495,0],[-79.0739723390866,35.9337697576609,0],[-79.0739861591004,35.9337798329764,0],[-79.073999387397,35.9337887811286,0],[-79.0740121643515,35.9337974077905,0],[-79.0740249926303,35.9338064084576,0],[-79.0740374965844,35.9338158284223,0],[-79.0740506141331,35.9338248460357,0],[-79.0740636133131,35.9338340917472,0],[-79.0740753369393,35.9338457735312,0],[-79.0740882499252,35.9338576979419,0],[-79.0741024396179,35.9338684354714,0],[-79.0741167173036,35.933878443798,0],[-79.0741297625547,35.9338883618406,0],[-79.074142304962,35.9338985965418,0],[-79.0741554768257,35.9339100124574,0],[-79.0741698952701,35.9339200197908,0],[-79.0741856527833,35.9339291682756,0],[-79.074200968154,35.9339383593879,0],[-79.074216127102,35.9339461653027,0],[-79.0742309498928,35.9339535739488,0],[-79.0742450544259,35.9339608469344,0],[-79.0742580035631,35.9339686523855,0],[-79.0742713564878,35.9339768793955,0],[-79.0742845126688,35.9339856707347,0],[-79.0742965567407,35.9339950657159,0],[-79.0743085520083,35.9340044120556,0],[-79.0743214854768,35.9340132404794,0],[-79.0743347110544,35.9340227645238,0],[-79.0743479177319,35.9340334233089,0],[-79.0743612950819,35.9340440828898,0],[-79.0743726882972,35.9340531087288,0],[-79.0743748664595,35.9340548324806,0],[-79.0743885353998,35.9340644166356,0],[-79.0744007047004,35.9340737835898,0],[-79.074412300645,35.9340839178944,0],[-79.0744241323966,35.934094983092,0],[-79.074434504452,35.9341070847668,0],[-79.0744445014344,35.9341198545291,0],[-79.0744540919261,35.9341328723946,0],[-79.0744620955117,35.9341459831596,0],[-79.0744693193181,35.9341595459486,0],[-79.074493517862,35.9342005905844,0],[-79.0745029527912,35.9342131461763,0],[-79.0745125449426,35.9342255385369,0],[-79.0745214216815,35.9342372787959,0],[-79.0745289431608,35.9342479410315,0],[-79.0745472591626,35.9342817103876,0],[-79.0745533353332,35.9342921851334,0],[-79.0745606244989,35.934303288242,0],[-79.0745679990441,35.9343156377891,0],[-79.0745750682782,35.93432739447,0],[-79.0745809928003,35.9343392564001,0],[-79.074586335986,35.9343516459428,0],[-79.074592477027,35.9343639502759,0],[-79.0745980959419,35.9343760953984,0],[-79.0746034157738,35.934388392121,0],[-79.0746089396476,35.9344008230116,0],[-79.0746145721018,35.9344144219139,0],[-79.0746215332481,35.9344291222875,0],[-79.0746286941903,35.9344429590977,0],[-79.0746361446531,35.9344546876013,0],[-79.074643930255,35.9344657020738,0],[-79.0746509817764,35.9344774533527,0],[-79.0746572643641,35.9344894033864,0],[-79.0746643838048,35.9345014926086,0],[-79.0746707200171,35.9345139022692,0],[-79.0746745240728,35.9345265000465,0],[-79.0746797342526,35.9345400406194,0],[-79.0746859327672,35.934554542269,0],[-79.0746908128573,35.9345682587957,0],[-79.0746926997168,35.9345809190335,0],[-79.0746935501094,35.9345920999791,0],[-79.0746941457658,35.9346022554067,0],[-79.0746920172867,35.9346135283045,0],[-79.0746854088491,35.9346267228005,0],[-79.0746775631303,35.9346393989072,0],[-79.0746689965225,35.9346515040333,0],[-79.0746599403118,35.934662673914,0],[-79.0746489265936,35.9346746678735,0],[-79.0746376668613,35.934686682712,0],[-79.0746273173579,35.9346978921367,0],[-79.0746173898951,35.9347088876955,0],[-79.0746096115259,35.9347201108687,0],[-79.074585210158,35.934754854479,0],[-79.074573877858,35.934765116337,0],[-79.0745632588405,35.9347773182462,0],[-79.0745565432433,35.9347909183827,0],[-79.0745523390395,35.9348046386596,0],[-79.0745496225854,35.9348188843838,0],[-79.0745501366542,35.9348307153685,0],[-79.0745527417117,35.9348410516302,0],[-79.0745560319641,35.9348553108101,0],[-79.0745589173725,35.9348692070153,0],[-79.0745611105795,35.9348823925215,0],[-79.0745643797948,35.9348942695914,0],[-79.0745670291263,35.9349033413087,0],[-79.0745700050858,35.9349156818231,0],[-79.074573525679,35.9349297452804,0],[-79.0745773664035,35.9349448423272,0],[-79.0745789088663,35.9349602021536,0],[-79.0745826612149,35.9349720050213,0],[-79.0745887310001,35.934985103436,0],[-79.074593116511,35.9350008833306,0],[-79.0745957564138,35.9350153357831,0],[-79.0745976382783,35.9350297914027,0],[-79.0745999653212,35.9350438808243,0],[-79.0746051535002,35.9350575764339,0],[-79.0746090830195,35.9350692088474,0],[-79.0746131533127,35.9350916603179,0],[-79.0746285845366,35.9351503576243,0],[-79.0746333317354,35.9351665500884,0],[-79.0746373227927,35.9351776056342,0],[-79.0746416388745,35.9351901904783,0],[-79.0746505436661,35.9352225451212,0],[-79.0746520181454,35.9352362745444,0],[-79.0746545537849,35.9352506125937,0],[-79.0746576542707,35.9352633595121,0],[-79.074659856602,35.9352755968469,0],[-79.0746593013569,35.9352899656278,0],[-79.0746560514858,35.9353062296772,0],[-79.0746549469334,35.9353210169947,0],[-79.0746591029706,35.9353366924751,0],[-79.0746659817833,35.9353521472752,0],[-79.074672696273,35.9353672732027,0],[-79.0746787750118,35.9353816162936,0],[-79.0746811395795,35.9353895210044,0],[-79.0746847645194,35.93539653807,0],[-79.0746883202938,35.9354042617928,0],[-79.0746886100156,35.9354047672419,0],[-79.074689110485,35.9354054663403,0],[-79.0746902622235,35.9354081460861,0],[-79.0746942602503,35.935414734808,0],[-79.0747021353051,35.9354252994721,0],[-79.074706385659,35.9354398861285,0],[-79.0747078736596,35.9354550386859,0],[-79.074709294286,35.93547163606,0],[-79.0747110389769,35.9354887235399,0],[-79.0747130636403,35.9355065580215,0],[-79.0747249162165,35.9355350623225,0],[-79.0747386077848,35.9355651815175,0],[-79.0747489457039,35.9356167643931,0],[-79.074754725341,35.9356467694593,0],[-79.0747609175673,35.9356854897914,0],[-79.0747628663939,35.9357004005176,0],[-79.0747673941639,35.9357141424875,0],[-79.0747741455478,35.9357283661889,0],[-79.0747795725738,35.9357437957321,0],[-79.0747835990287,35.9357583158255,0],[-79.0747881477983,35.9357707923638,0],[-79.0747910734243,35.9357825632815,0],[-79.0747923238335,35.935793645735,0],[-79.07479564242,35.9358061022969,0],[-79.0747956456564,35.9358239497305,0],[-79.074795746355,35.9358441197405,0],[-79.0747948996221,35.9358632349149,0],[-79.0747961981152,35.9358807588911,0],[-79.0747954456005,35.9359022840692,0],[-79.0747941213728,35.9359227749112,0],[-79.0747950021814,35.9359428308794,0],[-79.0747951167774,35.935961254171,0],[-79.0747974001321,35.9359771669297,0],[-79.0747989087596,35.9359942184979,0],[-79.0748012966384,35.9360105043282,0],[-79.0748015360077,35.9360272331093,0],[-79.0747971137275,35.9360412491465,0],[-79.0747953120515,35.9360547949045,0],[-79.0748033131696,35.9360673693691,0],[-79.0748119250198,35.9360812223956,0],[-79.0748197456769,35.936095187667,0],[-79.0748290756937,35.9361078514445,0],[-79.074838673096,35.9361220247256,0],[-79.0748487688758,35.936135826367,0],[-79.0748600360085,35.9361483402405,0],[-79.0748686571023,35.9361589954642,0],[-79.0748874199874,35.9361816641286,0],[-79.0749030919374,35.9361959769832,0],[-79.0749174802937,35.9362088494536,0],[-79.074930528624,35.93622157313,0],[-79.0749384149089,35.936229790798,0],[-79.0749549616375,35.9362396939761,0],[-79.0749703547433,35.9362520674072,0],[-79.0749841918295,35.9362644201612,0],[-79.0749961807034,35.9362759791074,0],[-79.0750079034112,35.936289723855,0],[-79.0750185342711,35.9363032430476,0],[-79.075030338463,35.9363164118156,0],[-79.0750402608809,35.9363284515161,0],[-79.0750495204824,35.9363368332692,0],[-79.07505823778,35.936347208117,0],[-79.0750665514468,35.9363609180017,0],[-79.075079617372,35.9363746339758,0],[-79.0750949791911,35.9363866847465,0],[-79.075106383185,35.9363961314072,0],[-79.0751261380882,35.9364271327906,0],[-79.0751349549543,35.9364408703006,0],[-79.0751426476205,35.9364541578549,0],[-79.0751507060337,35.9364698435278,0],[-79.0751576593496,35.9364841707285,0],[-79.0751612958292,35.9364987234922,0],[-79.0751655331593,35.9365134561446,0],[-79.0751703229842,35.9365276161346,0],[-79.075173720531,35.9365426512373,0],[-79.0751766537456,35.9365589105836,0],[-79.075178584238,35.9366004419392,0],[-79.0751790879145,35.9366093328976,0],[-79.0751805938228,35.936619795096,0],[-79.0751805532709,35.9366321834114,0],[-79.075180345667,35.9366460805965,0],[-79.0751771670408,35.9366733403982,0],[-79.0751690988768,35.9367043417794,0],[-79.075169173601,35.9367167489507,0],[-79.0751690711842,35.9367305424216,0],[-79.0751733477699,35.9367386198913,0],[-79.0751707463151,35.9367525374771,0],[-79.0751577789397,35.936763809838,0],[-79.0751359080802,35.9367874011607,0],[-79.0751334935014,35.9367984921717,0],[-79.0751317799642,35.9368102424984,0],[-79.0751292117551,35.9368229766632,0],[-79.0751254047191,35.9368359513345,0],[-79.0751193283277,35.9368469634822,0],[-79.0751148640747,35.9368575474239,0],[-79.075113018628,35.9368692752989,0],[-79.0751110067293,35.9368807770515,0],[-79.0751119074036,35.9368899273377,0],[-79.0751123707766,35.9369007705235,0],[-79.0751047140047,35.936914192802,0],[-79.0750963226101,35.9369254109664,0],[-79.0750901733562,35.9369343564893,0],[-79.0750848544666,35.9369435899153,0],[-79.0750847051668,35.9369522721744,0],[-79.0750849147266,35.9369607162709,0],[-79.0750856739111,35.9369690744064,0],[-79.0750834577162,35.9369813730278,0],[-79.0750834711278,35.9369946013146,0],[-79.0750894077962,35.9370037412924,0],[-79.0750898746811,35.9370183627009,0],[-79.0750887657919,35.9370284272341,0],[-79.075086196056,35.9370383430509,0],[-79.0750848576809,35.9370483302137,0],[-79.0750776295963,35.937061540422,0],[-79.0750676797811,35.9370761574212,0],[-79.0750565557559,35.9370913844165,0],[-79.075046733025,35.9371068061914,0],[-79.075038442424,35.9371203748641,0],[-79.0750319227874,35.9371338784557,0],[-79.075026069254,35.9371497998096,0],[-79.0750193320702,35.937165344064,0],[-79.0750119119983,35.9371759171992,0],[-79.0750067398824,35.9371856949124,0],[-79.0750023854719,35.9371964473232,0],[-79.0749966930179,35.9372068229136,0],[-79.0749896094308,35.9372181312965,0],[-79.0749813546495,35.9372321046237,0],[-79.0749774261378,35.9372432073752,0],[-79.0749736329253,35.9372544073831,0],[-79.0749666439451,35.937269738182,0],[-79.0749598537301,35.9372842910415,0],[-79.074953844024,35.9372967605306,0],[-79.0749494090362,35.9373066856004,0],[-79.0749437253088,35.9373181202032,0],[-79.0749393446205,35.9373328166902,0],[-79.0749350176423,35.9373468732253,0],[-79.0749313015141,35.9373611330776,0],[-79.0749281076425,35.9373780586369,0],[-79.0749248240965,35.9373927012733,0],[-79.0749236287233,35.9374051407663,0],[-79.0749242318112,35.9374184732392,0],[-79.0749232205051,35.9374310126628,0],[-79.0749207803932,35.9374433042062,0],[-79.0749182305758,35.9374568062547,0],[-79.0749143120551,35.9374930280618,0],[-79.074913921658,35.9375058618271,0],[-79.0749130423894,35.9375197621232,0],[-79.0749139098306,35.9375337226352,0],[-79.0749188840926,35.9375483629061,0],[-79.0749251389416,35.9375719197937,0],[-79.0749201904522,35.9375838586675,0],[-79.074916882224,35.9375981885686,0],[-79.0749164809355,35.9376100345219,0],[-79.0749185311529,35.9376170831852,0],[-79.074921214302,35.9376278231601,0],[-79.0749200359974,35.9376431341641,0],[-79.0749201438083,35.9376697375923,0],[-79.0749202641548,35.9376847702005,0],[-79.0749187809797,35.9376999831504,0],[-79.0749170506564,35.9377163904663,0],[-79.0749157644595,35.9377348677817,0],[-79.0749147125002,35.9377501823128,0],[-79.0749146428799,35.9377635368278,0],[-79.0749196475467,35.9377750973575,0],[-79.0749259611801,35.9377867427063,0],[-79.0749271361083,35.9377988391523,0],[-79.0749257667251,35.9378100809307,0],[-79.0749263179493,35.937822458963,0],[-79.0749251815142,35.9378363134494,0],[-79.07492328306,35.93785068845,0],[-79.0749243114171,35.937862485756,0],[-79.0749294055985,35.9378749556355,0],[-79.0749330843188,35.9378884268198,0],[-79.0749367346772,35.9379011914069,0],[-79.0749413498464,35.9379122132004,0],[-79.0749424779115,35.937922772067,0],[-79.074943656886,35.9379356409186,0],[-79.0749437423093,35.9379512521773,0],[-79.0749434557455,35.937966098466,0],[-79.0749409259812,35.9379809199942,0],[-79.0749375345788,35.9379964008971,0],[-79.0749365752455,35.9380112079415,0],[-79.0749357465987,35.9380259166646,0],[-79.074933570951,35.9380413580651,0],[-79.0749310187005,35.9380558389175,0],[-79.0749309500848,35.9380702731805,0],[-79.0749274012225,35.9380844770458,0],[-79.0749230240336,35.9380970212361,0],[-79.0749205230284,35.9381094020419,0],[-79.0749180931872,35.9381244235947,0],[-79.0749154215228,35.9381392136633,0],[-79.0749152869337,35.9381542157814,0],[-79.0749167610984,35.9381663057331,0],[-79.0749161688062,35.93818013645,0],[-79.0749128942322,35.9381961247077,0],[-79.0749065649641,35.9382094668387,0],[-79.074897742093,35.938236010848,0],[-79.0748966041413,35.9382506314325,0],[-79.0748945579136,35.9382634283557,0],[-79.0748945265307,35.9382749964804,0],[-79.0748966569683,35.9382884577983,0],[-79.0748977326376,35.938296298394,0],[-79.074898579061,35.9383174629559,0],[-79.074893050462,35.9383325305718,0],[-79.0748886214827,35.9383418337392,0],[-79.0748895427814,35.938349331938,0],[-79.0748898484504,35.9383610413587,0],[-79.0748866904187,35.9383772278277,0],[-79.0748855002422,35.9383869282809,0],[-79.074886349041,35.9384010979002,0],[-79.0748876845284,35.9384154258485,0],[-79.0748878402034,35.9384303160264,0],[-79.0748858356265,35.9384450083437,0],[-79.0748696737345,35.9384800767801,0],[-79.0748621054953,35.9384935629729,0],[-79.0748545449566,35.9385069896751,0],[-79.0748470626746,35.9385211481792,0],[-79.0748381867311,35.9385347352158,0],[-79.0748181547419,35.938559166245,0],[-79.0748084902331,35.9385673685329,0],[-79.0747994404002,35.9385763058989,0],[-79.074789646492,35.9385860017081,0],[-79.0747813149641,35.9385950819383,0],[-79.0747730281211,35.9386045451904,0],[-79.0747638009148,35.9386122451862,0],[-79.0747528206514,35.9386202391752,0],[-79.0747419530777,35.9386266531264,0],[-79.0747327168526,35.9386341944976,0],[-79.074721295207,35.9386442878669,0],[-79.0747080839322,35.9386558766751,0],[-79.0746934881407,35.9386671977435,0],[-79.0746795707087,35.9386786103272,0],[-79.0746677865883,35.9386910481778,0],[-79.0746578598969,35.9387034028733,0],[-79.0746478105171,35.9387161208643,0],[-79.0746363490514,35.9387263233063,0],[-79.0746252234217,35.9387353529586,0],[-79.0746135571775,35.938745839431,0],[-79.0746028391508,35.9387570012928,0],[-79.0745947202706,35.9387671647346,0],[-79.0745886467165,35.9387778848268,0],[-79.0745850281222,35.938788687239,0],[-79.0745806929681,35.9388012431049,0],[-79.074572950973,35.93881508179,0],[-79.0745664515866,35.9388279436146,0],[-79.0745603755539,35.9388407889569,0],[-79.0745554136302,35.9388539247362,0],[-79.074553914142,35.9388659723418,0],[-79.07455194511,35.9388760274741,0],[-79.0745463080085,35.9388853259573,0],[-79.0745434426692,35.9388969174409,0],[-79.0745435369028,35.9389101501753,0],[-79.0745425356555,35.9389216648118,0],[-79.0745401549428,35.9389335813662,0],[-79.0745373587377,35.9389468302861,0],[-79.0745347800448,35.938956787549,0],[-79.0745350321266,35.9389681292729,0],[-79.0745331465515,35.9389821527489,0],[-79.0745288639826,35.938996465201,0],[-79.0745196293938,35.9390118496101,0],[-79.0745196220877,35.9390207435789,0],[-79.0745259030384,35.939029357913,0],[-79.0745119987588,35.9390383027262,0],[-79.0744982441855,35.9390485444079,0],[-79.0744844759817,35.9390596324108,0],[-79.0744743054291,35.9390708281751,0],[-79.0744672619532,35.9390814217694,0],[-79.0744626712606,35.9390861239141,0],[-79.0744572191191,35.9390917071478,0],[-79.0744392990984,35.9391062983018,0],[-79.0744266349649,35.9391188231878,0],[-79.0744151884784,35.9391321422709,0],[-79.0744036777641,35.9391431189304,0],[-79.0743945466235,35.9391505367332,0],[-79.0743880415581,35.939157295892,0],[-79.0743831864019,35.9391624650648,0],[-79.0743783260519,35.9391668095569,0],[-79.074373820165,35.9391721461571,0],[-79.0743707513961,35.939175895605,0],[-79.0743682930171,35.9391781314092,0],[-79.0743668592941,35.9391809983959,0],[-79.0743599677666,35.9391833153132,0],[-79.07435502105,35.939191360568,0],[-79.0743443003794,35.9392141959595,0],[-79.074342676867,35.9392143654902,0],[-79.0743328052958,35.9392265236413,0],[-79.0743256891827,35.9392365034901,0],[-79.0743196000554,35.9392472388985,0],[-79.0743153538391,35.9392589591995,0],[-79.074309955907,35.9392704801144,0],[-79.0743037876042,35.9392818969479,0],[-79.0742971743577,35.939292758855,0],[-79.0742888430017,35.9393021653173,0],[-79.0742792825576,35.9393103963389,0],[-79.0742713074635,35.9393203451617,0],[-79.0742644100599,35.9393307475802,0],[-79.0742573449264,35.9393419486462,0],[-79.074249614625,35.9393541577624,0],[-79.07424065705,35.9393647552106,0],[-79.0742311456597,35.9393745183972,0],[-79.0742227979829,35.9393842727638,0],[-79.0742146316225,35.9393935439263,0],[-79.0742087155162,35.93940444416,0],[-79.0742031644213,35.9394157569638,0],[-79.0741969313009,35.9394266195352,0],[-79.0741917258941,35.9394378221705,0],[-79.0741856794185,35.939449176734,0],[-79.0741816153939,35.9394589843742,0],[-79.0741799694943,35.9394673619949,0],[-79.0741746801612,35.939476489903,0],[-79.0741692382909,35.939486064945,0],[-79.0741641790354,35.9394959110436,0],[-79.0741598972994,35.939505198769,0],[-79.0741532992271,35.939516935814,0],[-79.0741452227296,35.9395287413537,0],[-79.074138155767,35.9395428148349,0],[-79.074131289541,35.9395570351046,0],[-79.0741250006275,35.9395699229117,0],[-79.0741216033529,35.9395840797862,0],[-79.0741195739838,35.9395973020901,0],[-79.0741166445396,35.9396103879438,0],[-79.0741122127115,35.9396227978382,0],[-79.0741086045107,35.93963416714,0],[-79.074104824872,35.9396447118622,0],[-79.0741046549928,35.9396564504092,0],[-79.0741054596263,35.9396697295761,0],[-79.0741053172373,35.9396836456309,0],[-79.0741045194716,35.9396971655144,0],[-79.0741033664415,35.9397088199364,0],[-79.074100728511,35.9397195280006,0],[-79.0740980221061,35.9397304992838,0],[-79.0740991159191,35.9397388509045,0],[-79.0740995479877,35.9397471136989,0],[-79.0740976007402,35.9397568380326,0],[-79.0740956590628,35.9397665939081,0],[-79.0740938535247,35.9397713204846,0],[-79.0740874417509,35.9397928634824,0],[-79.0740857172564,35.9398061937548,0],[-79.0740799055983,35.9398198518744,0],[-79.0740694982092,35.9398315867187,0],[-79.0740615391176,35.9398409415639,0],[-79.074056882988,35.9398492903641,0],[-79.0740499343819,35.9398595323691,0],[-79.0740416934832,35.9398721960313,0],[-79.0740274782694,35.9398915743453,0],[-79.0740185300287,35.9398979438028,0],[-79.073989796398,35.9399203196031,0],[-79.0739691640955,35.939938578788,0],[-79.0739593504664,35.9399488135107,0],[-79.0739489177812,35.9399583789468,0],[-79.0739127478013,35.9399788764316,0],[-79.073886653362,35.9399871003059,0],[-79.0738750496303,35.9399911108732,0],[-79.0738640884571,35.9399960439748,0],[-79.0738519597249,35.9400004306968,0],[-79.07383986365,35.940006594748,0],[-79.0738253108123,35.9400143844141,0],[-79.0738104165594,35.9400221184047,0],[-79.073796068099,35.940027978275,0],[-79.073780959374,35.9400314600905,0],[-79.0737664517258,35.9400341339822,0],[-79.073751498973,35.9400372894316,0],[-79.0737375447526,35.9400391653411,0],[-79.0737255223935,35.9400423253262,0],[-79.0737142741616,35.9400472712057,0],[-79.0737035792236,35.9400512712936,0],[-79.0736901836546,35.9400568583855,0],[-79.0736765178565,35.940063881399,0],[-79.0736651631107,35.9400687074663,0],[-79.0736552524093,35.9400746466594,0],[-79.0736468341504,35.9400812960717,0],[-79.0736362759979,35.9400882414971,0],[-79.073626201273,35.9400954092494,0],[-79.0736174944497,35.9401052692398,0],[-79.0736081812962,35.9401174747598,0],[-79.0735983362992,35.940129847339,0],[-79.0735900076765,35.940140004526,0],[-79.0735830503858,35.940151754372,0],[-79.0735766081029,35.9401643267878,0],[-79.0735715165476,35.9401753409546,0],[-79.0735680789644,35.9401855348488,0],[-79.0735626418301,35.9401943572786,0],[-79.0735584583696,35.9402057936039,0],[-79.0735572487583,35.9402113985733,0],[-79.0735525335899,35.9402219339256,0],[-79.0735476125875,35.9402376806785,0],[-79.0735456499004,35.9402524414365,0],[-79.0735450899061,35.9402642856664,0],[-79.0735430254481,35.9402743949121,0],[-79.0735362680913,35.9402854272051,0],[-79.0735317777793,35.9402946077773,0],[-79.0735234327994,35.9403063034762,0],[-79.0735175893985,35.940319326174,0],[-79.0735168368372,35.940332700915,0],[-79.0735182301335,35.9403486709888,0],[-79.0735167013535,35.940364047969,0],[-79.0735143641405,35.9403776967558,0],[-79.0735153003201,35.9403894796972,0],[-79.0735140858857,35.9404019651398,0],[-79.0735106491594,35.9404143356537,0],[-79.0735090065632,35.9404276559512,0],[-79.0735072564534,35.9404409700044,0],[-79.07350565116,35.9404538738819,0],[-79.0735046631735,35.9404655290968,0],[-79.0735043807407,35.9404754750353,0],[-79.0735019318322,35.9404869643906,0],[-79.0735010986176,35.9405006230864,0],[-79.0735027339206,35.940512155047,0],[-79.0735055211321,35.9405228643346,0],[-79.0735072376712,35.940545710177,0],[-79.0735054210079,35.9405577507426,0],[-79.0735059747249,35.9405682162233,0],[-79.0735062820694,35.9405771081948,0],[-79.0735054397049,35.9405880215573,0],[-79.0735031863047,35.9406413866679,0],[-79.0735128665789,35.9406537294534,0],[-79.0735188432634,35.940665330902,0],[-79.0735301371344,35.940683613136,0],[-79.0735443826748,35.9407021044931,0],[-79.0735528036608,35.9407129645057,0],[-79.0735629257548,35.9407236315171,0],[-79.0735699029227,35.9407324185234,0],[-79.0735729819802,35.9407459324564,0],[-79.0735787454851,35.9407607471394,0],[-79.0735834800556,35.9407714660659,0],[-79.0735889245695,35.9407804252406,0],[-79.0735948137262,35.9407908217091,0],[-79.0736014425148,35.9408004146793,0],[-79.0736045750764,35.9408093914704,0],[-79.0736091464052,35.9408197553848,0],[-79.0736139289285,35.9408320046764,0],[-79.0736184833745,35.9408445136777,0],[-79.0736253264781,35.9408581911765,0],[-79.073631364303,35.9408711733626,0],[-79.0736366920622,35.940882132574,0],[-79.073640620826,35.9408939939221,0],[-79.073644981822,35.9409070510248,0],[-79.0736463483694,35.9409203893348,0],[-79.0736464872969,35.940932961385,0],[-79.0736488836096,35.9409464378726,0],[-79.0736532786252,35.9409603340579,0],[-79.0736573127326,35.9409722458139,0],[-79.0736579619508,35.9409841037321,0],[-79.0736581306383,35.9409964928016,0],[-79.0736576430424,35.9410099304707,0],[-79.073655859928,35.9410222855674,0],[-79.0736534305311,35.9410332891147,0],[-79.0736512649224,35.9410467286973,0],[-79.0736491600833,35.9410575328629,0],[-79.0736458275583,35.9410675013694,0],[-79.0736426663846,35.9410794183674,0],[-79.0736419238103,35.9410940062394,0],[-79.0736393281752,35.9411098867818,0],[-79.0736386941327,35.9411219527709,0],[-79.0736358666707,35.9411339867352,0],[-79.0736305055594,35.9411496661545,0],[-79.0736264872255,35.9411635602038,0],[-79.0736204160107,35.9411747534153,0],[-79.0736139383802,35.9411851086692,0],[-79.0736064731738,35.9411941945967,0],[-79.0735971941561,35.9412002172219,0],[-79.0735919634948,35.9412033866169,0],[-79.073586096927,35.9412056442867,0],[-79.0735772814179,35.9412119171903,0],[-79.0735742525792,35.9412146093748,0],[-79.0735737957201,35.9412192260716,0],[-79.0735794238807,35.9412399433998,0],[-79.0735773402583,35.9412472892903,0],[-79.0735702932959,35.9412543948231,0],[-79.0735651139221,35.9412615515051,0],[-79.0735605499479,35.9412714423381,0],[-79.073549281666,35.9412959408567,0],[-79.0735415411,35.9413057218424,0],[-79.073533345922,35.9413152912977,0],[-79.0735231400932,35.9413271530496,0],[-79.0735191761797,35.9413375491446,0],[-79.0735130707611,35.9413513768492,0],[-79.0735047068529,35.9413655348852,0],[-79.0734905776657,35.9413763562007,0],[-79.0734772399066,35.9413884830115,0],[-79.0734686727299,35.9414009476381,0],[-79.0734625411696,35.9414140759525,0],[-79.0734553849032,35.9414253256877,0],[-79.0734466818816,35.9414346719218,0],[-79.0734398848997,35.9414412545464,0],[-79.0734295131908,35.9414523376728,0],[-79.0734233373754,35.9414680004465,0],[-79.0734132296394,35.941484172111,0],[-79.0733971583778,35.9414996119055,0],[-79.0733849744628,35.941514285966,0],[-79.073372998904,35.9415252943428,0],[-79.0733566713867,35.9415356203514,0],[-79.0733415628924,35.9415457869977,0],[-79.0733283270499,35.9415579137301,0],[-79.0733160456773,35.9415726950957,0],[-79.0733047056462,35.9415866593238,0],[-79.0732943359819,35.9416000353252,0],[-79.0732819439492,35.9416113593952,0],[-79.0732700465143,35.941622994113,0],[-79.0732582424406,35.941632477388,0],[-79.0732499878051,35.9416437746367,0],[-79.0732440668131,35.9416557230204,0],[-79.0732382251725,35.9416671783491,0],[-79.0732300487361,35.9416718303191,0],[-79.0732176417016,35.9416813004323,0],[-79.0732065787076,35.9416940252071,0],[-79.0731946054101,35.9417051390155,0],[-79.0731840113252,35.9417179608466,0],[-79.07317196997,35.9417334775078,0],[-79.0731623894202,35.9417456488974,0],[-79.0731506856302,35.9417520848312,0],[-79.0731392590497,35.9417562132889,0],[-79.0731266277028,35.9417627903779,0],[-79.0731119124991,35.9417728477029,0],[-79.0730981606303,35.9417806665398,0],[-79.0730821042792,35.941790671488,0],[-79.0730644938146,35.9418041130914,0],[-79.0730491368818,35.9418178624871,0],[-79.0730329735956,35.9418309670378,0],[-79.0730177168515,35.9418452120803,0],[-79.0730029176904,35.9418568322833,0],[-79.0729865954905,35.9418645850476,0],[-79.0729707817742,35.9418732955796,0],[-79.0729537433227,35.9418795391026,0],[-79.0729347611476,35.9418824481009,0],[-79.0729164984151,35.9418867275324,0],[-79.0729027015205,35.9418938226359,0],[-79.0728882424597,35.9418991552051,0],[-79.0728696191668,35.9419005993786,0],[-79.072856358896,35.9419017672569,0],[-79.0728418378607,35.9419047510892,0],[-79.0728234719827,35.9419040500259,0],[-79.0728022380283,35.9419012407445,0],[-79.0727804073047,35.9419015845364,0],[-79.0727606460028,35.9419008599606,0],[-79.0727433160745,35.9418985377438,0],[-79.0727267593351,35.9418969622353,0],[-79.0727134597922,35.9418951378303,0],[-79.0726841367554,35.9418992678911,0],[-79.0726694178799,35.941897948149,0],[-79.0726587235498,35.9418955651883,0],[-79.07264968006,35.9418925251033,0],[-79.0726374111219,35.9418892949617,0],[-79.0726172159217,35.9418830411912,0],[-79.0726100403851,35.941882902154,0],[-79.0726025917214,35.9418822351214,0],[-79.0725964564296,35.9418815519853,0],[-79.0725908478525,35.9418811488377,0],[-79.0725858699153,35.9418795051363,0],[-79.0725810731151,35.9418771592201,0],[-79.0725691290983,35.9418765858887,0],[-79.0725591514556,35.9418762060666,0],[-79.0725526866809,35.9418739494674,0],[-79.0725458433413,35.9418722356709,0],[-79.0725335527091,35.9418719906125,0],[-79.0725192692497,35.9418717151916,0],[-79.0725009591163,35.9418713673532,0],[-79.0724810698224,35.9418688041715,0],[-79.0724589146767,35.9418670291598,0],[-79.0724405069537,35.941864147837,0],[-79.0724273003953,35.9418609452694,0],[-79.0724079706469,35.9418606611126,0],[-79.0723852982694,35.9418605240429,0],[-79.0723639909551,35.9418623969434,0],[-79.0723437314145,35.9418609957248,0],[-79.072323865847,35.9418576907396,0],[-79.0723039166052,35.9418562460686,0],[-79.0722846666871,35.9418559933901,0],[-79.072266656567,35.941857728226,0],[-79.0722478582674,35.9418568218373,0],[-79.0722312150136,35.9418539160051,0],[-79.0722140994218,35.9418508031528,0],[-79.072197544862,35.9418479243022,0],[-79.0721833680871,35.9418454811702,0],[-79.0721713627338,35.9418444770184,0],[-79.0721627567989,35.9418386615589,0],[-79.0721508214206,35.9418303830316,0],[-79.0721309301268,35.9418292789866,0],[-79.0721081241665,35.941830961654,0],[-79.0720875031239,35.9418330657331,0],[-79.0720700890532,35.9418320494432,0],[-79.072051634888,35.9418305065086,0],[-79.0720321539617,35.9418309578362,0],[-79.0720080894603,35.9418320013098,0],[-79.0719887100129,35.9418306626036,0],[-79.0719713960813,35.9418300797623,0],[-79.0719548161616,35.9418285780688,0],[-79.071940669989,35.9418306134133,0],[-79.0719254197679,35.9418300050143,0],[-79.0719030536413,35.941822782614,0],[-79.0718767657263,35.9418175120145,0],[-79.0718480288582,35.9418140247061,0],[-79.0718258774338,35.9418101711968,0],[-79.0718132120853,35.9418035748778,0],[-79.0718043869908,35.9417968077569,0],[-79.0717671968373,35.941772155842,0],[-79.0717467172648,35.9417650765105,0],[-79.0717273867969,35.9417614592665,0],[-79.0717066055929,35.9417579330008,0],[-79.0716868081574,35.9417564070233,0],[-79.0716689797657,35.9417593349757,0],[-79.0716517961108,35.9417619065366,0],[-79.0716349209696,35.9417611773806,0],[-79.0716171740821,35.94176103187,0],[-79.0716009439946,35.9417615506211,0],[-79.0715860337962,35.9417681550246,0],[-79.0715714173641,35.9417835756979,0],[-79.0715196660373,35.9417953543774,0],[-79.0715024387033,35.9417849148834,0],[-79.0714853030823,35.9417754063686,0],[-79.0714618905402,35.9417704665728,0],[-79.0714387477695,35.9417685306228,0],[-79.0713790571944,35.9417650541044,0],[-79.0713592911292,35.9417626501965,0],[-79.0713403077268,35.9417616960078,0],[-79.071321918456,35.9417608099672,0],[-79.0713032509205,35.9417585883708,0],[-79.0712884214232,35.9417549440932,0],[-79.0712736720692,35.9417516864214,0],[-79.0712562495241,35.9417485718113,0],[-79.0712401179321,35.9417451563149,0],[-79.0712237779417,35.9417417048862,0],[-79.0712017564261,35.94174057219,0],[-79.0711808586593,35.9417393153574,0],[-79.0711652176284,35.9417354020516,0],[-79.0711503907762,35.9417322318355,0],[-79.0711334447159,35.941731507158,0],[-79.0711154252302,35.9417314140083,0],[-79.0710981642796,35.9417368426337,0],[-79.0710823439492,35.9417420207597,0],[-79.0710665944534,35.9417433115676,0],[-79.0710510488404,35.9417420254594,0],[-79.0710345072268,35.9417399314693,0],[-79.0710149273067,35.9417424845065,0],[-79.070996085298,35.9417460222241,0],[-79.0709764500905,35.941748725803,0],[-79.0709561493095,35.941750783539,0],[-79.0709361210889,35.9417552610837,0],[-79.0709187518638,35.9417598380251,0],[-79.0709018960448,35.9417634331582,0],[-79.0708835365462,35.941767416718,0],[-79.0708647814559,35.9417765504903,0],[-79.0708486660105,35.9417902567873,0],[-79.0708332650309,35.9417971813425,0],[-79.0708207460362,35.941804446715,0],[-79.0708092597745,35.9418114392967,0],[-79.0708018668234,35.9418199301554,0],[-79.0707936563605,35.9418289298167,0],[-79.0707790141944,35.9418341468768,0],[-79.0707618308259,35.9418408885927,0],[-79.0707455807658,35.941848994322,0],[-79.0707294302025,35.9418555488672,0],[-79.070713892784,35.9418611053241,0],[-79.0706985026844,35.9418678261637,0],[-79.0706833115137,35.9418751615677,0],[-79.0706679312375,35.9418791830266,0],[-79.070652521526,35.9418862986378,0],[-79.070637790057,35.9418946116723,0],[-79.0706246299554,35.9419026272707,0],[-79.0706122989324,35.9419106892553,0],[-79.070601333565,35.9419164215089,0],[-79.0705920776306,35.9419200410448,0],[-79.0705853050841,35.9419231931757,0],[-79.0705788037541,35.9419259711131,0],[-79.0705718664854,35.9419308736485,0],[-79.0705665015387,35.9419365675108,0],[-79.0705617778568,35.9419391930025,0],[-79.0705575989406,35.9419412016951,0],[-79.0705139229377,35.941953186182,0],[-79.0704980868798,35.9419620216858,0],[-79.0704829106002,35.9419699510077,0],[-79.070470148618,35.9419782547729,0],[-79.0704610450074,35.9419875190055,0],[-79.0704511747938,35.9419959409714,0],[-79.0704392992745,35.9420014691422,0],[-79.0704269562876,35.9420060196792,0],[-79.0704144368755,35.9420116149146,0],[-79.0704002954613,35.9420179167962,0],[-79.0703865864739,35.9420231476914,0],[-79.070374097723,35.9420283220014,0],[-79.0703608489725,35.9420351425082,0],[-79.070348507485,35.9420388809719,0],[-79.0703339300633,35.9420396149122,0],[-79.0703188091695,35.9420437263067,0],[-79.0703028727948,35.9420506844504,0],[-79.0702879393968,35.9420588317207,0],[-79.0702796822641,35.9420652419602,0]]},"properties":{"FID":115,"FeatureTyp":"Unpaved Greenway","Label":"TM THE VINE TRAIL","Fr_St":" ","To_St":" ","Notes":" ","Shape_Leng":5389.83481267,"GlobalID":"42214d3c-1a3b-4d8b-8add-3c0d46c032d5"}},{"type":"Feature","id":116,"geometry":{"type":"LineString","coordinates":[[-79.0659460710038,35.9459901682255,0],[-79.0659341223695,35.9459927703978,0],[-79.0658590732934,35.9460180001916,0],[-79.0658450350246,35.9460311116351,0],[-79.0658318175018,35.9460448787742,0],[-79.0658199459091,35.9460576997318,0],[-79.0658081445713,35.9460696878574,0],[-79.0657954980469,35.9460823217617,0],[-79.0657812999875,35.9460952377035,0],[-79.065767723168,35.9461060956615,0],[-79.0657536935011,35.9461134757796,0],[-79.0657406940267,35.9461214583051,0],[-79.0656841554157,35.946170265708,0],[-79.0656692865754,35.946180254604,0],[-79.0656534839304,35.9461895959721,0],[-79.0656218704144,35.9462104445088,0],[-79.065606481636,35.9462162408707,0],[-79.0655906770936,35.9462205368045,0],[-79.0655734880086,35.9462260168751,0],[-79.0655573245649,35.9462319542483,0],[-79.0655412078765,35.9462381439557,0],[-79.0655261274839,35.9462401655351,0],[-79.0655129594481,35.9462453658411,0],[-79.0654981521862,35.9462547913761,0],[-79.0654851257811,35.9462583287211,0],[-79.0654700695115,35.9462600339276,0],[-79.0654510618027,35.9462658619531,0],[-79.0654315814843,35.9462725302322,0],[-79.0654131596174,35.9462777441587,0],[-79.0653968184668,35.9462805252847,0],[-79.0653805823039,35.9462815560452,0],[-79.0653536619657,35.9462904589914,0],[-79.0653141368166,35.9463061599034,0],[-79.0652957589854,35.9463069105957,0],[-79.0652769936117,35.9463095253621,0],[-79.0652576340589,35.9463134202764,0],[-79.0652379956829,35.9463179291158,0],[-79.0652209272466,35.9463273729497,0],[-79.0652076226174,35.9463295494643,0],[-79.0651953758472,35.9463267845356,0],[-79.0651817853949,35.9463291414582,0],[-79.065167317341,35.9463359331995,0],[-79.0651485516312,35.9463422648701,0],[-79.0651139395078,35.9463505193331,0],[-79.0650978999295,35.9463603104992,0],[-79.0650239910328,35.9464092214885,0],[-79.0650131876468,35.9464163961105,0],[-79.0650026975249,35.9464244349026,0],[-79.0649913135349,35.9464346165382,0],[-79.0649807688471,35.9464464759297,0],[-79.0649720257112,35.9464560730225,0],[-79.0649624724858,35.946461733707,0],[-79.0649416421777,35.9464782149799,0],[-79.0649349571507,35.9464930835269,0],[-79.0648994253792,35.9465611336608,0],[-79.0648880030204,35.9465705059475,0],[-79.0648772661152,35.9465776931396,0],[-79.0648565190667,35.9465957732431,0],[-79.0648476001794,35.9466073929165,0],[-79.0648366834676,35.9466211857612,0],[-79.0648244205749,35.9466342691026,0],[-79.0648128844556,35.9466496918078,0],[-79.0648007763014,35.946663619574,0],[-79.0647918742542,35.9466741441658,0],[-79.064785332274,35.9466863826609,0],[-79.0647772557254,35.9466993439037,0],[-79.0647713032364,35.9467113603676,0],[-79.0647624305971,35.9467323011595,0],[-79.0647566903081,35.9467338859699,0],[-79.0647475492141,35.9467462700479,0],[-79.0647412233352,35.9467626219169,0],[-79.0647372577925,35.9467934598823,0],[-79.0647314766317,35.9468145747836,0],[-79.0647273859186,35.9468316978725,0],[-79.0647274302454,35.9468455083277,0],[-79.0647495599461,35.9468997425804,0],[-79.0647533247147,35.9469184558863,0],[-79.0647554966311,35.9469370871181,0],[-79.064756843383,35.9469523236252,0],[-79.0647571821089,35.9469572913601,0],[-79.0647574691162,35.9469765445808,0],[-79.064756176734,35.9469917761785,0],[-79.0647541513334,35.9470065629274,0],[-79.064753597119,35.947020370094,0],[-79.0647538020865,35.9470368392708,0],[-79.06475291033,35.947055445088,0],[-79.0647562570157,35.9470725038447,0],[-79.0647578160331,35.9470898150096,0],[-79.0647592989711,35.9471062438512,0],[-79.0647625461955,35.9471209043256,0],[-79.0647648254476,35.9471337753501,0],[-79.0647669066191,35.9471442887031,0],[-79.0647697722615,35.9471572062834,0],[-79.0647722071403,35.947172015,0],[-79.0647772039264,35.947183126164,0],[-79.0647846689438,35.9471912112866,0],[-79.0647935102996,35.947200284394,0],[-79.0648029903153,35.9472096194373,0],[-79.0648142281615,35.947211903651,0],[-79.0648278537063,35.9472185398297,0],[-79.0648374621046,35.9472234864179,0],[-79.0648491221447,35.9472352844284,0],[-79.0648624788139,35.9472466344961,0],[-79.0648758893181,35.9472573860767,0],[-79.0649921120864,35.9472501923454,0],[-79.0650676139765,35.9472418007678,0],[-79.0650795324357,35.9472345029734,0],[-79.0650908097211,35.9472279508871,0],[-79.0650995173213,35.9472181852662,0],[-79.0651085591003,35.9472036020679,0],[-79.065116276814,35.9471910060196,0],[-79.0651203992209,35.9471802739552,0],[-79.0651254163976,35.9471685148433,0],[-79.0651331004696,35.9471568173986,0],[-79.065138889771,35.9471500104663,0],[-79.0651443665753,35.9471474190371,0],[-79.0651512058002,35.9471395561325,0],[-79.0651549089146,35.9471298202167,0],[-79.0651604659525,35.9471167764758,0],[-79.0651686807334,35.9471020711383,0],[-79.065175236911,35.9470854820867,0],[-79.0651802225149,35.9470689569636,0],[-79.0651827100628,35.94705693422,0],[-79.0651852000903,35.9470452377421,0],[-79.0651893944439,35.9470302848919,0],[-79.0651918171716,35.9470148616125,0],[-79.0651941529319,35.9469988065746,0],[-79.0651984662653,35.9469815842102,0],[-79.0652035069776,35.9469633141572,0],[-79.065207401821,35.9469467030909,0],[-79.0652105141842,35.9469342825431,0],[-79.0652149759293,35.9469251572946,0],[-79.0652231046303,35.9469095822527,0],[-79.0652323672267,35.9468926276295,0],[-79.0652419886863,35.9468808390124,0],[-79.0652539833634,35.946869188826,0],[-79.0652677789543,35.9468558576696,0],[-79.0652780722466,35.9468511014622,0],[-79.06531293567,35.9468298916661,0],[-79.0653299397205,35.9468092529226,0],[-79.0653456335121,35.9467966940488,0],[-79.0653567216287,35.9467948071192,0],[-79.0653659011195,35.94679299061,0],[-79.0653759950519,35.9467925471776,0],[-79.0653913055304,35.9467925579047,0],[-79.0654101888612,35.9467862802122,0],[-79.0654260717078,35.946778616137,0],[-79.065448470475,35.9467690693752,0],[-79.0654848041829,35.946762278493,0],[-79.0655078760387,35.9467599245612,0],[-79.0655188404173,35.9467571805557,0],[-79.0655335807265,35.9467525535284,0],[-79.0655491281953,35.9467509507979,0],[-79.0655634566628,35.9467551142775,0],[-79.0655786187756,35.946758060565,0],[-79.0655932589164,35.9467542952183,0],[-79.0656061089677,35.946754612778,0],[-79.0656697404035,35.9467503461039,0],[-79.0656873407619,35.9467407162567,0],[-79.0658115366784,35.9467281664895,0],[-79.0658465952405,35.9467222116834,0],[-79.0658654697038,35.9467241473884,0],[-79.0659211144183,35.946731366436,0],[-79.0659435424773,35.946726556752,0],[-79.0659466221432,35.9467244613898,0],[-79.0659515069055,35.9467271779455,0],[-79.0659614073316,35.9467313870325,0],[-79.0659738036771,35.9467366835292,0],[-79.0659851905537,35.9467396236947,0],[-79.0659948685191,35.9467388091041,0],[-79.0660061505622,35.9467396060548,0],[-79.0660198311739,35.9467444322799,0],[-79.0660313227364,35.9467506846282,0],[-79.0660430568995,35.9467540527137,0],[-79.0660562263592,35.9467586592962,0],[-79.0660680308585,35.9467667059419,0],[-79.06608188047,35.9467680972492,0],[-79.066097851234,35.9467663608287,0],[-79.0661124667317,35.946767721074,0],[-79.0661251807272,35.9467764918593,0],[-79.0661987347792,35.9468413242046,0],[-79.0662607572236,35.9468469768003,0],[-79.0662785431209,35.9468419857112,0],[-79.0662942861866,35.9468383098109,0],[-79.0663092014069,35.9468361521318,0],[-79.0663226895846,35.946833365224,0],[-79.066335033456,35.9468314090253,0],[-79.0665698305521,35.946843791133,0]]},"properties":{"FID":116,"FeatureTyp":"Unpaved Greenway","Label":"TM THE PUMPKIN LOOP TRAIL","Fr_St":" ","To_St":" ","Notes":" ","Shape_Leng":1305.33928652,"GlobalID":"e4b2e845-4002-4d61-a6d6-141e5c94592b"}},{"type":"Feature","id":117,"geometry":{"type":"MultiLineString","coordinates":[[[-79.0702796822641,35.9420652419602,0],[-79.0702842929005,35.9420651500777,0],[-79.0703142239222,35.942074236796,0],[-79.0703316480545,35.9420816786444,0],[-79.0703357784255,35.9420939022966,0],[-79.0703401641174,35.942104041112,0],[-79.0703470303668,35.9421142695284,0],[-79.0703535801636,35.9421238374794,0],[-79.0703684983062,35.9421274268402,0],[-79.070384285368,35.9421309868567,0],[-79.0703994220484,35.9421347951017,0],[-79.0704157093149,35.9421387423815,0],[-79.070432092637,35.9421460739567,0],[-79.0704460563586,35.9421545804088,0],[-79.0704610104501,35.9421587105129,0],[-79.0704796896893,35.9421641020765,0],[-79.0704864102334,35.9421749876111,0],[-79.0704883595706,35.9421873999859,0],[-79.0704997208021,35.9421957871612,0],[-79.0705162305829,35.942201950577,0],[-79.0705358927773,35.9422020825229,0],[-79.0705469766161,35.9422037705477,0],[-79.070560223994,35.9422080458327,0],[-79.0705833754312,35.9422070978084,0],[-79.0706094465003,35.9422026294453,0],[-79.0706345165958,35.9422068753509,0],[-79.0706540539035,35.9422175434582,0],[-79.0706723010129,35.9422281122658,0],[-79.0706898200829,35.9422375756065,0],[-79.0707072021277,35.9422462368737,0],[-79.0707431860614,35.9422655658721,0],[-79.0707609336042,35.9422751849936,0],[-79.070806295232,35.9422969636573,0],[-79.0708250531479,35.9423060639402,0],[-79.0708432798701,35.9423160865506,0],[-79.0708609568449,35.9423248341486,0],[-79.0708796146359,35.9423309701307,0],[-79.0709166859879,35.9423453079901,0],[-79.0709320398211,35.9423565147515,0],[-79.0709430108027,35.9423672184332,0],[-79.0709558696827,35.9423758282157,0],[-79.0709662664487,35.9423876831794,0],[-79.0709753869152,35.9424001256255,0],[-79.0709898541086,35.9424088363152,0],[-79.071000292252,35.9424185795238,0],[-79.071013773032,35.9424273043037,0],[-79.0710335718247,35.9424364976831,0],[-79.0710537035757,35.9424462009969,0],[-79.0710733325783,35.9424538839026,0],[-79.0710910505301,35.9424612740969,0],[-79.0711074525073,35.9424707659675,0],[-79.0711237632076,35.9424810663482,0],[-79.0711402139121,35.9424917614112,0],[-79.0711542920735,35.9425029472566,0],[-79.0711677225532,35.9425124129109,0],[-79.0711782108222,35.9425236567263,0],[-79.0711869476203,35.9425345852087,0],[-79.0711985822014,35.942544879293,0],[-79.0712086888887,35.9425570201141,0],[-79.0712184949468,35.94256634367,0],[-79.0712284349802,35.9425755112234,0],[-79.071238989304,35.9425862304427,0],[-79.0712495781316,35.9425996219726,0],[-79.0712599278896,35.9426121330784,0],[-79.0712719635645,35.9426235120773,0],[-79.0712843057176,35.94263679082,0],[-79.0712969012043,35.9426495223291,0],[-79.0713079545399,35.9426592516318,0],[-79.0713192042804,35.9426692340819,0],[-79.0713316103063,35.9426807759921,0],[-79.07134301931,35.9426928754824,0],[-79.071353389251,35.9427068737003,0],[-79.0713632219109,35.9427224278617,0],[-79.0713719884185,35.9427368199787,0],[-79.0713848701865,35.9427498865915,0],[-79.0714000069322,35.9427611024324,0],[-79.0714115390582,35.9427745375589,0],[-79.071418384016,35.9427905486159,0],[-79.0714256045439,35.9428013626017,0],[-79.071434749655,35.9428127144336,0],[-79.0714420611405,35.9428248577711,0],[-79.0714491415262,35.9428363640298,0],[-79.0714564224328,35.9428490166144,0],[-79.0714650384035,35.9428610960964,0],[-79.0714763565891,35.9428732199614,0],[-79.0714831178816,35.9428911021457,0],[-79.071489305688,35.9429097066003,0],[-79.0714961749198,35.9429205577402,0],[-79.0715032634854,35.9429337728405,0],[-79.0715097526036,35.9429509350499,0],[-79.0715150206225,35.9429659429846,0],[-79.0715189019103,35.9429794997498,0],[-79.071528161628,35.9429875644944,0],[-79.0715441904643,35.9429948005889,0],[-79.0715555367304,35.9430085593735,0],[-79.0715639898752,35.9430244694348,0],[-79.0715712500409,35.9430411913577,0],[-79.0715813994652,35.9430538972308,0],[-79.0715919253018,35.9430648651912,0],[-79.0715991916582,35.9430735611023,0],[-79.0716069669133,35.9430799385911,0],[-79.0716125062239,35.9430921289227,0],[-79.0716159166557,35.943107131633,0],[-79.0716188329732,35.9431248727583,0],[-79.0716333792097,35.9431724713729,0],[-79.0716357175702,35.9431821471738,0],[-79.0716400103493,35.9431885023689,0],[-79.0716573960288,35.9432146467594,0],[-79.0716790179029,35.9432408202051,0],[-79.0716958412071,35.9432527199989,0],[-79.0717379295888,35.94328328873,0],[-79.0717314899646,35.9433031993513,0],[-79.0717273124919,35.9433193529593,0],[-79.0717266751199,35.9433280129476,0],[-79.0717284023551,35.9433359541181,0],[-79.0717328145561,35.9433544478403,0],[-79.071736604323,35.9433734637762,0],[-79.0717380539122,35.9433920025011,0],[-79.07173954192,35.9434063781353,0],[-79.0717442330597,35.943419461237,0],[-79.0717490036962,35.9434371868467,0],[-79.0717534247947,35.9434544566078,0],[-79.0717566896814,35.9434690195671,0],[-79.0717585001473,35.9434857978557,0],[-79.0717592356972,35.9435040449806,0],[-79.0717606790402,35.9435192894857,0],[-79.0717613850669,35.9435317548398,0],[-79.0717598844872,35.9435481285916,0],[-79.0717560946579,35.9435652166109,0],[-79.0717549387706,35.9435803346601,0],[-79.0717568732011,35.9435956699067,0],[-79.0717580897988,35.9436126882872,0],[-79.0717631218335,35.9436301992339,0],[-79.0717697426917,35.9436458147306,0],[-79.0717752181426,35.9436609054472,0],[-79.0717759186622,35.9436758989275,0],[-79.0717757660999,35.9436925449775,0],[-79.0717756437136,35.9437094722127,0],[-79.0717734063969,35.9437249685384,0],[-79.0717721575696,35.9437377757291,0],[-79.0717719730123,35.9437508490765,0],[-79.0717728735121,35.943763882129,0],[-79.071772384176,35.9437769808915,0],[-79.071771560336,35.9437915777978,0],[-79.0717714312249,35.9438059291441,0],[-79.0717709646294,35.9438209197047,0],[-79.071769242971,35.9438379668498,0],[-79.0717681662894,35.9438524151912,0],[-79.0717686692288,35.9438658351311,0],[-79.0717669753987,35.9438805244801,0],[-79.0717665986985,35.9438956483786,0],[-79.0717668828592,35.9439110783277,0],[-79.0717632120952,35.9439262185832,0],[-79.0717607370764,35.9439411499373,0],[-79.0717600249022,35.943952942858,0],[-79.071756954093,35.9439647128303,0],[-79.0717564426618,35.9439778972275,0],[-79.0717552005844,35.9439920707713,0],[-79.0717532529046,35.9440079761112,0],[-79.0717499029204,35.9440223951437,0],[-79.0717469115221,35.9440362227179,0],[-79.0717466413782,35.9440490293317,0],[-79.0717452243967,35.9440622052478,0],[-79.0717452029336,35.9440767151567,0],[-79.0717458245001,35.9440901728801,0],[-79.0717450775104,35.9440989627165,0],[-79.0717437616877,35.9441124738533,0],[-79.0717353267698,35.9441421862878,0],[-79.0717293318843,35.9441487701415,0],[-79.0717259392977,35.9441576660819,0],[-79.071727382128,35.9441710800604,0],[-79.0717255336379,35.944215051565,0],[-79.0717266140997,35.9442310380428,0],[-79.0717269960151,35.9442454729066,0],[-79.0717288274687,35.9442596635698,0],[-79.0717290693209,35.944273638857,0],[-79.07172773701,35.9442997843095,0],[-79.0717272881543,35.9443122990084,0],[-79.0717267547832,35.9443269948828,0],[-79.0717272020917,35.9443426752928,0],[-79.0717286752755,35.9443590608112,0],[-79.0717340075382,35.9443738722092,0],[-79.0717402812411,35.9443866686669,0],[-79.0717431256811,35.9443995266248,0],[-79.0717431585002,35.9444115110807,0],[-79.0717425671951,35.9444246216167,0],[-79.0717414971189,35.9444377865114,0],[-79.0717391890479,35.9444510233356,0],[-79.0717370027883,35.9444666313865,0],[-79.0717353864088,35.9444824355839,0],[-79.0717351706757,35.9444966058178,0],[-79.0717365063803,35.9445091996821,0],[-79.0717346838091,35.9445224731735,0],[-79.0717297790693,35.9445360107518,0],[-79.07172764279,35.9445504921581,0],[-79.071727704448,35.9445649975091,0],[-79.0717278819813,35.9445801823657,0],[-79.0717280826874,35.9445952509421,0],[-79.0717263357958,35.9446101241811,0],[-79.0717242099234,35.9446250940808,0],[-79.0717231914988,35.9446402625153,0],[-79.0717197373185,35.9446559551297,0],[-79.0717169884128,35.9446707893001,0],[-79.0717196496136,35.9446832390798,0],[-79.0717201653645,35.9446961119242,0],[-79.0717176917857,35.9447077093946,0],[-79.0717145229689,35.9447214847937,0],[-79.0717106697597,35.9447371704316,0],[-79.0717096032886,35.9447531563648,0],[-79.0717079220676,35.9447708433963,0],[-79.0717062903365,35.944784352011,0],[-79.07170668341,35.9447988715867,0],[-79.0717067375128,35.9448148577627,0],[-79.0717071102433,35.9448289357173,0],[-79.0717072033043,35.9448426118601,0],[-79.0717048722403,35.9448561866794,0],[-79.0717062362158,35.9448681631411,0],[-79.0717091188885,35.9448828723277,0],[-79.0717095796931,35.9448962778668,0],[-79.0717084540353,35.9449067776726,0],[-79.0717057849774,35.9449204256948,0],[-79.0717019980298,35.9449346043329,0],[-79.0717002333703,35.9449469575691,0],[-79.0716998258016,35.9449610404878,0],[-79.0716973059989,35.9449755158074,0],[-79.0716926615388,35.9449888765759,0],[-79.0716873313069,35.9450013499747,0],[-79.0716811421046,35.945008864972,0],[-79.0716742496976,35.9450195763614,0],[-79.0716695000504,35.9450380610323,0],[-79.0716641067334,35.9450593860503,0],[-79.0716581999894,35.9450791908904,0],[-79.0716518401085,35.9450929735668,0],[-79.0716489528884,35.9451068533468,0],[-79.0716447820991,35.9451194215996,0],[-79.0716369471087,35.9451321353078,0],[-79.0716281095058,35.9451478887583,0],[-79.0716200137639,35.9451640401437,0],[-79.0716130483486,35.9451799367012,0],[-79.0716033914378,35.9451892184568,0],[-79.0715940357755,35.9451932409997,0],[-79.071579543325,35.9452129309982,0],[-79.0715507170165,35.9452599421307,0],[-79.0715437940854,35.945276275785,0],[-79.0715387479266,35.94528666252,0],[-79.071531259321,35.9452975518039,0],[-79.071525217449,35.945310015697,0],[-79.0715027200464,35.9453195591309,0],[-79.0714889197377,35.9453311109528,0],[-79.0714784929239,35.9453434160799,0],[-79.0714703869954,35.9453493702499,0],[-79.0714610818042,35.9453590997295,0],[-79.0714521422951,35.9453724900397,0],[-79.0714430859074,35.9453878263056,0],[-79.0714329332623,35.9454031001218,0],[-79.0714244772745,35.9454142927986,0],[-79.0714231497534,35.9454234362744,0],[-79.0714243296829,35.9454278735424,0],[-79.0714250491346,35.9454342560665,0],[-79.0714222001612,35.9454400593456,0],[-79.0714200649107,35.9454470239714,0],[-79.0714129363564,35.945453990617,0],[-79.0714022377546,35.9454597993884,0],[-79.071383425216,35.9454825833174,0],[-79.0713781140839,35.9454891712571,0],[-79.0713718923256,35.9454975478908,0],[-79.0713634239582,35.9455085494965,0],[-79.0713559024456,35.9455173712257,0],[-79.0713528276259,35.9455209763855,0],[-79.0713407283477,35.9455334465125,0],[-79.0713291960397,35.9455465787561,0],[-79.0713180405943,35.9455597251991,0],[-79.0713069274376,35.9455743226951,0],[-79.0712943274452,35.9455871265875,0],[-79.0712799925347,35.9455996160396,0],[-79.0712671755415,35.9456164722613,0],[-79.0712573498781,35.9456318224804,0],[-79.0712484027938,35.9456442375815,0],[-79.0712388250708,35.9456579545145,0],[-79.0712096352436,35.9456903333076,0],[-79.0711994305912,35.945704542708,0],[-79.0711895508317,35.9457214206412,0],[-79.0711793769787,35.9457416560548,0],[-79.0711687610139,35.9457620539575,0],[-79.0711480532205,35.9458064870654,0],[-79.0711404415395,35.9458224722951,0],[-79.0711386262092,35.9458302722255,0],[-79.0711350211238,35.9458409356995,0],[-79.0711401433446,35.9458475842435,0],[-79.0711497491467,35.9458581336663,0],[-79.0711505335335,35.9458778462494,0],[-79.0711515008503,35.9458938363933,0],[-79.0711528651588,35.9459100363065,0],[-79.0711549149044,35.9459242277434,0],[-79.0711587712266,35.9459332609393,0],[-79.0711625095711,35.9459480264154,0],[-79.07116666084,35.945962213923,0],[-79.0711727880473,35.9459722462277,0],[-79.0711832172803,35.9459788790573,0],[-79.0711890836906,35.9459885410825,0],[-79.0711907701079,35.9460017232842,0],[-79.0711948968122,35.9460156981002,0],[-79.0712010316845,35.9460293851342,0],[-79.0712068873789,35.9460432273527,0],[-79.0712119469662,35.9460580109832,0],[-79.0712086666468,35.9460787317762,0],[-79.0712043736421,35.9461024129996,0],[-79.0712025729794,35.9461167887413,0],[-79.0712005031215,35.9461263048784,0],[-79.0711975118871,35.9461367435735,0],[-79.0711912932133,35.9461499520156,0],[-79.0711852130795,35.9461631513635,0],[-79.071180781053,35.9461737414138,0],[-79.0711713285467,35.9461900197349,0],[-79.0711549943984,35.946206786961,0],[-79.0711405158795,35.946221232279,0],[-79.0711339486586,35.9462301084147,0],[-79.0711264998925,35.9462360558679,0],[-79.0711161596347,35.9462448963467,0],[-79.0711039312725,35.9462556946271,0],[-79.0710904071117,35.9462689280479,0],[-79.0710813249696,35.946281642441,0],[-79.071073867788,35.9462931481574,0],[-79.0710631440187,35.9463045169761,0],[-79.0710518111987,35.94631905689,0],[-79.0710420951637,35.9463344331612,0],[-79.071032116855,35.9463465099579,0],[-79.0710233479896,35.946360047944,0],[-79.0710152682703,35.9463745291802,0],[-79.0710047293372,35.9463856157818,0],[-79.0709937177069,35.9463986386302,0],[-79.0709831692026,35.946412713015,0],[-79.0709705333886,35.94642910493,0],[-79.0709548336974,35.946445224632,0],[-79.0709371591582,35.9464566831012,0],[-79.0709227799305,35.9464681711987,0],[-79.0709062475207,35.9464789151774,0],[-79.0708919377797,35.9464925465006,0],[-79.0708778826538,35.946505820763,0],[-79.0708614638909,35.9465122015201,0],[-79.070848961271,35.9465149595166,0],[-79.0708363243246,35.9465162169404,0],[-79.0708220369706,35.9465124325975,0],[-79.0708038291101,35.9465085631016,0],[-79.0707778035278,35.9465133892841,0],[-79.0707516803649,35.9465156432334,0],[-79.0707369956044,35.9465124377397,0],[-79.0707288000929,35.9465048995843,0],[-79.0707149605239,35.9464972989036,0],[-79.0706833462643,35.9465032864621,0],[-79.070650107505,35.9465034318833,0],[-79.0706343521191,35.946504127784,0],[-79.0706196565885,35.9465076080586,0],[-79.0706113464413,35.9465109233071,0],[-79.0706034280305,35.9465109738527,0],[-79.0705917960979,35.9465042749748,0],[-79.0705726565101,35.9464831480642,0],[-79.0705551438375,35.9464744336905,0],[-79.0705201343607,35.9464726179893,0],[-79.0704669308706,35.9464840329171,0],[-79.0704419043195,35.9464981732933,0],[-79.070425066824,35.946504872389,0],[-79.0704138390836,35.9465040776179,0],[-79.0704012068503,35.9465018488006,0],[-79.0703892658401,35.9464940505066,0],[-79.0703810831577,35.9464833893474,0],[-79.0703686065902,35.9464740880068,0],[-79.0703597967724,35.9464598617005,0],[-79.070349681578,35.9464460047737,0],[-79.0703354793499,35.9464406538811,0],[-79.0703252520135,35.9464342011221,0],[-79.0703085597632,35.946435856494,0],[-79.0702863571034,35.9464470912528,0],[-79.0702772680856,35.9464546231661,0],[-79.0702684564934,35.946463802479,0],[-79.0702311306482,35.9465029688262,0],[-79.0702290707114,35.9465049213061,0],[-79.070227951229,35.9465062044871,0],[-79.0702262197177,35.946507270809,0],[-79.0702244138075,35.9465081812504,0],[-79.0702222458262,35.9465082518969,0],[-79.0702199584523,35.946508684931,0],[-79.0702145777697,35.946510683484,0],[-79.0702018404061,35.9465137407778,0],[-79.070194957836,35.9465080963451,0],[-79.0701962452332,35.9464857724309,0],[-79.0701821746889,35.9464304511704,0],[-79.0701817600813,35.946407430635,0],[-79.0701822815724,35.9463825565069,0],[-79.070182899909,35.9463581591058,0],[-79.070174750967,35.9463505623022,0],[-79.0701692747858,35.9463421473921,0],[-79.070167882636,35.9463255779573,0],[-79.0701500137484,35.9463086412519,0],[-79.0701468034804,35.9462904036704,0],[-79.0701445215943,35.9462741862498,0],[-79.0701441526738,35.9462565337759,0],[-79.0701495465822,35.946232784362,0],[-79.0701530349075,35.9462151395855,0],[-79.0701523383662,35.9462005760239,0],[-79.070154723835,35.9461867632692,0],[-79.0701556843823,35.9461747827566,0],[-79.0701535038714,35.9461642524237,0],[-79.0701474497,35.9461577810277,0],[-79.0701482307763,35.9461382505029,0],[-79.0701530957202,35.9461154910093,0],[-79.0701498429167,35.9461031433882,0],[-79.0701427858052,35.9460994043814,0],[-79.0701473159283,35.9460803755238,0],[-79.0701500350121,35.9460576226705,0],[-79.0701474484749,35.9460415811754,0],[-79.0701438172675,35.9460248967585,0],[-79.0701462789687,35.9459993248141,0],[-79.0701360318963,35.9459968647691,0],[-79.07013064987,35.9459832466485,0],[-79.0701346011106,35.9459626030094,0],[-79.070133674945,35.9459427165528,0],[-79.0701216871469,35.9459383503746,0],[-79.070106564441,35.9459374000864,0],[-79.0700982500797,35.945928161219,0],[-79.0700938760489,35.9459125092048,0],[-79.0700920781405,35.945890709807,0],[-79.0700792094702,35.9458841287566,0],[-79.0700547185057,35.945890735758,0],[-79.0700398064895,35.9458809409705,0],[-79.0700255631451,35.9458702192703,0],[-79.0700067491776,35.9458676316384,0],[-79.0699894144889,35.9458658227723,0],[-79.0699705584235,35.9458645357221,0],[-79.0699546487331,35.9458609838385,0],[-79.0699391195414,35.945857797659,0],[-79.0699241073855,35.9458526544784,0],[-79.0699083318155,35.9458465428451,0],[-79.0698923444552,35.9458403285838,0],[-79.0698815289617,35.945827809532,0],[-79.069870527638,35.9458170066441,0],[-79.0698554182844,35.9458122438554,0],[-79.069836546156,35.9458115904013,0],[-79.0698138011227,35.9458158701232,0],[-79.0697933545336,35.9458171598453,0],[-79.0697756814952,35.9458162812748,0],[-79.0697621248102,35.9458125684926,0],[-79.0697499667052,35.9458086034496,0],[-79.0697350053477,35.9458070671839,0],[-79.0697208788048,35.9458019027425,0],[-79.0695950824288,35.9457376115161,0],[-79.0695761924166,35.9457290464978,0],[-79.0694986788136,35.9457056733027,0],[-79.0694481944424,35.9456988936791,0],[-79.0694229772679,35.9456949396369,0],[-79.0693987804735,35.9456917466005,0],[-79.0693725133908,35.9456913559489,0],[-79.0693515083794,35.9456941501695,0],[-79.0693475066819,35.9457040161737,0],[-79.0693387524437,35.9457128943582,0],[-79.0693171979068,35.9457198465412,0],[-79.0692999206194,35.9457202907725,0],[-79.0692824748622,35.9457220338577,0],[-79.0692595519637,35.9457334608165,0],[-79.0692397117303,35.9457373944903,0],[-79.0692274442744,35.9457351220821,0],[-79.0692178381358,35.9457277477568,0],[-79.0692030341862,35.9457262005211,0],[-79.0691815418917,35.9457307849528,0],[-79.0691565172907,35.945735548035,0],[-79.0691303879109,35.9457406551296,0],[-79.0690951272213,35.9457350041677,0],[-79.0690672359951,35.945745885016,0],[-79.0690395995803,35.9457527468563,0],[-79.0690121593226,35.94575439461,0],[-79.0689940833923,35.9457489628311,0],[-79.0689880522862,35.9457408023439,0],[-79.0689820241506,35.9457348193742,0],[-79.0689739003156,35.9457304563074,0],[-79.0689559814908,35.9457324645927,0],[-79.0689392573334,35.9457329616367,0],[-79.0689184289951,35.9457388957814,0],[-79.0689051002145,35.9457398172147,0],[-79.0688948633353,35.9457375292062,0],[-79.0688775350403,35.9457379553807,0],[-79.068862133221,35.945734582425,0],[-79.0688480510376,35.945734563329,0],[-79.0688281147053,35.9457402094433,0],[-79.0688050172417,35.9457484755869,0],[-79.0687834136511,35.9457551591185,0],[-79.06876391711,35.9457592313201,0],[-79.068745168215,35.9457626938247,0],[-79.0687317350818,35.9457647319975,0],[-79.0687210689699,35.945764712766,0],[-79.0687106984126,35.9457629367508,0],[-79.0686988355866,35.9457672398822,0],[-79.068678966346,35.9457840204855,0],[-79.0686682308031,35.9457922895621,0],[-79.068660065456,35.9457951422348,0],[-79.0686485783887,35.9457994685835,0],[-79.0686337586066,35.945809285668,0],[-79.0686118943804,35.9458262458373,0],[-79.0685985598742,35.9458321892346,0],[-79.0685847090739,35.9458410017302,0],[-79.068570047952,35.9458484149741,0],[-79.0685571414072,35.945850592532,0],[-79.0685412670762,35.94585466717,0],[-79.0685157975937,35.9458733958767,0],[-79.0684929118876,35.9458870326358,0],[-79.0684026183238,35.9458920800203,0],[-79.068378283979,35.94590186455,0],[-79.068343004825,35.9459411914139,0],[-79.0682891851544,35.9459814840083,0],[-79.0682451428012,35.9459629925126,0],[-79.0682293507033,35.9459581830375,0],[-79.0681862296108,35.9459346266507,0],[-79.0681671431834,35.9459164808002,0],[-79.0681463481345,35.9459304597186,0],[-79.0681118266925,35.9459654815259,0],[-79.0680833747145,35.9459885569298,0],[-79.0680683919439,35.945986603174,0],[-79.0680579174688,35.9459851660469,0],[-79.0680450739915,35.9459925133211,0],[-79.0680310663984,35.9459995115417,0],[-79.0680157133127,35.9460105825435,0],[-79.0680013092712,35.9460219603549,0],[-79.0679889367796,35.9460305367217,0],[-79.0679687944232,35.9460483520419,0],[-79.0679462784477,35.9460681767563,0],[-79.0679267369125,35.9460860953833,0],[-79.0679092262159,35.9461003671551,0],[-79.0678888961262,35.946113778858,0],[-79.0678738801288,35.9461224224771,0],[-79.0678625168814,35.9461291091637,0],[-79.0678499657153,35.9461387770788,0],[-79.0678455539051,35.9461330581352,0],[-79.0678320357019,35.9461328880929,0],[-79.0678087646866,35.9461446042853,0],[-79.0677883094516,35.9461542134938,0],[-79.0677684092656,35.9461621982642,0],[-79.0677486811333,35.9461718079636,0],[-79.0677204623855,35.9461916853711,0],[-79.067714234414,35.9461931723507,0],[-79.0676984560853,35.9461995099672,0],[-79.0676876385086,35.9462026632738,0],[-79.0676820653213,35.9462038164111,0],[-79.0676722379272,35.9462100678059,0],[-79.0676606752148,35.9462168456144,0],[-79.0676467469899,35.9462247315179,0],[-79.0676296090359,35.9462355105396,0],[-79.0676122063605,35.9462438715416,0],[-79.0675968031538,35.9462494824965,0],[-79.0675875288824,35.9462504889658,0],[-79.0675576500602,35.9462589019312,0],[-79.0675486776439,35.9462643254576,0],[-79.0675433252928,35.9462671260263,0],[-79.0675392480734,35.9462665127003,0],[-79.0675306727761,35.9462683353482,0],[-79.0674330451907,35.9462902230883,0],[-79.0674384434719,35.9463211641298,0],[-79.0674255115961,35.9463462208531,0],[-79.0674204636536,35.9463472240739,0],[-79.0673951934893,35.9463449766882,0],[-79.0673883830275,35.9463444649094,0],[-79.0673788003495,35.946347819396,0],[-79.0673645560182,35.9463541840622,0],[-79.067348431435,35.9463627308882,0],[-79.0673334431428,35.9463754798051,0],[-79.0673194383318,35.9463846383359,0],[-79.0673159156758,35.9463937667506,0],[-79.0673096124609,35.9464087271495,0],[-79.067296262057,35.9464157744932,0],[-79.067283375542,35.9464181961547,0],[-79.0672701509867,35.9464272965669,0],[-79.0672422673873,35.9464465842328,0],[-79.0672256276642,35.9464608148667,0],[-79.0671952220783,35.9464703726722,0],[-79.0671863221246,35.9464723586081,0],[-79.0671708668343,35.9464847310219,0],[-79.0671535786625,35.9464962842671,0],[-79.0671356054899,35.9465065039761,0],[-79.0671142210333,35.9465211986645,0],[-79.0670962553854,35.9465324827879,0],[-79.06708821809,35.9465481985081,0],[-79.0670799574791,35.9465726217217,0],[-79.0670761601167,35.9465713367648,0],[-79.0670733713679,35.946576676643,0],[-79.0670675740419,35.9465895881162,0],[-79.0670566973479,35.9466030602782,0],[-79.06704676152,35.9466149952215,0],[-79.0670377834595,35.9466270576214,0],[-79.0670264946756,35.9466434979576,0],[-79.0670033062465,35.9466562116777,0],[-79.0669900658749,35.9466583595097,0],[-79.0669729493065,35.9466750914517,0],[-79.0669609202469,35.9466850455975,0],[-79.0669444589827,35.9466927192029,0],[-79.0669284998146,35.9467017174282,0],[-79.066899857291,35.9467256353609,0],[-79.0668867933226,35.9467333512599,0],[-79.0668903047731,35.9467333628553,0]],[[-79.0668903047731,35.9467333628553,0],[-79.0668968306489,35.94672882128,0],[-79.0668980594513,35.9467269729604,0],[-79.0669042662858,35.9467266622189,0],[-79.0668963567042,35.9467333820714,0],[-79.0668903047731,35.9467333628553,0]],[[-79.0665698305521,35.946843791133,0],[-79.0665936968675,35.9468424622319,0],[-79.066635501714,35.9468371181996,0],[-79.0666542723899,35.9468341174695,0],[-79.0667273415216,35.9468467623194,0],[-79.0668903047731,35.9467333628553,0]]]},"properties":{"FID":117,"FeatureTyp":"Unpaved Greenway","Label":"TM THE PUMPKIN LOOP TRAIL","Fr_St":" ","To_St":" ","Notes":" ","Shape_Leng":3681.71828346,"GlobalID":"21e43031-9546-4972-b952-d827097fd012"}},{"type":"Feature","id":118,"geometry":{"type":"LineString","coordinates":[[-79.0199664636962,35.9021960793467,0],[-79.0200485729432,35.902358226072,0],[-79.0201072324008,35.9025108380837,0],[-79.0200955560015,35.9027016166264,0],[-79.0201777542033,35.9032166999544,0],[-79.0202833475541,35.9035123862578,0],[-79.0203537683933,35.9038080783107,0],[-79.0204007343153,35.9040751577831,0],[-79.0205063489821,35.9044471545751,0],[-79.0206354019542,35.9047714529214,0],[-79.0208582409349,35.9050480407584,0],[-79.0210224305163,35.9052197120081,0],[-79.0216439719403,35.9057251603478,0],[-79.0219723189644,35.9059254174595,0],[-79.0222889484867,35.9061447528206,0],[-79.0226407487783,35.9063450038166,0],[-79.0230628959357,35.906535701104,0],[-79.0235318768516,35.9064879172425,0],[-79.0240125777094,35.9064305907694,0],[-79.0243507674568,35.9064345228298,0],[-79.0246736220872,35.9064160262974,0],[-79.0249526923304,35.9062985232954,0],[-79.0250951326425,35.9060138684987,0],[-79.0252380270107,35.9057141868645,0],[-79.0255026239989,35.9054163408461,0],[-79.0258372625774,35.905213494941,0],[-79.0263933999751,35.9053418027932,0],[-79.0268353283091,35.9053201201505,0],[-79.0273200534157,35.9053607263055,0],[-79.0278692534633,35.9054566856655,0],[-79.0285054813038,35.905486173575,0],[-79.0287476796298,35.9052574557857,0],[-79.0290007433938,35.9049517193308,0],[-79.0293760517086,35.9044282869283,0],[-79.0296819762885,35.9042623268217,0],[-79.0300529769596,35.9039129794228,0],[-79.0302579675347,35.9036952167155,0],[-79.0304931534068,35.9034968439935,0],[-79.0306913945054,35.9032919366265,0],[-79.0309050510592,35.9031106446248,0],[-79.0309667850936,35.9028655514312,0],[-79.0311921346358,35.902611621526,0],[-79.0315171034071,35.9023422144063,0]]},"properties":{"FID":118,"FeatureTyp":"Unpaved Greenway","Label":"UNC Cross Country","Fr_St":"Prestwick Street","To_St":"Highland Woods Road","Notes":" ","Shape_Leng":5269.70880351,"GlobalID":"c05c7208-a91e-48ef-a826-0b37440fcaba"}},{"type":"Feature","id":119,"geometry":{"type":"LineString","coordinates":[[-79.0182362863599,35.9412085494179,0],[-79.0181606441514,35.940570051643,0],[-79.018024687731,35.9402999336157,0],[-79.017707486717,35.9397965403501,0],[-79.0173299267418,35.9394527818787,0]]},"properties":{"FID":119,"FeatureTyp":"Bike Lane","Label":" ","Fr_St":" ","To_St":" ","Notes":" ","Shape_Leng":713.420939855,"GlobalID":"94fe5c91-5094-40d9-805f-42b1f27ee4dc"}},{"type":"Feature","id":120,"geometry":{"type":"LineString","coordinates":[[-79.018169033882,35.9412138184889,0],[-79.0180943460568,35.9405833753854,0],[-79.0179632486465,35.9403229094169,0],[-79.0176513164626,35.9398278765293,0],[-79.0172795375415,35.9394893815231,0]]},"properties":{"FID":120,"FeatureTyp":"Bike Lane","Label":" ","Fr_St":" ","To_St":" ","Notes":" ","Shape_Leng":700.690153968,"GlobalID":"d228fc98-9969-4480-8a67-55e17d50a0a4"}},{"type":"Feature","id":121,"geometry":{"type":"LineString","coordinates":[[-79.0542750723613,35.9250891960223,0],[-79.0547195129624,35.9250811391466,0],[-79.0554284141649,35.9253697907257,0],[-79.0557619827557,35.9254711339423,0],[-79.0561520122927,35.925400894521,0],[-79.0565285125451,35.9251064432994,0],[-79.0572215429291,35.9245220295338,0],[-79.0581679131987,35.9238457408327,0],[-79.0587337958667,35.9233332762299,0],[-79.0593197425757,35.9229980260502,0],[-79.0600862557811,35.9226850166313,0],[-79.0605189708325,35.9225196334781,0],[-79.0611248266115,35.9223634158215,0],[-79.0616687310514,35.9220563417846,0],[-79.062076651556,35.9218197476332,0],[-79.0622126379963,35.921759323785,0],[-79.0623301179289,35.9217542345909,0],[-79.0625960172897,35.9217742163982,0],[-79.0631958851544,35.9218795268963,0],[-79.0637958051363,35.9220502191638,0],[-79.0640927030596,35.922170771892,0],[-79.0644144022773,35.9223768125413,0],[-79.0646804411889,35.9225677940945,0],[-79.0650205613082,35.9226078491511,0],[-79.0653792076686,35.9226177169453,0],[-79.0660717990571,35.9226776976346,0],[-79.0665480003804,35.9227730000197,0],[-79.0670304580103,35.922953798827,0],[-79.0673335933317,35.9231296655364,0],[-79.0675378101215,35.9233257041526,0],[-79.0677607579342,35.9237329711831,0],[-79.0678538056303,35.9240849865325,0],[-79.0680210444208,35.9244218709003,0],[-79.0681819739533,35.9246078730747,0],[-79.0684047527437,35.9248089290088,0],[-79.0685656369498,35.9249396062888,0]]},"properties":{"FID":121,"FeatureTyp":"Sharrows","Label":" ","Fr_St":" ","To_St":" ","Notes":" ","Shape_Leng":5253.05600436,"GlobalID":"b7c86604-0a87-4e33-b90c-9ad1eb4ca282"}},{"type":"Feature","id":122,"geometry":{"type":"LineString","coordinates":[[-79.060603981976,35.8922811909148,0],[-79.0607487277221,35.8923339203059,0],[-79.0608968829768,35.8923806811572,0],[-79.061069555896,35.8924280433484,0],[-79.0611566847014,35.8924469866752,0],[-79.061311066293,35.8924787695542,0],[-79.0614499770689,35.8925044969262,0],[-79.0615213089369,35.8925167142694,0],[-79.0616270833451,35.8925284842524,0],[-79.0617734895544,35.8925335053051,0],[-79.061886407771,35.8925328027383,0],[-79.061965922039,35.8925262260838,0],[-79.0620557943451,35.8925171195427,0],[-79.0621816299321,35.8924945768242,0],[-79.0623147974157,35.8924724664643,0],[-79.0624679221952,35.8924410775816,0],[-79.0625751449956,35.8924136327535,0],[-79.0627347904473,35.8923652189705,0],[-79.0628444532124,35.8923249280959,0],[-79.0629963055652,35.8922661114697,0],[-79.0633213461332,35.8921353335998,0],[-79.0636502532353,35.8920012910022,0],[-79.0638073727576,35.891940106477,0],[-79.0640359337362,35.8918580342844,0],[-79.064170912657,35.8918133134045,0],[-79.0642479364798,35.8917919938567,0],[-79.0644107089927,35.8917507335178,0],[-79.0644796000649,35.8917346790585,0],[-79.0645416363345,35.8917234069282,0],[-79.0647596042676,35.8916948352826,0],[-79.0649302105056,35.891683576476,0],[-79.0650110202239,35.8916818461882,0],[-79.0651245745194,35.8916857540861,0],[-79.0651887761776,35.8916923894842,0],[-79.0652609584046,35.8917016551063,0],[-79.0653886557261,35.891721177584,0],[-79.0654352889047,35.8917291553039,0]]},"properties":{"FID":122,"FeatureTyp":"Bike Lane","Label":" ","Fr_St":" ","To_St":" ","Notes":" ","Shape_Leng":1505.93060219,"GlobalID":"f00db8ac-4098-42ea-9bd1-e4a908ed21f0"}},{"type":"Feature","id":123,"geometry":{"type":"LineString","coordinates":[[-79.0606907448204,35.892179030375,0],[-79.0608307838023,35.8922300441171,0],[-79.0609698893742,35.8922739486389,0],[-79.0611321058168,35.8923184425958,0],[-79.0612116679339,35.8923357402801,0],[-79.0613623868272,35.8923667696361,0],[-79.0614973114918,35.8923917598868,0],[-79.0615599292454,35.8924024836249,0],[-79.0616491026481,35.8924124070712,0],[-79.0617809734994,35.8924169289239,0],[-79.0618793590705,35.8924163166428,0],[-79.0619471548844,35.8924107103441,0],[-79.0620254196503,35.8924027796175,0],[-79.0621435933072,35.8923816090196,0],[-79.0622737747368,35.8923599941418,0],[-79.0624167348,35.8923306889287,0],[-79.0625133304476,35.8923059643331,0],[-79.0626616447933,35.8922609868318,0],[-79.0627632260485,35.8922236654859,0],[-79.0629118692383,35.8921660926175,0],[-79.0632350891219,35.8920360459717,0],[-79.0635651608443,35.8919015289064,0],[-79.0637267338629,35.8918386116486,0],[-79.0639608246926,35.8917545538247,0],[-79.0641040334042,35.8917071049456,0],[-79.0641891788923,35.8916835387088,0],[-79.0643566843702,35.8916410772085,0],[-79.064433591063,35.8916231546382,0],[-79.0645074154024,35.891609741998,0],[-79.0647392648988,35.8915793496122,0],[-79.0649233458804,35.8915672021827,0],[-79.0650166318644,35.8915652056736,0],[-79.0651456403906,35.8915696442977,0],[-79.0652213226274,35.891577466881,0],[-79.0652994446057,35.8915874954177,0],[-79.0654321954943,35.8916077902714,0],[-79.0654809600319,35.8916161327625,0]]},"properties":{"FID":123,"FeatureTyp":"Bike Lane","Label":" ","Fr_St":" ","To_St":" ","Notes":" ","Shape_Leng":1493.10182306,"GlobalID":"d3ef6714-02a3-4baf-af3f-099d0def4d4b"}},{"type":"Feature","id":124,"geometry":{"type":"LineString","coordinates":[[-79.0688855479312,35.8923242433543,0],[-79.0691185209768,35.89236630456,0],[-79.0696763786572,35.8924519207229,0],[-79.0701628452347,35.892542742617,0],[-79.0705262920442,35.8926144908492,0],[-79.0708272088151,35.8926741580207,0],[-79.0711893535198,35.8927501736296,0],[-79.071371825184,35.8927876335678,0],[-79.0718944041672,35.8928953431806,0],[-79.0722508010741,35.8929640710378,0],[-79.072839560509,35.8930793804827,0],[-79.0732626215134,35.8931595788777,0],[-79.0737294896206,35.8932554600492,0],[-79.0739683387261,35.8933037436848,0],[-79.0740973221288,35.893330352262,0],[-79.0747352601112,35.8934553198468,0],[-79.0752715546039,35.8935633103111,0],[-79.07545364735,35.8936002307946,0],[-79.075779352801,35.8936614134409,0],[-79.0759571474863,35.8936916895918,0]]},"properties":{"FID":124,"FeatureTyp":"Bike Lane","Label":" ","Fr_St":" ","To_St":" ","Notes":" ","Shape_Leng":2153.18311047,"GlobalID":"e884344e-c6b3-481d-b620-f5f337e6a55d"}},{"type":"Feature","id":125,"geometry":{"type":"LineString","coordinates":[[-79.0689148088444,35.8922266204688,0],[-79.0691456767413,35.8922683024608,0],[-79.0697040123477,35.8923539921365,0],[-79.070193875017,35.8924454482934,0],[-79.0705582077009,35.892517370777,0],[-79.0708600724615,35.8925772265959,0],[-79.0712227463258,35.8926533535631,0],[-79.071404931956,35.8926907541336,0],[-79.0719265664494,35.8927982694822,0],[-79.0722821830205,35.8928668462901,0],[-79.0728706914139,35.8929821070664,0],[-79.0732944786972,35.8930624419186,0],[-79.0737623034918,35.8931585206808,0],[-79.0740012232347,35.8932068186317,0],[-79.0741297301023,35.8932333283207,0],[-79.0747672951209,35.8933582220612,0],[-79.0753041119348,35.8934663184201,0],[-79.0754851741409,35.8935030303902,0],[-79.075808386504,35.8935637440203,0],[-79.075984820536,35.8935937884397,0]]},"properties":{"FID":125,"FeatureTyp":"Bike Lane","Label":" ","Fr_St":" ","To_St":" ","Notes":" ","Shape_Leng":2152.70454046,"GlobalID":"23d80211-1601-43fd-a844-a64a531e57d6"}},{"type":"Feature","id":126,"geometry":{"type":"LineString","coordinates":[[-79.0312974027245,35.9206414108006,0],[-79.0313361660548,35.9209478877267,0],[-79.0312983744736,35.923148313525,0],[-79.0312889891024,35.923863450349,0],[-79.0309509519024,35.924185739894,0]]},"properties":{"FID":126,"FeatureTyp":"Unpaved Greenway","Label":" ","Fr_St":" ","To_St":" ","Notes":" ","Shape_Leng":1327.75089699,"GlobalID":"7b366847-74c9-43f7-922c-ea33a5b1e43b"}},{"type":"Feature","id":127,"geometry":{"type":"LineString","coordinates":[[-79.0319340963757,35.9182286444972,0],[-79.0324268960491,35.9184406977495,0],[-79.0323593215452,35.9185743127122,0],[-79.0319536927711,35.9189201997851,0],[-79.0318283085244,35.9194546196162,0],[-79.0317415214573,35.9198711499905,0],[-79.0315291917109,35.9204291681029,0],[-79.0313651108748,35.9208457180035,0]]},"properties":{"FID":127,"FeatureTyp":"Unpaved Greenway","Label":" ","Fr_St":" ","To_St":" ","Notes":" ","Shape_Leng":1115.35727591,"GlobalID":"f9f62d3a-2b4b-44da-a621-7b409baa4b57"}},{"type":"Feature","id":128,"geometry":{"type":"LineString","coordinates":[[-79.035797198498,35.9152491464164,0],[-79.0361062387697,35.915021155015,0],[-79.0365795689799,35.9149267099794,0],[-79.0370046814037,35.9150208858716,0],[-79.0373717983703,35.9150443502334,0],[-79.0376037419667,35.9152328861989,0],[-79.0378259709558,35.9153035453323,0],[-79.0382413109757,35.9151541017975,0],[-79.0384827638259,35.915020428695,0],[-79.0390140787207,35.9149731084004,0],[-79.0393039208429,35.9150201669722,0],[-79.0397773982829,35.9152321970152,0],[-79.0401541774669,35.9152556498555,0],[-79.0403570524825,35.9152555829297,0],[-79.040627452916,35.9150590266351,0],[-79.0407625951171,35.914846798089,0],[-79.0409074458664,35.9147288701999,0],[-79.0412745936658,35.9148151912946,0],[-79.041632176138,35.9150822642336,0],[-79.0422795856085,35.9153570944727,0],[-79.0427143549482,35.9154276708781,0],[-79.0434968603975,35.9154038182273,0],[-79.0438640097646,35.9154822730658,0],[-79.044405045518,35.9155449467557,0]]},"properties":{"FID":128,"FeatureTyp":"Unpaved Greenway","Label":" ","Fr_St":" ","To_St":" ","Notes":" ","Shape_Leng":2839.45328144,"GlobalID":"d362ed57-e923-41f4-bf24-3d85d9db9c91"}},{"type":"Feature","id":129,"geometry":{"type":"LineString","coordinates":[[-79.0506749321536,35.9352496599523,0],[-79.0443818110761,35.9352521103903,0],[-79.043886624152,35.9351743517878,0],[-79.0431516660642,35.9347459544563,0]]},"properties":{"FID":129,"FeatureTyp":"Bike Lane","Label":" ","Fr_St":" ","To_St":" ","Notes":" ","Shape_Leng":2279.98608287,"GlobalID":"96bce12f-deab-4713-aabc-685d6b1a45db"}},{"type":"Feature","id":130,"geometry":{"type":"LineString","coordinates":[[-79.0559968489267,35.9351257516302,0],[-79.0443979304125,35.935114747224,0],[-79.0439549561571,35.9350451878971,0],[-79.0432500571664,35.934634311395,0]]},"properties":{"FID":130,"FeatureTyp":"Bike Lane","Label":" ","Fr_St":" ","To_St":" ","Notes":" ","Shape_Leng":3824.01548363,"GlobalID":"d1376e8b-e7bf-4392-ab85-448483ee2f72"}},{"type":"Feature","id":131,"geometry":{"type":"LineString","coordinates":[[-79.0237703039048,35.9325245045458,0],[-79.0234897984152,35.9325858514518,0],[-79.0229036290753,35.9325893679511,0],[-79.021727198718,35.9329505311198,0],[-79.0203372282549,35.9333287441343,0]]},"properties":{"FID":131,"FeatureTyp":"Bike Lane","Label":" ","Fr_St":" ","To_St":" ","Notes":" ","Shape_Leng":1065.70948788,"GlobalID":"9c06ed90-9113-4415-906b-b4c5b487c23d"}},{"type":"Feature","id":132,"geometry":{"type":"LineString","coordinates":[[-79.0202660098527,35.9331721189814,0],[-79.0216099199059,35.9327836987361,0],[-79.0224095505553,35.9325145457906,0],[-79.0228240298025,35.9324225296344,0],[-79.023171535429,35.9323918174036,0],[-79.0235441777405,35.9324121775567,0],[-79.0237744696784,35.9324529949501,0]]},"properties":{"FID":132,"FeatureTyp":"Bike Lane","Label":" ","Fr_St":" ","To_St":" ","Notes":" ","Shape_Leng":1089.4609329,"GlobalID":"73c95450-d0e5-4077-b369-0ff3ef06ff7c"}},{"type":"Feature","id":133,"geometry":{"type":"LineString","coordinates":[[-79.0237703039048,35.9325245045458,0],[-79.0243107628009,35.9325596756982,0],[-79.0247368354164,35.9325944585057,0],[-79.0249351296689,35.9325987768205,0],[-79.0251977215968,35.932557316476,0],[-79.0253718755308,35.9324875417583,0],[-79.0254951085125,35.9323916272492,0],[-79.0256370803682,35.9322412244591,0]]},"properties":{"FID":133,"FeatureTyp":"Bike Lane","Label":" ","Fr_St":" ","To_St":" ","Notes":" ","Shape_Leng":602.193374142,"GlobalID":"b172a889-db70-4f7a-b41e-9fad027bb3e0"}},{"type":"Feature","id":134,"geometry":{"type":"LineString","coordinates":[[-79.0255057916061,35.9322826592869,0],[-79.0253611342971,35.9324156269182,0],[-79.0252003808505,35.9324919359525,0],[-79.0249887013619,35.9325290281271,0],[-79.0248520437513,35.9325421320243,0],[-79.0244045360511,35.9325138910024,0],[-79.0237744696784,35.9324529949501,0]]},"properties":{"FID":134,"FeatureTyp":"Bike Lane","Label":" ","Fr_St":" ","To_St":" ","Notes":" ","Shape_Leng":545.297675468,"GlobalID":"4d253d43-6e6c-4cb3-a526-3bb8ef295171"}},{"type":"Feature","id":135,"geometry":{"type":"LineString","coordinates":[[-79.0301700284263,35.9276458182029,0],[-79.0298627783131,35.9282098758869,0],[-79.0296535470159,35.9284919183677,0],[-79.0288360969367,35.929242316684,0],[-79.0280708721878,35.9297213476125,0],[-79.0275541630128,35.9300034557631,0],[-79.0268280911835,35.9302324025757,0],[-79.0264356080819,35.9303229387034,0],[-79.0258991848237,35.9303602979763,0]]},"properties":{"FID":135,"FeatureTyp":"Bike Lane","Label":" ","Fr_St":" ","To_St":" ","Notes":" ","Shape_Leng":1690.27721616,"GlobalID":"144fcdde-fca3-466a-bf0e-4de2fc416a4b"}},{"type":"Feature","id":136,"geometry":{"type":"LineString","coordinates":[[-79.0562860400866,35.9129753657882,0],[-79.0581080983033,35.912268759619,0],[-79.060215512614,35.9114558076055,0],[-79.0632188656943,35.9103018340528,0],[-79.0642064104511,35.9099267458498,0],[-79.0646165050332,35.909790321728,0],[-79.0647169438235,35.9097664326339,0],[-79.0648592456381,35.9097493305584,0],[-79.0650392275797,35.909742424511,0]]},"properties":{"FID":136,"FeatureTyp":"Bike Lane","Label":" ","Fr_St":" ","To_St":" ","Notes":" ","Shape_Leng":2852.85116748,"GlobalID":"cc6911e4-27f1-4e7c-96dd-e9ab1761b863"}},{"type":"Feature","id":137,"geometry":{"type":"LineString","coordinates":[[-79.0569768601814,35.9126161655743,0],[-79.0601721760116,35.9113813137842,0],[-79.0631758038344,35.9102272347695,0],[-79.0641657856381,35.9098512208857,0],[-79.0645830283986,35.9097124190806,0],[-79.0646952241218,35.9096857333454,0],[-79.0648494323657,35.909667200007,0],[-79.0650344549171,35.9096601011125,0]]},"properties":{"FID":137,"FeatureTyp":"Bike Lane","Label":" ","Fr_St":" ","To_St":" ","Notes":" ","Shape_Leng":2623.87525188,"GlobalID":"237d91fa-9a98-45b1-ad4a-1f4ac9fc0e48"}},{"type":"Feature","id":138,"geometry":{"type":"LineString","coordinates":[[-79.0638439506186,35.9070369337525,0],[-79.0638581854749,35.9065226177726,0],[-79.0638807969459,35.9060409434586,0],[-79.0639036660564,35.905886611929,0],[-79.0639782051955,35.9056527564368,0],[-79.0642995013249,35.9049137258666,0],[-79.0646552728894,35.9041653240421,0],[-79.0648217992283,35.9039641527074,0],[-79.0650113341309,35.9037863514345,0],[-79.0652008919582,35.9036366074763,0],[-79.0660283270816,35.9033321999872,0],[-79.0662294505755,35.9032712988334,0],[-79.0666200802133,35.9030045349973,0],[-79.067527628145,35.9022885553529,0],[-79.068165225311,35.9018158904177,0],[-79.0683605515473,35.9017035487201,0],[-79.0687569774606,35.9015115956514,0],[-79.0689121083335,35.9014460399658,0],[-79.0692511527095,35.9013663501025,0],[-79.0699062786689,35.9012443912128,0],[-79.070549932804,35.9011504939941,0],[-79.0708775434205,35.9011456272404,0],[-79.0711764158879,35.9011407772767,0],[-79.0716305044666,35.9011685691896,0],[-79.0721593529477,35.9012430794883,0],[-79.0727630110133,35.9014157456061,0],[-79.0730677342078,35.9015231190509,0]]},"properties":{"FID":138,"FeatureTyp":"Bike Lane","Label":" ","Fr_St":" ","To_St":" ","Notes":" ","Shape_Leng":3973.97357151,"GlobalID":"d2f9505f-ae5d-4947-8a97-13ddaf017505"}},{"type":"Feature","id":139,"geometry":{"type":"LineString","coordinates":[[-79.0695774077051,35.9014263212578,0],[-79.0690960902768,35.901511404077,0],[-79.0689007256343,35.9015769836235,0],[-79.0682055698003,35.901946805082,0],[-79.0668327783238,35.9030418291626,0],[-79.0663904341528,35.9033273275188,0],[-79.0661318837051,35.9034490522211,0],[-79.065459569487,35.9036692034765,0],[-79.0652125301574,35.9038143016981,0],[-79.0649712910964,35.9040248662283,0],[-79.0648047574991,35.9042166840224,0],[-79.0646039084994,35.9046236324076,0],[-79.0643169879538,35.9052176789907,0],[-79.0641334073181,35.9056620277966,0],[-79.0640645467631,35.9058070298,0],[-79.0639846232902,35.9064991698985,0],[-79.0639620308285,35.9070042257739,0]]},"properties":{"FID":139,"FeatureTyp":"Bike Lane","Label":" ","Fr_St":" ","To_St":" ","Notes":" ","Shape_Leng":2830.83159982,"GlobalID":"6bbf8a7d-ace6-4061-8d8c-5f7b6ae4d208"}},{"type":"Feature","id":140,"geometry":{"type":"LineString","coordinates":[[-79.0148862757206,35.9324697373099,0],[-79.0125863536396,35.9326161295084,0],[-79.0113195940843,35.9326820138911,0],[-79.0096215960532,35.9327917606955,0],[-79.0089567667833,35.9328064240016,0],[-79.0080224112493,35.932813795802,0],[-79.0073665624986,35.932791917651,0],[-79.0067376579105,35.9326604333664,0],[-79.0062435147055,35.932492405003,0],[-79.0056056229019,35.9322586218934,0],[-79.0047161658539,35.9317910303903,0],[-79.0044825720153,35.9316522117136,0]]},"properties":{"FID":140,"FeatureTyp":"Bike Lane","Label":" ","Fr_St":" ","To_St":" ","Notes":" ","Shape_Leng":3187.99421237,"GlobalID":"967af9a1-6437-4675-86fa-25c82101b36d"}},{"type":"Feature","id":141,"geometry":{"type":"LineString","coordinates":[[-79.0045813895781,35.9315206873591,0],[-79.005848191997,35.9322220764939,0],[-79.0062165511499,35.9323535789339,0],[-79.0069532710166,35.9325800473506,0],[-79.0073755368048,35.932682315985,0],[-79.0086962140509,35.932696842624,0],[-79.0106547563824,35.9326236202305,0],[-79.0123257977182,35.9325211694754,0],[-79.0135476348452,35.9324625864433,0],[-79.014859306489,35.9323747530638,0]]},"properties":{"FID":141,"FeatureTyp":"Bike Lane","Label":" ","Fr_St":" ","To_St":" ","Notes":" ","Shape_Leng":3155.92695483,"GlobalID":"60fbea22-8f3e-4cc0-83be-3055ee104af7"}},{"type":"Feature","id":142,"geometry":{"type":"LineString","coordinates":[[-79.008669786148,35.9442814475768,0],[-79.0074506400211,35.9443095861915,0],[-79.0063292503771,35.9442909440931,0],[-79.0058116856271,35.9442769412346,0],[-79.0048340677845,35.9443003651771,0],[-79.0043222560969,35.9443144129794,0],[-79.0037529367895,35.9443424890195,0],[-79.0032238753826,35.944422000753,0],[-79.0023670245117,35.9446184234955,0],[-79.0015964297289,35.944777429213,0],[-79.0003427697659,35.9450813969564,0],[-78.9990603465464,35.9453806747739,0],[-78.9983644986181,35.9455069266067,0],[-78.9974616192857,35.9456705802265,0],[-78.9969612976815,35.945731360882,0],[-78.9964034701437,35.9457032876408,0],[-78.9958247805343,35.9455729849097,0]]},"properties":{"FID":142,"FeatureTyp":"Bike Lane","Label":" ","Fr_St":" ","To_St":" ","Notes":" ","Shape_Leng":3874.23067514,"GlobalID":"003e76f9-b9e2-458e-97c8-3e632071c41d"}},{"type":"Feature","id":143,"geometry":{"type":"LineString","coordinates":[[-78.995874251875,35.9454561477258,0],[-78.9963170850394,35.9455844931094,0],[-78.9964513483322,35.9456285512879,0],[-78.9969012524631,35.9456477177671,0],[-78.9973299612325,35.9455921813253,0],[-78.9982156426118,35.9454581196128,0],[-78.9988539905753,35.9453202180117,0],[-78.9996690013497,35.9451420908478,0],[-79.0003332549768,35.9449850282226,0],[-79.0009009317171,35.9448471169682,0],[-79.0019703249002,35.944601933311,0],[-79.0028842508925,35.9443931363832,0],[-79.0033341463398,35.9443318325943,0],[-79.0037934641505,35.9442628640734,0],[-79.0046320154043,35.9442245275331,0],[-79.0054635015324,35.9442091702847,0],[-79.00596286439,35.944197653639,0],[-79.0067778632804,35.9442129348575,0],[-79.0074915768023,35.9442263007481,0],[-79.0086740296765,35.944205152951,0]]},"properties":{"FID":143,"FeatureTyp":"Bike Lane","Label":" ","Fr_St":" ","To_St":" ","Notes":" ","Shape_Leng":3864.52872941,"GlobalID":"2ccea6aa-c3c3-4465-901c-c94796a39bf5"}},{"type":"Feature","id":144,"geometry":{"type":"LineString","coordinates":[[-79.0506360518246,35.9353316740712,0],[-79.0443738770116,35.9353487239451,0],[-79.0437875147513,35.9352607881896,0],[-79.0432340530406,35.9349095652806,0],[-79.0429935528206,35.9350539772555,0],[-79.0427850189771,35.9354132840344,0],[-79.0427190292844,35.9357214777663,0],[-79.0425522082537,35.9357647035343,0],[-79.0426738524796,35.9363173275515,0]]},"properties":{"FID":144,"FeatureTyp":"Paved Greenway","Label":" ","Fr_St":" ","To_St":" ","Notes":" ","Shape_Leng":2841.37568033,"GlobalID":"1054c5e8-f880-4462-871e-479e518c4e8e"}},{"type":"Feature","id":145,"geometry":{"type":"LineString","coordinates":[[-79.0301700284263,35.9276458182029,0],[-79.0297169299746,35.9274762529667,0],[-79.0282965146972,35.9266582378209,0],[-79.0268818927098,35.9258869684587,0],[-79.0263183438713,35.9255550739181,0],[-79.0260135782231,35.925400820844,0],[-79.0254558501039,35.9252746783321,0]]},"properties":{"FID":145,"FeatureTyp":"Paved Greenway","Label":" ","Fr_St":" ","To_St":" ","Notes":" ","Shape_Leng":1650.83791162,"GlobalID":"0033c868-757e-4105-883e-73f89eaeaafe"}},{"type":"Feature","id":146,"geometry":{"type":"LineString","coordinates":[[-79.0199761356847,35.9331960826387,0],[-79.0198322777587,35.9331712141269,0],[-79.0197251474173,35.9331413616614,0],[-79.0195644467227,35.9330791575949,0],[-79.0193379354844,35.9329883386211,0],[-79.0188799389821,35.9328034320761,0],[-79.0187723345116,35.9327898364099,0]]},"properties":{"FID":146,"FeatureTyp":"Bike Lane","Label":" ","Fr_St":" ","To_St":" ","Notes":" ","Shape_Leng":388.130516057,"GlobalID":"4e23ef04-7cf9-44e4-86ca-9015d398a132"}},{"type":"Feature","id":147,"geometry":{"type":"LineString","coordinates":[[-79.0187723345116,35.9327898364099,0],[-79.0185618995879,35.9327276386548,0],[-79.0183490741247,35.9326634968008,0]]},"properties":{"FID":147,"FeatureTyp":"Bike Lane","Label":" ","Fr_St":" ","To_St":" ","Notes":" ","Shape_Leng":133.478221056,"GlobalID":"7bbfe21e-d110-4f5f-81f5-2df624cac264"}},{"type":"Feature","id":148,"geometry":{"type":"LineString","coordinates":[[-79.0187293090992,35.9328520720575,0],[-79.0188704077915,35.9329434506845,0],[-79.0192530273896,35.9330970203172,0],[-79.0194706467148,35.9331981084191,0],[-79.0196260906162,35.9332758707086,0]]},"properties":{"FID":148,"FeatureTyp":"Bike Lane","Label":" ","Fr_St":" ","To_St":" ","Notes":" ","Shape_Leng":307.933674803,"GlobalID":"82a9920b-0faf-44db-974b-a3301a4ee01e"}},{"type":"Feature","id":149,"geometry":{"type":"LineString","coordinates":[[-79.0559968489267,35.9351257516302,0],[-79.0558985474769,35.9343995585406,0],[-79.0557556529696,35.9338664303615,0]]},"properties":{"FID":149,"FeatureTyp":"Paved Greenway","Label":" ","Fr_St":" ","To_St":" ","Notes":" ","Shape_Leng":464.563839001,"GlobalID":"6bf780c1-7045-46cc-950d-2ed943bbd412"}},{"type":"Feature","id":150,"geometry":{"type":"LineString","coordinates":[[-79.0560417013571,35.9353036042562,0],[-79.0561990381013,35.9361033217513,0],[-79.0562134275738,35.9363003651105,0],[-79.0562992691301,35.9367639720373,0]]},"properties":{"FID":150,"FeatureTyp":"Paved Greenway","Label":" ","Fr_St":" ","To_St":" ","Notes":" ","Shape_Leng":537.325220637,"GlobalID":"3fa103ca-7709-4605-9c1d-2ca17568f97f"}},{"type":"Feature","id":151,"geometry":{"type":"LineString","coordinates":[[-79.0562268575194,35.9351180596968,0],[-79.0570392221726,35.9350597277272,0]]},"properties":{"FID":151,"FeatureTyp":"Bike Lane","Label":" ","Fr_St":" ","To_St":" ","Notes":" ","Shape_Leng":241.425967161,"GlobalID":"a3f19d70-93be-4f1f-a6ee-220728a54a70"}},{"type":"Feature","id":152,"geometry":{"type":"LineString","coordinates":[[-79.020104393297,35.9335638485987,0],[-79.0205565742264,35.9339618239304,0],[-79.020791999471,35.9341289048677,0],[-79.0209900641224,35.9343020683015,0]]},"properties":{"FID":152,"FeatureTyp":"Bike Lane","Label":" ","Fr_St":" ","To_St":" ","Notes":" ","Shape_Leng":375.838095602,"GlobalID":"7995e5ef-5235-4996-b1a8-4b4d4fb95d4d"}},{"type":"Feature","id":153,"geometry":{"type":"LineString","coordinates":[[-79.0212560766162,35.9344528106953,0],[-79.0208882043887,35.9341205316345,0],[-79.0206896719852,35.933940151434,0],[-79.0204852987903,35.9337502767356,0],[-79.0203509868848,35.9335793803079,0]]},"properties":{"FID":153,"FeatureTyp":"Bike Lane","Label":" ","Fr_St":" ","To_St":" ","Notes":" ","Shape_Leng":416.568965165,"GlobalID":"e1ef1e33-9df3-4a0b-a7cf-9f9ee735f5b6"}},{"type":"Feature","id":154,"geometry":{"type":"LineString","coordinates":[[-79.0559841207773,35.8918182373967,0],[-79.0557823402684,35.8917813950832,0],[-79.0557375646267,35.8918330722775,0],[-79.055883402109,35.8921247115278,0],[-79.0560068422527,35.892425475795,0],[-79.0560816911432,35.89265941398,0],[-79.0560258070982,35.8928478330243,0],[-79.0559101843678,35.8930514727835,0],[-79.0556974656967,35.893252117573,0],[-79.0554137301505,35.8933585975942,0],[-79.0552456741524,35.8933434813561,0],[-79.0551111683098,35.8932402296928,0],[-79.0549468166873,35.8931795312897,0],[-79.0548049155767,35.8931856726436,0]]},"properties":{"FID":154,"FeatureTyp":"Unpaved Greenway","Label":" ","Fr_St":" ","To_St":" ","Notes":" ","Shape_Leng":943.910747895,"GlobalID":"d0880a21-b5fd-4bfb-8b25-cab5b603efd2"}},{"type":"Feature","id":155,"geometry":{"type":"LineString","coordinates":[[-79.0557823402684,35.8917813950832,0],[-79.0557983242934,35.891607427899,0],[-79.0552438875017,35.8914130199785,0],[-79.054438563412,35.8912234689369,0],[-79.053726588136,35.8910196281003,0],[-79.0530787998586,35.8908157560855,0],[-79.0526994628103,35.8906924772062,0]]},"properties":{"FID":155,"FeatureTyp":"Unpaved Greenway","Label":" ","Fr_St":" ","To_St":" ","Notes":" ","Shape_Leng":1040.91094244,"GlobalID":"17cf411f-f8ef-4d57-9e05-d41e4c3c00fb"}},{"type":"Feature","id":156,"geometry":{"type":"LineString","coordinates":[[-79.0663211211435,35.9703926377007,0],[-79.0663562444753,35.9709950079553,0],[-79.066363665093,35.9715973922164,0],[-79.0665994145405,35.9719294224184,0]]},"properties":{"FID":156,"FeatureTyp":"Paved Greenway","Label":" ","Fr_St":" ","To_St":" ","Notes":" ","Shape_Leng":578.361751133,"GlobalID":"79c5e101-4fd4-4180-b450-8c1ea3f373dd"}}]}