OBJECTID,FD_ID,DEPT_NAME,STATION_NUMBER,STATION_ADDRESS,CITY,STATE,COUNTY,ZIP_CODE,LATITUDE,LONGITUDE,x,y
31333,01807,Hickory Fire Department,2,1305 9th Ave NE,Hickory,NC,Catawba,28601,35.74132613,-81.31276437,-81.31276437,35.7413261300001
31334,01807,Hickory Fire Department,3,135 11th Street NW,Hickory,NC,Catawba,28601,35.7344,-81.3573,-81.3573,35.7344000000001
31335,01807,Hickory Fire Department,4,3101 9th Avenue,Hickory,NC,Catawba,28601,35.74251819,-81.38794291,-81.3879429099999,35.7425181900001
31336,01807,Hickory Fire Department,5,1425 21st Street Drive SE,Hickory,NC,Catawba,28601,35.70363601,-81.27908391,-81.2790839099999,35.70363601
31337,01807,Hickory Fire Department,6,3036 North Center Street,Hickory,NC,Catawba,28601,35.7736,-81.3283,-81.3283,35.7736
31338,01807,Hickory Fire Department,7,465 Catawba Valley Blvd,Hickory,NC,Catawba,28601,35.7039,-81.3288,-81.3287999999999,35.7039
31339,00909,"Hickory Grove Volunteer Fire Department, Inc. of Bladen County",1,136 W NC 210 Hwy,Garland ,NC,Bladen,28441,34.74934408,-78.42353563,-78.4235356299999,34.7493440800001
31340,09109,Hicksboro Fire Department,1,6595 Hicksboro Road,Oxford,NC,Vance,27565,36.43088705,-78.50106974,-78.5010697399999,36.43088705
31341,09109,Hicksboro Fire Department,2,2589 Thomas Road,Henderson,NC,Vance,27537,36.44094558,-78.39959656,-78.39959656,36.4409455800001
31342,00203,"Hiddenite Fire Department, Inc.",1,4975 E. NC 90 Hwy,Hiddenite,NC,Alexander,28636,35.90219774,-81.09282875,-81.09282875,35.9021977400001
31343,00203,"Hiddenite Fire Department, Inc.",2,4472 Cheatham Ford Road,Hiddenite,NC,Alexander,28636,35.93481313,-81.04260688,-81.0426068799999,35.9348131300001
31344,04130,High Point Fire Department,1,508 North Centennial,High Point,NC,Guilford,27260,35.9658673,-80.0017,-80.0017,35.9658673000001
31345,04130,High Point Fire Department,2,434 South Elm Street,High Point,NC,Guilford,27260,35.95026514,-80.00621761,-80.00621761,35.9502651400001
31346,04130,High Point Fire Department,3,1309 Chestnut Street,High Point,NC,Guilford,27260,35.95431278,-80.03419195,-80.03419195,35.9543127800001
31347,04130,High Point Fire Department,4,930 Old Winston Road,High Point,NC,Guilford,27260,35.9995411,-80.03289076,-80.03289076,35.9995411
31348,04130,High Point Fire Department,5,3828 Johnson Street,High Point,NC,Guilford,27260,36.01760414,-80.01449697,-80.01449697,36.0176041400001
31349,04130,High Point Fire Department,6,110 E. Springfield Street,High Point,NC,Guilford,27260,35.93095647,-79.98772682,-79.98772682,35.9309564700001
31350,04130,High Point Fire Department,7,1116 Gordon Street,High Point,NC,Guilford,27260,35.9787431,-79.97923219,-79.9792321899999,35.9787431
31351,04130,High Point Fire Department,8,208 Prospect Street,High Point,NC,Guilford,27260,35.93932193,-80.02412338,-80.0241233799999,35.9393219300001
31352,04130,High Point Fire Department,9,2707 Triangle Lake Road,High Point,NC,Guilford,27260,35.95525862,-79.96632686,-79.96632686,35.9552586200001
31353,04130,High Point Fire Department,10,2419 Whites Mill Road,High Point,NC,Guilford,27260,36.03110456,-79.97127854,-79.97127854,36.0311045600001
31354,04130,High Point Fire Department,11,3604 Morris Farm Road,High Point,NC,Guilford,27260,36.04064748,-79.94006052,-79.94006052,36.0406474800001
31355,04130,High Point Fire Department,12,4538 Borrow Rd.,High Point,NC,Guilford,27260,36.05566505,-79.98295213,-79.9829521299999,36.0556650500001
31356,04130,High Point Fire Department,13,2414 Ambassador Court,High Point,NC,Guilford,27260,35.99775208,-79.99304291,-79.99304291,35.9977520800001
31357,04130,High Point Fire Department,14,2127 Sandy Ridge Road,High Point,NC,Guilford,27265,36.06868699,-80.00654332,-80.0065433199999,36.0686869900001
31358,06312,"Highfalls Fire and Rescue, Incorporated",1,170 North Moore Road,Robbins,NC,Moore,27325,35.47532,-79.5214,-79.5214,35.4753200000001
31359,06312,"Highfalls Fire and Rescue, Incorporated",2,2024 Glendon Carthage Road,Carthage ,NC,Moore,28327,35.467132,-79.407506,-79.407506,35.467132
31360,05703,Highlands Fire & Rescue,1,149 Franklin Rd.,Highlands,NC,Macon,28741,35.055737,-83.203375,-83.2033749999999,35.0557370000001
31361,05703,Highlands Fire & Rescue,2,23 Cherrywood Drive,Highlands,NC,Macon,28741,35.08759974,-83.17407533,-83.1740753299999,35.08759974
31362,04701,Hillcrest Fire Department,1,2909 Hwy 401 Bus,Raeford,NC,Hoke,28376,34.9931,-79.1859,-79.1858999999999,34.9931
31363,02006,"Hiwassee Dam Volunteer Fire Department, Inc.",1,80 Line Drive,Murphy,NC,Cherokee,28906,35.105134,-84.224777,-84.224777,35.1051340000001
31364,02006,"Hiwassee Dam Volunteer Fire Department, Inc.",2,150 Wehutty Road,Murphy,NC,Cherokee,28906,35.09183607,-84.25248431,-84.2524843099999,35.0918360700001
31365,02006,"Hiwassee Dam Volunteer Fire Department, Inc.",3,4750 Hiwassee Dam Access Road,Murphy,NC,Cherokee,28906,35.14661264,-84.1754995,-84.1754994999999,35.1466126400001
31366,03705,"Hobbsville Volunteer Fire Department, Inc.",1,365 Hobbsville Rd.,Hobbsville,NC,Gates,27946,36.3469304,-76.6044256,-76.6044256,36.3469304000001
31367,04205,"Hobgood Volunteer Fire Department, Incorporated",1,100 Commerce St.,Hobgood,NC,Halifax,27843,36.02986724,-77.39733755,-77.39733755,36.02986724
31368,07705,"Hoffman Fire Department and Rescue Squad, Inc.",1,3373 N US 1 Hwy,Hoffman,NC,Richmond,28347,35.0259,-79.5601,-79.5601,35.0259
31369,07705,"Hoffman Fire Department and Rescue Squad, Inc.",2,2279 North US Hwy 1,Marston,NC,Richmond,28363,34.9807,-79.5963,-79.5963,34.9807000000001
31370,02907,"Holly Grove Fire Department, Inc.",1,2211 East Holly Grove Road,Lexington,NC,Davidson,27292,35.8161218,-80.1872,-80.1872,35.8161218000001
31371,06707,"Holly Ridge Volunteer Fire & Rescue Department, Inc.",1,109 Holly St,Holly Ridge,NC,Onslow,28445,34.49642379,-77.55423026,-77.5542302599999,34.4964237900001
31372,09210,Holly Springs Fire-Rescue,1,700 Flint Point Lane,Holly Springs,NC,Wake,27540,35.65639,-78.82,-78.8199999999999,35.65639
31373,09210,Holly Springs Fire-Rescue,2,1140 Avent Ferry Rd.,Holly Springs,NC,Wake,27540,35.63831,-78.8448,-78.8448,35.63831
31374,04008,Hookerton Volunteer Fire Department and Ems,1,404 East Main St.,Hookerton,NC,Greene,28538,35.4243,-77.5865,-77.5864999999999,35.4243000000001
31375,02610,Hope Mills Fire Department,1,5788 Rockfish Rd,Hope Mills,NC,Cumberland,28348,34.9735088,-78.95920956,-78.95920956,34.9735088
31376,09218,"Hopkins Rural Fire Department, Inc.",1,8933 Fowler Road,Zebulon,NC,Wake,27597,35.88504781,-78.35462146,-78.35462146,35.8850478100001
31377,03407,"Horneytown Volunteer Fire Department of Forsyth County, Inc.",1,102 Horneytown Road,High Point,NC,Forsyth,27265,36.01852413,-80.06039934,-80.0603993399999,36.0185241300001
31378,05801,Hot Springs Fire Department,1,101 Forest Service Drive,Hot Springs,NC,Madison,28743,35.888,-82.831,-82.831,35.888
31379,05505,"Howard's Creek Volunteer Fire Dept., Inc.",1,3604 W. NC 27 Hwy.,Lincolnton,NC,Lincoln,28092,35.48159503,-81.3596916,-81.3596916,35.4815950300001
31380,05505,"Howard's Creek Volunteer Fire Dept., Inc.",2,3117 West Hwy 27,Lincolnton,NC,Lincoln,28092,35.47804953,-81.34420192,-81.34420192,35.4780495300001
31381,06708,"Hubert Volunteer Fire Department, Inc.",1,118 Hubert Blvd,Hubert,NC,Onslow,28539,34.71109108,-77.25710822,-77.25710822,34.7110910800001
31382,06708,"Hubert Volunteer Fire Department, Inc.",2,1400 Old 30 Road,Maysville,NC,Onslow,28555,34.7929101488,-77.250997969,-77.250997969,34.7929101490001
31383,08107,"Hudlow Volunteer Fire Department, Inc.",1,2910 Hudlow Road,Forest City,NC,Rutherford,28043,35.4142,-81.91204251,-81.9120425099999,35.4142000000001
31384,08107,"Hudlow Volunteer Fire Department, Inc.",2,3572 US Hwy 64,Forest City,NC,Rutherford,28043,35.45635731,-81.88605061,-81.88605061,35.45635731
31385,03614,"Hugh's Pond Volunteer Fire Department, Inc.",1,1442 Tot Dellinger Rd,Cherryville,NC,Gaston,28021,35.4108,-81.3997502,-81.3997502,35.4108000000001
31386,05432,"Hugo Volunteer Fire Department and Rescue, Inc.",1,2941 Hugo Rd,Grifton,NC,Lenoir,28530,35.39068746,-77.53293563,-77.5329356299999,35.39068746
31387,05432,"Hugo Volunteer Fire Department and Rescue, Inc.",2,274 Tilghman Mill Rd,Kinston,NC,Lenoir,28501,35.31522996,-77.56283487,-77.56283487,35.3152299600001
31388,05432,"Hugo Volunteer Fire Department and Rescue, Inc.",3,4062 Sharon Ch Rd,Kinston,NC,Lenoir,28501,35.33960336,-77.50401068,-77.50401068,35.3396033600001
31389,05432,"Hugo Volunteer Fire Department and Rescue, Inc.",4,4870 Grifton-Hugo Road,Grifton,NC,Lenoir,28530,35.373438,-77.466239,-77.466239,35.3734380000001
31390,06010,"Huntersville Fire Department, Inc.",1,110 S Old Statesville Hwy ,Huntersville,NC,Mecklenburg,28078,35.40947377,-80.84300041,-80.8430004099999,35.40947377
31391,06010,"Huntersville Fire Department, Inc.",2,15600 Beatties Ford Rd.,Huntersville,NC,Mecklenburg,28078,35.4238,-80.9154,-80.9154,35.4238
31392,06010,"Huntersville Fire Department, Inc.",3,13423 East Field Rd.,Huntersville,NC,Mecklenburg,28078,35.38963338,-80.78163335,-80.7816333499999,35.3896333800001
31393,06010,"Huntersville Fire Department, Inc.",4,8826 McLLwaine Road,Huntersville,NC,Mecklenburg,28078,35.38963,-80.88575,-80.88575,35.3896300000001
31394,07914,"Huntsville Volunteer Fire Department, Inc.",1,1133 Sardis Church Rd,Madison,NC,Rockingham,27025,36.33840742,-79.975,-79.975,36.3384074200001
31395,07914,"Huntsville Volunteer Fire Department, Inc.",2,2250 NC Hwy 704,Madison,NC,Rockingham,27025,36.37951023,-79.87277207,-79.8727720699999,36.3795102300001
31396,07301,Hurdle Mills Volunteer Fire Department,1,96 Union Grove Church Road,Hurdle Mills,NC,Person,27541,36.27342974,-79.05198927,-79.05198927,36.27342974
31397,07301,Hurdle Mills Volunteer Fire Department,2,5939 Hester's Store Road,Hurdle Mills,NC,Person,27541,36.32976411,-79.13004758,-79.1300475799999,36.32976411
31398,01264,"Icard Township Fire Rescue, Inc.",1,100 First Avenue North East,Hildebran,NC,Burke,28637,35.71595609,-81.42441417,-81.42441417,35.7159560900001
31399,01264,"Icard Township Fire Rescue, Inc.",2,3475 Miller Bridge Road,Connelly Springs,NC,Burke,28612,35.717992,-81.467365,-81.467365,35.717992
31400,06011,"Idlewild Volunteer Fire Department, Incorporated",1,10241 Idlewild Road,Matthews,NC,Mecklenburg,28105,35.16818418,-80.70135516,-80.7013551599999,35.16818418
31401,01642,Indian Beach-Salter Path Fire Department,1,1410 Salter Path Rd,Salter Path,NC,Carteret,28575,34.68748531,-76.89040344,-76.8904034399999,34.6874853100001
31402,09630,"Indian Springs Volunteer Fire Department, Inc.",1,3900 Arrington Bridge Rd,Seven Springs,NC,Wayne,28578,35.2393,-77.9612,-77.9612,35.2393000000001
31403,09305,"Inez Volunteer Fire Department, Inc.",1,2588 NC Highway 58,Warrenton,NC,Warren,27589,36.27826866,-78.0976249,-78.0976249,36.27826866
31404,07204,"Inter-County Volunteer Fire Department, Inc.",1,118 Woodville Road,Hertford,NC,Perquimans,27944,36.23506154,-76.3265502,-76.3265502,36.2350615400001
31405,09006,"Jackson Community Volunteer Fire and Rescue, Inc.",1,8323 Lancaster Hwy,Waxhaw,NC,Union,28173,34.864,-80.695,-80.6949999999999,34.864
31406,06603,"Jackson Volunteer Fire Department, Incorporated",1,102 Depot St,Jackson,NC,Northampton,27845,36.38924318,-77.41921761,-77.41921761,36.3892431800001
31407,06710,Jacksonville Fire & Emergency Services,1,200 Marine Blvd.,Jacksonville,NC,Onslow,28540,34.7537,-77.4287,-77.4286999999999,34.7537
31408,06710,Jacksonville Fire & Emergency Services,2,1800 Gum Branch Rd,Jacksonville,NC,Onslow,28540,34.787908,-77.428018,-77.428018,34.7879080000001
31409,06710,Jacksonville Fire & Emergency Services,3,190 Huff DR,Jacksonville,NC,Onslow,28546,34.760307,-77.37886,-77.37886,34.7603070000001
31410,06710,Jacksonville Fire & Emergency Services,4,100 Fire House Ln.,Jacksonville,NC,Onslow,28540,34.796,-77.401,-77.401,34.796
31411,05904,"Jamesville Community Volunteer Fire Department, Inc.",1,1035 Hayes St,Jamesville,NC,Martin,27846,35.80995873,-76.90382262,-76.90382262,35.8099587300001
31412,00502,"Jefferson Volunteer Fire Department, Inc.",1,205 Northwest Drive,Jefferson,NC,Ashe,28640,36.425,-81.48211265,-81.48211265,36.4250000000001
31413,03021,"Jerusalem Township Volunteer Fire Department, Inc.",1,7185 S. NC Hwy. 801 ,Mocksville,NC,Davie,27028,35.83110867,-80.5355337,-80.5355337,35.83110867
31414,01258,"Jonas Ridge Volunteer Fire & Rescue Department, Inc.",1,6680 Dogwood Knob Road,Jonas Ridge,NC,Burke,28641,35.97453892,-81.89587976,-81.89587976,35.97453892
31415,04413,"Jonathan Creek Volunteer Fire and Rescue, Inc.",1,87 Joe Carver Road,Waynesville,NC,Haywood,28785,35.5755,-83.0174,-83.0174,35.5755
31416,09614,"Jordans Chapel Fire Department, Inc.",1,480 S Jordan's Chapel Rd,Mount Olive,NC,Wayne,28365,35.2704,-78.2593,-78.2592999999999,35.2704000000001
31417,08666,Jot-Um-Down Volunteer Fire Department,1,1091 Dobbins Mill Road,Elkin,NC,Surry,28621,36.334079,-80.77938583,-80.77938583,36.334079
31418,04113,"Julian Volunteer Fire and Rescue Department, Inc.",1,4317 Folger Road ,Julian,NC,Guilford,27283,35.90468045,-79.65774519,-79.65774519,35.9046804500001
31419,04407,"Junaluska Community Volunteer Fire Department, Inc.",1,90 Old Clyde Road,Waynesville,NC,Haywood,28785,35.5276,-82.9585,-82.9585,35.5276000000001
31420,01110,"Jupiter Volunteer Fire Department, Incorporated",1,331 Jupiter Road,Weaverville,NC,Buncombe,28787,35.7591,-82.5675,-82.5674999999999,35.7591
31421,03506,"Justice Rural Volunteer Fire Association, Inc.",1,4113 NC Hwy 581 North,Spring Hope,NC,Franklin,27882,36.05518291,-78.1699207,-78.1699207,36.05518291
31422,03506,"Justice Rural Volunteer Fire Association, Inc.",2,942 Sykes Rd,Spring Hope,NC,Franklin,27882,35.99742839,-78.18825364,-78.18825364,35.99742839
31423,01309,Kannapolis Fire Department,1,300 Firehouse Drive,Kannapolis,NC,Cabarrus,28083,35.5039,-80.608,-80.6079999999999,35.5039
31424,01309,Kannapolis Fire Department,2,819 Richard Ave.,Kannapolis,NC,Cabarrus,28081,35.4838,-80.6308,-80.6308,35.4838
31425,01309,Kannapolis Fire Department,3,2209 Florida Ave,Kannapolis,NC,Cabarrus,28083,35.4636,-80.6066,-80.6066,35.4636
31426,01309,Kannapolis Fire Department,4,328 Stewart Street,Concord,NC,Cabarrus,28027,35.4461,-80.6199,-80.6199,35.4461000000001
31427,01309,Kannapolis Fire Department,5,2046 Barr Rd,Concord,NC,Cabarrus,28027,35.4435,-80.6827,-80.6827,35.4435
31428,00804,Kelford Volunteer Fire Dept. Inc.,1,106 N. Main St,Kelford,NC,Bertie,27847,36.1812,-77.2251,-77.2250999999999,36.1812
31429,00905,"Kelly Volunteer Fire Department, Inc.",1,18628 NC 53 E,Kelly,NC,Bladen,28448,34.46603808,-78.32199464,-78.32199464,34.46603808
31430,00905,"Kelly Volunteer Fire Department, Inc.",2,18933 Highway 210 ,Ivanhoe,NC,Bladen,28447,34.53595943,-78.27858774,-78.27858774,34.53595943
31431,03107,Kenansville Fire Department,1,105 W Hill St,Kenansville,NC,Duplin,28349,34.96286703,-77.96156245,-77.96156245,34.96286703
31432,05114,"Kenly Volunteer Fire Department, Incorporated",1,101 W 1st St,Kenly,NC,Johnston,27542,35.594201,-78.125259,-78.125259,35.5942010000001
31433,03408,Kernersville Fire Department,1,316 W. Bodenhamer St.,Kernersville,NC,Forsyth,27284,36.12665946,-80.07414519,-80.07414519,36.12665946
31434,03408,Kernersville Fire Department,2,1180 NC-66,Kernersville,NC,Forsyth,27284,36.0989818969074,-80.0616976222487,-80.0616976219999,36.098981897
31435,03408,Kernersville Fire Department,3,2050 West Mountian St.,Kernersville,NC,Forsyth,27284,36.13228908,-80.12098557,-80.12098557,36.1322890800001
31436,03408,Kernersville Fire Department,4,1105 Old Salem Road,Kernersville,NC,Forsyth,27284,36.08608,-80.0997,-80.0997,36.08608
31437,03408,Kernersville Fire Department,5,9414 West Market,Colfax,NC,Forsyth,27235,36.11369231,-80.01685901,-80.01685901,36.11369231
31438,02804,Kill Devil Hills Fire Department,1,1630 North Croatan Hwy.,Kill Devil Hills,NC,Dare,27948,36.03047765,-75.671547,-75.671547,36.0304776500001
31439,04124,"Kimesville Community Fire Department and Rescue, Inc.",1,6610 Humble Rd. ,Liberty,NC,Guilford,27298,35.93629566,-79.57279119,-79.57279119,35.93629566
31440,01406,"King's Creek Volunteer Fire Department, Inc.",1,3420 Wilkesboro Blvd,Lenoir,NC,Caldwell,28645,35.98264823,-81.41344291,-81.41344291,35.9826482300001
31441,02310,Kings Mountain Fire Department,1,106 Spruce Street,Kings Mountain,NC,Cleveland,28086,35.23712551,-81.34287743,-81.34287743,35.2371255100001
31442,02310,Kings Mountain Fire Department,2,1207 Shelby Road,Kings Mountain,NC,Cleveland,28086,35.23910515,-81.36916437,-81.36916437,35.2391051500001
31443,05402,Kinston Department of Fire and Rescue,1,401 E. Vernon Ave.,Kinston,NC,Lenoir,28502,35.2684,-77.5752586,-77.5752586,35.2684
31444,05402,Kinston Department of Fire and Rescue,2,3428 Carey Road,Kinston,NC,Lenoir,28501,35.29838224,-77.61793474,-77.61793474,35.29838224
31445,05402,Kinston Department of Fire and Rescue,3,1247 Hill Farm Road,Kinston,NC,Lenoir,28501,35.26557748,-77.6482545,-77.6482545,35.26557748
31446,09105,"Kittrell Volunteer Fire Department, Incorporated",1,54 West Main St,Kittrell,NC,Vance,27544,36.22269258,-78.44145324,-78.44145324,36.2226925800001
31447,02805,Kitty Hawk Fire Department,1,859 W. Kitty Hawk Rd.,Kitty Hawk,NC,Dare,27949,36.06483982,-75.71009848,-75.7100984799999,36.06483982
31448,02414,"Klondyke-Chadbourn Volunteer Fire & Rescue, Inc.",1,204 North Wilson Street,Chadbourn,NC,Columbus,28431,34.32440822,-78.82477329,-78.8247732899999,34.3244082200001
31449,09230,Knightdale Fire Department,1,7477 Forestville Rd,Knightdale,NC,Wake,27545,35.805606,-78.473594,-78.4735939999999,35.8056060000001
31450,09230,Knightdale Fire Department,2,401 Hester St.,Knightdale,NC,Wake,27545,35.78925213,-78.47844787,-78.47844787,35.7892521300001
31451,09230,Knightdale Fire Department,3,4828 Clifton Rd.,Knightdale,NC,Wake,27545,35.75265647,-78.49592105,-78.4959210499999,35.75265647
31452,09230,Knightdale Fire Department,4,1325 Hodge Rd,Knightdale,NC,Wake,27545,35.78788,-78.523641,-78.5236409999999,35.78788
31453,09726,"Knotville Volunteer Fire Department, Inc.",1,2864 Elkin Hwy,North Wilkesboro,NC,Wilkes,28659,36.2008,-81.0907,-81.0907,36.2008000000001
31454,06503,"Kure Beach Volunteer Fire Department, Inc.",1,608 K Ave.,Kure Beach,NC,New Hanover,28449,33.999264,-77.910363,-77.910363,33.999264
31455,05434,La Grange Fire Department,1,119 East Railroad St,La Grange,NC,Lenoir,28551,35.30679493,-77.7869249,-77.7869249,35.30679493
31456,09315,"Lake Gaston Volunteer Fire Department, Inc.",1,7609 Highway 903,Bracey,VA,Warren,23919,36.5661508,-78.09026822,-78.09026822,36.5661508000001
31457,01268,"Lake James Fire and Rescue, Inc.",1,3222 Hwy. 126,Morganton,NC,Burke,28655,35.77293503,-81.81283603,-81.81283603,35.77293503
31458,04415,"Lake Logan-Cecil Volunteer Fire Department, Inc.",1,4291 Lake Logan Road,Canton,NC,Haywood,28716,35.43,-82.9205,-82.9204999999999,35.4300000000001
31459,04415,"Lake Logan-Cecil Volunteer Fire Department, Inc.",2,5384 Pigeon Rd.,Canton,NC,Haywood,28716,35.46955717,-82.90012899,-82.90012899,35.46955717
31460,08117,Lake Lure Fire Department,1,622 Memorial Hwy,Lake Lure,NC,Rutherford,28746,35.42032625,-82.18784577,-82.18784577,35.4203262500001
31461,08117,Lake Lure Fire Department,2,1415 Buffalo Creek Rd,Lake Lure,NC,Rutherford,28746,35.46220839,-82.18825953,-82.18825953,35.4622083900001
31462,04904,Lake Norman Volunteer Fire and Rescue Department,1,1518 Brawley School Road,Mooresville,NC,Iredell,28117,35.55577156,-80.92426437,-80.9242643699999,35.55577156
31463,09402,Lake Phelps Volunteer Fire Department,1,9688 Newland Road,Creswell,NC,Washington,27928,35.8304,-76.4655,-76.4655,35.8304000000001
31464,06210,"Lake Tillery Fire and Rescue, Inc.",1,7913 NC Hwy 73 West,Mount Gilead,NC,Montgomery,27306,35.30248479,-80.07362105,-80.07362105,35.3024847900001
31465,06210,"Lake Tillery Fire and Rescue, Inc.",2,1853 Lilly's Bridge Road,Mt. Gilead,NC,Montgomery,27306,35.2559,-80.0732,-80.0732,35.2559000000001
31466,08808,"Lake Toxaway Fire Rescue, Inc.",1,850 Blue Ridge Rd,Lake Toxaway,NC,Transylvania,28747,35.13666232,-82.93191458,-82.93191458,35.13666232
31467,08808,"Lake Toxaway Fire Rescue, Inc.",2,599 Whitewater Rd,Sapphire,NC,Transylvania,28774,35.1049,-82.9589,-82.9589,35.1049
31468,02421,Lake Waccamaw Fire and Rescue Department,1,203 Flemington Dr.,Lake Waccamaw,NC,Columbus,28450,34.319619,-78.52232005,-78.52232005,34.319619
31469,02421,Lake Waccamaw Fire and Rescue Department,2,1741 Dupree Landing Rd.,Lake Waccamaw,NC,Columbus,28450,34.29333736,-78.55648781,-78.55648781,34.2933373600001
31470,08058,"Landis Municipal Fire Department, Inc.",1,136 N. Central Ave.,Landis,NC,Rowan,28088,35.54692144,-80.60832146,-80.60832146,35.5469214400001
31471,08058,"Landis Municipal Fire Department, Inc.",2,312 S. Main Street,Landis,NC,Rowan,28088,35.54460577,-80.61340496,-80.61340496,35.54460577
31472,09007,"Lanes Creek Volunteer Fire Department, Inc.",1,7608 Landsford Road,Monroe,NC,Union,28112,34.83875597,-80.43143522,-80.43143522,34.8387559700001
31473,00503,"Lansing Volunteer Fire & Rescue, Inc.",1,9281 Hwy 194 North,Lansing,NC,Ashe,28643,36.4983,-81.5105,-81.5105,36.4983
31474,00503,"Lansing Volunteer Fire & Rescue, Inc.",2,241 Old Helton School Road,Lansing ,NC,Ashe,28643,36.553826,-81.496613,-81.496613,36.5538260000001
31475,06609,"Lasker Volunteer Fire Department, Incorporated",1,112 West Church St.,Lasker,NC,Northampton,27848,36.34971296,-77.3085,-77.3085,36.34971296
31476,08305,"Laurel Hill Fire Department, Inc.",1,9200 Old Wire Rd,Laurel Hill,NC,Scotland,28351,34.81340311,-79.54731073,-79.5473107299999,34.81340311
31477,00304,"Laurel Springs Volunteer Fire Department, Inc.",1,12509 HWY 18 S.,Laurel Springs,NC,Alleghany,28644,36.4126,-81.263,-81.263,36.4126000000001
31478,05806,"Laurel Volunteer Fire Department, Inc.",1,4949 NC Hwy.212,Marshall,NC,Madison,28753,35.96504328,-82.70101609,-82.7010160899999,35.96504328
31479,05806,"Laurel Volunteer Fire Department, Inc.",2,127 Big Creek Rd,Marshall,NC,Madison,28753,36.007327,-82.641779,-82.641779,36.007327
31480,05806,"Laurel Volunteer Fire Department, Inc.",3,1661 Spillcorn Rd,Marshall,NC,Madison,28753,35.9457538,-82.6667805,-82.6667805,35.9457538
31481,08303,Laurinburg Fire Department,1,501 N Main St,Laurinburg,NC,Scotland,28352,34.782548,-79.45850303,-79.45850303,34.7825480000001
31482,08303,Laurinburg Fire Department,2,1547 Hickory St.,Laurinburg,NC,Scotland,28352,34.75605349,-79.47234828,-79.4723482799999,34.7560534900001
31483,08303,Laurinburg Fire Department,3,11280 Purcell Rd,Laurinburg,NC,Scotland,28353,34.7275,-79.5067,-79.5067,34.7275000000001
31484,02311,Lawndale Volunteer Fire Department,1,111 Richard Street,Lawndale,NC,Cleveland,28090,35.4130399,-81.56450729,-81.5645072899999,35.4130399000001
31485,08504,"Lawsonville Volunteer Fire & Rescue, Inc.",1,1013 Fire Rescue Lane,Lawsonville,NC,Stokes,27022,36.48593099,-80.22547662,-80.2254766199999,36.48593099
31486,07917,"Leaksville Volunteer Fire Department, Inc.",1,146 Beddingfield Road,Eden,NC,Rockingham,27288,36.47885176,-79.79539959,-79.79539959,36.4788517600001
31487,01710,"Leasburg Volunteer Fire Department, Inc.",1,5783 NC Hwy 119 N,Leasburg,NC,Caswell,27291,36.40365682,-79.21425324,-79.2142532399999,36.40365682
31488,01710,"Leasburg Volunteer Fire Department, Inc.",2,9798 Ridgeville Rd,Leasburg,NC,Caswell,27291,36.3905,-79.1591,-79.1591,36.3905
31489,03204,"Lebanon Volunteer Fire Department, Inc.",1,7900 Russell Road,Durham,NC,Durham,27722,36.11993534,-78.9391,-78.9390999999999,36.11993534
31490,03204,"Lebanon Volunteer Fire Department, Inc.",2,226 Milton Road,Durham,NC,Durham,27712,36.08855665,-78.9129923,-78.9129923,36.08855665
31491,06108,"Ledger Fire Department, Inc.",1,5165 South Hwy. 226,Bakersville,NC,Mitchell,28705,35.96496499,-82.11518047,-82.11518047,35.9649649900001
31492,03302,"Leggett Volunteer Fire Department, Inc.",1,29 Draugh Road,Tarboro,NC,Edgecombe,27886,35.99169566,-77.58130041,-77.58130041,35.9916956600001
31493,01111,"Leicester Volunteer Fire Department, Incorporated",1,1563 Alexander Road,Leicester,NC,Buncombe,28748,35.657551,-82.696036,-82.6960359999999,35.6575510000001
31494,01111,"Leicester Volunteer Fire Department, Incorporated",2,15 School Road,Leicester,NC,Buncombe,28748,35.67355688,-82.81183947,-82.8118394699999,35.67355688
31495,01111,"Leicester Volunteer Fire Department, Incorporated",3,1075 Newfound Road,Leicester,NC,Buncombe,28748,35.606,-82.7306,-82.7306,35.6060000000001
31496,05308,Lemon Springs Volunteer Fire Department,1,Greenwood Road and Lemon Springs Road,Lemon Springs,NC,Lee,28355,35.38920336,-79.19281073,-79.19281073,35.3892033600001
31497,05308,Lemon Springs Volunteer Fire Department,2,Pine Forrest and US 1,Lemon Springs,NC,Lee,28355,35.3556,-79.2307,-79.2307,35.3556
31498,01407,Lenoir Fire Department,1,602 Harper Ave. NW,Lenoir,NC,Caldwell,28645,35.91490435,-81.53745324,-81.5374532399999,35.91490435
31499,01407,Lenoir Fire Department,2,1927 Norwood Street,Lenoir,NC,Caldwell,28645,35.87890864,-81.51711802,-81.5171180199999,35.8789086400001
31500,01407,Lenoir Fire Department,3,1015 Wilkesboro Blvd. NE,Lenoir,NC,Caldwell,28645,35.92547,-81.50386,-81.50386,35.9254700000001
31501,07608,"Level Cross Voluntary Fire Department, Inc.",1,125 Branson Mill Rd,Randleman,NC,Randolph,27317,35.889152,-79.807031,-79.8070309999999,35.889152
31502,03312,"Lewis Community Volunteer Fire Department, Inc.",1,6585 Mckendree Church Road,Tarboro,NC,Edgecombe,27886,35.85895653,-77.63276974,-77.63276974,35.8589565300001
31503,00805,"Lewiston Woodville Volunteer Fire Department, Inc.",1,103 W. Church Street,Lewiston Woodville,NC,Bertie,27849,36.12301835,-77.17715708,-77.17715708,36.1230183500001
31504,02908,Lexington Fire Department,1,200 E. Center Street,Lexington,NC,Davidson,27292,35.82249578,-80.25052834,-80.25052834,35.8224957800001
31505,02908,Lexington Fire Department,2,285 Hargrave Rd,Lexington,NC,Davidson,27295,35.77682595,-80.31396482,-80.31396482,35.77682595
31506,02908,Lexington Fire Department,3,70 Biesecker Road,Lexington,NC,Davidson,27292,35.84549561,-80.25964332,-80.25964332,35.8454956100001
31507,02908,Lexington Fire Department,4,201 Cotton Grove Road,Lexington,NC,Davidson,27292,35.811465,-80.262238,-80.262238,35.8114650000001
31508,07609,Liberty Fire Department,1,515 W. Swannanoa Ave.,Liberty,NC,Randolph,27298,35.85159998,-79.5805,-79.5805,35.8515999800001
31509,00404,Lilesville Fire Department,1,202 W Wall St,Lilesville,NC,Anson,28091,34.96818792,-79.98650536,-79.98650536,34.96818792
31510,04311,Lillington Fire Department,1,823 South Main,Lillington,NC,Harnett,27546,35.39767641,-78.81619615,-78.8161961499999,35.39767641
31511,04311,Lillington Fire Department,2,3130 US 401 South,Lillington,NC,Harnett,27546,35.35766625,-78.79992146,-78.79992146,35.3576662500001
31512,05506,Lincolnton Fire Department,1,116 W. Scyamore St.,Lincolnton,NC,Lincoln,28092,35.471984,-81.258155,-81.258155,35.4719840000001
31513,05506,Lincolnton Fire Department,2,410 McAlister Rd.,Lincolnton,NC,Lincoln,28092,35.48756403,-81.20157662,-81.20157662,35.48756403
31514,00606,"Linville Volunteer Fire Department, Inc.",1,590 NC 105 Highway,Linville,NC,Avery,28646,36.07960565,-81.86999656,-81.8699965599999,36.0796056500001
31515,00606,"Linville Volunteer Fire Department, Inc.",2,100 Firehouse Lane,Linville,NC,Avery,28646,36.1245,-81.8452,-81.8452,36.1245000000001
31516,02909,"Linwood Rural Fire Department, Inc.",1,4297 Old Linwood Road,Lexington,NC,Davidson,27292,35.76069022,-80.3130498,-80.3130498,35.7606902200001
31517,09722,"Little Brushy Mountain Volunteer Fire Department, Inc.",1,2770 Mount Sinai Rd.,Wilkesboro,NC,Wilkes,28697,36.1253,-81.0285,-81.0285,36.1253
31518,08811,"Little River Fire Department of Transylvania County, Inc.",1,1240 Crab Creek Road,Penrose,NC,Transylvania,28766,35.2572,-82.6349,-82.6349,35.2572000000001
31519,08811,"Little River Fire Department of Transylvania County, Inc.",2,32 Acorn Ridge,Penrose,NC,Transylvania,28766,35.27178482,-82.66954752,-82.66954752,35.2717848200001
31520,01408,"Little River Fire Department, Inc.",1,4800 Oak Hill School Road,Lenoir,NC,Caldwell,28645,35.907,-81.403,-81.403,35.907
31521,09615,"Little River Volunteer Fire Department, Inc.",1,622 Gurley Dairy Rd,Pikeville,NC,Wayne,27863,35.4689,-78.0709,-78.0708999999999,35.4689000000001
31522,02511,Little Swift Creek Volunteer Fire Department,1,4580 US Hwy 17 North,Ernul,NC,Craven,28527,35.22769483,-77.07002105,-77.07002105,35.2276948300001
31523,02511,Little Swift Creek Volunteer Fire Department,2,761 Antioch Rd,New Bern,NC,Craven,28560,35.16784471,-77.05002105,-77.0500210499999,35.1678447100001
31524,02511,Little Swift Creek Volunteer Fire Department,3,2580 Aurora Rd,Ernul,NC,Craven,28527,35.25599049,-76.99477318,-76.99477318,35.25599049
31525,02511,Little Swift Creek Volunteer Fire Department,4,320 Macedonia Church Rd.,Ernul,NC,Craven,28527,35.25336962,-77.08459431,-77.0845943099999,35.2533696200001
31526,04206,"Littleton Volunteer Fire Department, Inc.",1,226 Hwy 158 E ,Littleton,NC,Halifax,27850,36.4366,-77.9071,-77.9071,36.4366000000001
31527,04206,"Littleton Volunteer Fire Department, Inc.",2,676 Oak Grove Church Rd,Littleton,NC,Halifax,27850,36.47587254,-77.85403884,-77.85403884,36.4758725400001
31528,08061,"Locke Township Fire Department, Incorporated",1,5405 Mooresville Rd,Salisbury,NC,Rowan,28147,35.6534041,-80.58719959,-80.58719959,35.6534041
31529,08061,"Locke Township Fire Department, Incorporated",2,1819 Moorseville Road,Salisbury,NC,Rowan,28147,35.66423947,-80.51471376,-80.5147137599999,35.66423947
31530,08061,"Locke Township Fire Department, Incorporated",3,2220 Grace Church Road,Salisbury,NC,Rowan,28147,35.61823519,-80.56955364,-80.56955364,35.6182351900001
31531,09924,"Lone Hickory Volunteer Fire Department, Inc.",1,3200 Lone Hickory Road,Yadkinville,NC,Yadkin,27055,36.06077451,-80.72142621,-80.7214262099999,36.06077451
31532,09313,"Long Bridge Volunteer Fire Department, Incorporated",1,1678 Eaton Ferry Road,Littleton,NC,Warren,27850,36.4984,-77.96508694,-77.9650869399999,36.4984000000001
31533,06012,"Long Creek Volunteer Fire Department, Inc.",1,6809 Beatties Ford Rd.,Charlotte,NC,Mecklenburg,28216,35.3255,-80.8671,-80.8670999999999,35.3255
31534,01808,Long View Fire Department,1,2404 1st Ave SW,Hickory,NC,Catawba,28602,35.72932645,-81.3790923,-81.3790923,35.72932645
31535,01255,"Longtown Volunteer Fire Department, Inc.",1,7765 South Mountain Institute Rd.,Nebo,NC,Burke,28761,35.7718,-81.9193,-81.9193,35.7718
31536,03507,Louisburg Fire Department,1,102 Wade Ave,Louisburg,NC,Franklin,27549,36.09716316,-78.29895055,-78.29895055,36.09716316
31537,01263,"Lovelady Volunteer Fire & Rescue Department, Incorporated",1,748 Malcolm Blvd.,Rutherford College,NC,Burke,28671,35.74960844,-81.5245249,-81.5245249,35.74960844
31538,01263,"Lovelady Volunteer Fire & Rescue Department, Incorporated",2,1008 US 70 Hwy ,Connelly Springs,NC,Burke,28612,35.7403,-81.5034,-81.5033999999999,35.7403
31539,03615,"Lowell Volunteer Fire Department, Inc.",1,202 Groves Street,Lowell,NC,Gaston,28098,35.26537219,-81.10041953,-81.10041953,35.2653721900001
31540,02703,Lower Currituck V. F. D. Inc.,1,6323 Caratoke Hwy,Grandy,NC,Currituck,27939,36.24813794,-75.88683067,-75.8868306699999,36.24813794
31541,02703,Lower Currituck V. F. D. Inc.,2,424 Waterlily Rd,Coinjock,NC,Currituck,27923,36.35382034,-75.94455131,-75.94455131,36.35382034
31542,02703,Lower Currituck V. F. D. Inc.,3,8336 Caratoke Hwy,Powells Point,NC,Currituck,27966,36.12230219,-75.83446805,-75.8344680499999,36.12230219
31543,03616,"Lucia-Riverbend Volunteer Fire Department, Inc.",1,14124 Lucia-Riverbend,Mount Holly,NC,Gaston,28120,35.37314253,-81.00089959,-81.00089959,35.3731425300001
31544,07809,"Lumber Bridge Volunteer Fire Department, Inc.",1,303 W. Main St.,Lumber Bridge,NC,Robeson,28357,34.89150333,-79.07688425,-79.07688425,34.89150333
31545,07810,Lumberton Fire Department,1,600 North Cedar St,Lumberton,NC,Robeson,28358,34.621232,-79.003234,-79.003234,34.6212320000001
31546,07810,Lumberton Fire Department,3,801 Dunn Rd,Lumberton,NC,Robeson,28358,34.619185,-79.038754,-79.038754,34.6191850000001
31547,03118,"Lyman Volunteer Fire Department, Inc.",1,1528 Lyman Rd,Chinquapin,NC,Duplin,28521,34.85414842,-77.74643755,-77.7464375499999,34.8541484200001
31548,03303,Macclesfield Rural Volunteer Fire Department,1,410 E Green Street,Macclesfield,NC,Edgecombe,27852,35.749798,-77.664305,-77.664305,35.7497980000001
31549,09307,"Macon Rural Fire Department, Inc.",1,1644 US Highway 158 Business East,Macon,NC,Warren,27551,36.43868342,-78.08328315,-78.0832831499999,36.4386834200001
31550,07903,Madison Fire Department,1,107 N. Wilson,Madison,NC,Rockingham,27025,36.38812092,-79.97103947,-79.9710394699999,36.3881209200001
31551,04408,"Maggie Valley Volunteer Fire Department, Inc.",1,2901 Soco Road ,Maggie Valley,NC,Haywood,28751,35.51204105,-83.07754099,-83.07754099,35.5120410500001
31552,03108,"Magnolia Volunteer Fire Department, Inc.",1,110 Taylor St.,Magnolia,NC,Duplin,28453,34.8959924,-78.05510688,-78.05510688,34.8959924000001
31553,01809,Maiden Fire Department,1,719 East Main Streer,Maiden,NC,Catawba,28650,35.5766,-81.215,-81.215,35.5766
31554,01809,Maiden Fire Department,2,5911 Startown Rd.,Maiden,NC,Catawba,28650,35.5899,-81.2567,-81.2567,35.5899000000001
31555,02811,"Manns Harbor Volunteer Fire Department, Inc.",1,6677 NC Hwy 64 East,Manns Harbor,NC,Dare,27953,35.8926,-75.7683,-75.7683,35.8926000000001
31556,09616,"Mar-Mac Volunteer Fire Department, Inc.",1,583 Old Grantham Rd,Goldsboro,NC,Wayne,27530,35.33598007,-78.04740041,-78.04740041,35.3359800700001
31557,05605,Marion Fire Department,1,60 West Court Street,Marion,NC,McDowell,28752,35.68400043,-82.01013411,-82.01013411,35.68400043
31558,05803,Mars Hill Volunteer Fire Department,1,56 North Main Street,Mars Hill,NC,Madison,28754,35.82778257,-82.54826437,-82.54826437,35.8277825700001
31559,05802,"Marshall Community Volunteer Fire Department, Incorporated",1,53 North Main,Marshall,NC,Madison,28753,35.79736729,-82.68499079,-82.68499079,35.7973672900001
31560,01614,"Marshallberg Voluntary Fire Department, Inc.",1,109 Goose Pond Rd,Marshallberg,NC,Carteret,28553,34.727,-76.5153,-76.5153,34.727
31561,01614,"Marshallberg Voluntary Fire Department, Inc.",2,399 Piggott Rd.,Gloucester,NC,Carteret,28528,34.72749138,-76.54493219,-76.5449321899999,34.7274913800001
31562,02002,"Martin's Creek Volunteer Fire Department, Inc.",1,3940 Hedden Raod,Murphy,NC,Cherokee,28906,35.027182,-84.03251,-84.0325099999999,35.027182
31563,06014,Matthews Fire & EMS,1,236 S. Trade St.,Matthews,NC,Mecklenburg,28105,35.11344845,-80.72527658,-80.72527658,35.1134484500001
31564,06014,Matthews Fire & EMS,2,1201 Crews Rd.,Matthews,NC,Mecklenburg,28105,35.12524388,-80.72081376,-80.7208137599999,35.12524388
31565,06014,Matthews Fire & EMS,3,3017 Matthews - Mint Hill Road,Matthews,NC,Mecklenburg,28105,35.132568,-80.685069,-80.6850689999999,35.132568
31566,04007,"Maury Volunteer Fire and Rescue Association, Inc.",1,3659 Hwy 903 N,Maury,NC,Greene,28554,35.48126364,-77.58157055,-77.58157055,35.4812636400001
31567,04007,"Maury Volunteer Fire and Rescue Association, Inc.",2,5846 Highway 258 North,Farmville,NC,Greene,28554,35.520574,-77.613743,-77.6137429999999,35.5205740000001
31568,07904,Mayodan Fire Department,1,100 N Ayersville Road,Mayodan,NC,Rockingham,27027,36.41477552,-79.97746822,-79.9774682199999,36.41477552
31569,05203,"Maysville Fire and EMS, Inc.",1,404 Main Street,Maysville,NC,Jones,28555,34.90597682,-77.23170729,-77.23170729,34.90597682
31570,05203,"Maysville Fire and EMS, Inc.",2,7561 New Bern Hwy,Maysville,NC,Jones,28555,34.88706,-77.234866,-77.234866,34.8870600000001
31571,05203,"Maysville Fire and EMS, Inc.",3,2603 White Oak River Rd,Maysville,NC,Jones,28555,34.926,-77.3331,-77.3330999999999,34.926
31572,09707,"McGrady Volunteer Fire and Rescue, Inc.",1,11461 Sparta Rd.,Mc Grady,NC,Wilkes,28649,36.326,-81.2239,-81.2239,36.3260000000001
31573,04114,"McLeansville Fire Department, Inc.",1,5326 Frieden Church Rd,Mc Leansville,NC,Guilford,27301,36.10643932,-79.65926052,-79.65926052,36.10643932
31574,04114,"McLeansville Fire Department, Inc.",2,3719 HighRock Rd.,Gibsonville,NC,Guilford,27249,36.1351,-79.61120729,-79.61120729,36.1351000000001
31575,04114,"McLeansville Fire Department, Inc.",3,625 Knox Rd,Gibsonville,NC,Guilford,27249,36.07563496,-79.64048391,-79.6404839099999,36.0756349600001
31576,05115,"Meadow Volunteer Fire Department, Inc.",1,7409 NC Highway 50 South,Benson,NC,Johnston,27504,35.32047003,-78.45477469,-78.45477469,35.32047003
31577,09507,"Meat Camp Volunteer Fire Department, Inc.",1,4797 NC Hwy 194 North,Boone,NC,Watauga,28607,36.27284135,-81.65098075,-81.65098075,36.2728413500001
31578,09507,"Meat Camp Volunteer Fire Department, Inc.",2,4893 Howards Creek Rd,Boone,NC,Watauga,28607,36.268723,-81.711674,-81.711674,36.2687230000001
31579,00109,Mebane Fire Department,1,405 North First Street,Mebane,NC,Alamance,27302,36.10193157,-79.27085633,-79.27085633,36.10193157
31580,00109,Mebane Fire Department,2,103 West Washington Street,Mebane,NC,Alamance,27302,36.09578037,-79.26837756,-79.26837756,36.0957803700001
31581,00109,Mebane Fire Department,3,1469 Mebane Oaks Road,Mebane,NC,Alamance,27302,36.06341977,-79.26824332,-79.26824332,36.0634197700001
31582,00806,Merry Hill-Midway Volunteer Fire Department,1,109 NC 45 N,Merry Hill,NC,Bertie,27957,36.0357,-76.7853,-76.7852999999999,36.0357000000001
31583,05116,"Micro Volunteer Fire Department, Inc.",1,321 U S Hwy 301 S ,Micro,NC,Johnston,27555,35.56098254,-78.20897469,-78.2089746899999,35.5609825400001
31584,09403,"Mid-County Volunteer Fire Department, Inc.",1,18135 NC Highway 32 North,Roper,NC,Washington,27970,35.95075657,-76.49351994,-76.4935199399999,35.9507565700001
31585,06406,Middlesex Volunteer Fire Department,1,11636 W. Hanes Ave,Middlesex,NC,Nash,27557,35.7911,-78.2068,-78.2068,35.7911
31586,01312,"Midland Volunteer Fire and Rescue, Inc.",1,12805 US 601 Hwy S,Midland,NC,Cabarrus,28107,35.2418,-80.5036,-80.5035999999999,35.2418000000001
31587,01312,"Midland Volunteer Fire and Rescue, Inc.",2,369 NC 24/27 Hwy E,Midland,NC,Cabarrus,28107,35.249684,-80.56739656,-80.56739656,35.2496840000001
31588,02910,"Midway Fire & Rescue Department, Inc.",1,228 Midway School Road,Lexington,NC,Davidson,27295,35.95296067,-80.21597358,-80.21597358,35.95296067
31589,02910,"Midway Fire & Rescue Department, Inc.",2,2466 Gumtree Rd.,Winston Salem,NC,Davidson,27107,35.99685696,-80.19785364,-80.1978536399999,35.9968569600001
31590,01631,"Mill Creek Fire Association, Inc.",1,2370 Mill Creek Rd,Newport,NC,Carteret,28570,34.7752,-76.7488,-76.7488,34.7752
31591,07503,"Mill Spring Volunteer Fire Department, Inc.",1,145 Old School Road,Mill Spring,NC,Polk,28756,35.29917005,-82.16184481,-82.1618448099999,35.29917005
31592,04605,"Millennium Fire Department, Inc.",1,246 Millennium Rd,Aulander,NC,Hertford,27805,36.24710982,-77.09824291,-77.09824291,36.24710982
31593,08064,"Miller's Ferry Road Fire Department, Incorporated",1,2650 Long Ferry Rd,Salisbury,NC,Rowan,28146,35.6938,-80.37,-80.3699999999999,35.6938000000001
31594,08064,"Miller's Ferry Road Fire Department, Incorporated",2,4590 Long Ferry Road,Salisbury,NC,Rowan,28146,35.6781,-80.344,-80.3439999999999,35.6781
31595,09708,"Millers Creek Volunteer Fire Department, Inc.",1,5180 Boone Trail Rd,Millers Creek,NC,Wilkes,28651,36.188,-81.2351,-81.2351,36.188
31596,09708,"Millers Creek Volunteer Fire Department, Inc.",2,700 Big Ivy Rd.,Purlear,NC,Wilkes,28665,36.22352164,-81.36581761,-81.36581761,36.2235216400001
31597,08410,"Millingport Volunteer Fire Department, Inc.",1,32521 Millingport Road,New London,NC,Stanly,28127,35.38205873,-80.30391602,-80.30391602,35.38205873
31598,04509,"Mills River Fire & Rescue Department, Inc.",1,5400 Boylston Highway,Mills River,NC,Henderson,28759,35.3796245,-82.5768041,-82.5768040999999,35.3796245
31599,04509,"Mills River Fire & Rescue Department, Inc.",2,100 Fanning Fields Road,Mills River,NC,Henderson,28759,35.4099,-82.5488,-82.5488,35.4099000000001
31600,04509,"Mills River Fire & Rescue Department, Inc.",3,8501 Boylston Highway,Mills River,NC,Henderson,28759,35.3481,-82.6148,-82.6147999999999,35.3481
31601,04509,"Mills River Fire & Rescue Department, Inc.",4,2869 North Mills River Road,Mills River,NC,Henderson,28759,35.3959,-82.6146,-82.6145999999999,35.3959
31602,01702,"Milton Voluntary Fire Department, Inc.",1,160 Broad Street,Milton,NC,Caswell,27305,36.53896202,-79.20634448,-79.20634448,36.53896202
31603,01702,"Milton Voluntary Fire Department, Inc.",2,8712 NC Hwy 62,Milton,NC,Caswell,27305,36.50212,-79.2407,-79.2406999999999,36.50212
31604,09009,"Mineral Springs Volunteer Fire and Rescue Department, Inc.",15,5804 Waxhaw Highway,Mineral Springs,NC,Union,28108,34.93931197,-80.66737838,-80.6673783799999,34.9393119700001
31605,09009,"Mineral Springs Volunteer Fire and Rescue Department, Inc.",16,2320 Rocky River Road,Mineral Springs,NC,Union,28108,34.93892084,-80.62277434,-80.62277434,34.93892084
31606,03410,"Mineral Springs Volunteer Fire and Rescue, Inc.",1,1338 Old Hollow Road,Winston Salem,NC,Forsyth,27105,36.18994372,-80.22269195,-80.22269195,36.18994372
31607,06015,"Mint Hill Volunteer Fire Department, Inc.",1,8313 Fairview Road,Charlotte,NC,Mecklenburg,28227,35.17923677,-80.64183219,-80.6418321899999,35.17923677
31608,03508,"Mitchiner's Cross Road Rural Fire Department, Inc.",1,2964 West River Rd,Franklinton,NC,Franklin,27525,36.12416066,-78.39378198,-78.39378198,36.12416066
31609,03022,Mocksville Fire Department,1,335 Sanford Avenue,Mocksville,NC,Davie,27028,35.89283902,-80.56513603,-80.56513603,35.8928390200001
31610,06417,"Momeyer Volunteer Fire-Rescue, Inc.",1,4872 Momeyer Way,Nashville,NC,Nash,27856,35.96153447,-78.05097166,-78.05097166,35.9615344700001
31611,01904,"Moncure Volunteer Fire Department, Inc.",1,2389 Old US Hwy 1,Moncure,NC,Chatham,27559,35.61653672,-79.05163259,-79.0516325899999,35.6165367200001
31612,01904,"Moncure Volunteer Fire Department, Inc.",2,1321 NC 42 Hwy ,Moncure,NC,Chatham,27559,35.56330657,-79.00971947,-79.0097194699999,35.5633065700001
31613,09010,Monroe Fire Department,1,300 West Crowell St.,Monroe,NC,Union,28112,34.9841792,-80.55155708,-80.55155708,34.9841792
31614,09010,Monroe Fire Department,2,399 East Roosevelt Boulevard,Monroe,NC,Union,28112,34.9796033,-80.52348775,-80.52348775,34.9796033000001
31615,09010,Monroe Fire Department,3,1737 Williams Road Extension,Monroe,NC,Union,28110,35.00711864,-80.56569808,-80.5656980799999,35.00711864
31616,09010,Monroe Fire Department,4,3907 Old Charlotte Highway,Monroe,NC,Union,28110,35.02872868,-80.61090344,-80.61090344,35.02872868
31617,09010,Monroe Fire Department,5,105 Maple Hill Road,Monroe,NC,Union,28110,35.0205,-80.5423,-80.5423,35.0205
31618,09010,Monroe Fire Department,6,3830 Perrette Road,Monroe,NC,Union,28110,35.066569,-80.592968,-80.592968,35.0665690000001
31619,07905,"Monroeton Volunteer Fire Department, Inc.",1,9252 US 158 Hwy,Reidsville,NC,Rockingham,27320,36.290412,-79.730546,-79.7305459999999,36.2904120000001
31620,07905,"Monroeton Volunteer Fire Department, Inc.",2,1041 Benaja Road,Reidsville,NC,Rockingham,27320,36.2591,-79.6912,-79.6912,36.2591
31621,04916,"Monticello Volunteer Fire Department, Inc.",1,160 Travis Loop,Statesville,NC,Iredell,28625,35.80663909,-80.94350688,-80.94350688,35.80663909
31622,04905,Mooresville Fire Department,1,457 North Main Street,Mooresville,NC,Iredell,28115,35.5859604,-80.80687166,-80.80687166,35.5859604
31623,04905,Mooresville Fire Department,2,186 Knob Hill Road,Mooresville,NC,Iredell,28117,35.59198255,-80.86898239,-80.86898239,35.5919825500001
31624,04905,Mooresville Fire Department,3,1023 Shearers Road,Mooresville,NC,Iredell,28115,35.55190797,-80.80893563,-80.80893563,35.5519079700001
31625,04905,Mooresville Fire Department,4,2014 Charlotte Hwy,Mooresville,NC,Iredell,28117,35.62298386,-80.82667819,-80.8266781899999,35.62298386
31626,04905,Mooresville Fire Department,5,125 Balmy Lane,Mooresville,NC,Iredell,28115,35.57673822,-80.84287854,-80.84287854,35.57673822
31627,04905,Mooresville Fire Department,6,115 Manufactures Blvd ,Mooresville ,NC,Iredell,28115,35.62045,-80.78293,-80.78293,35.6204500000001
31628,09709,"Moravian Falls Volunteer Fire Department, Inc.",1,251 East Brocktown Rd.,Moravian Falls,NC,Wilkes,28654,36.09309193,-81.18239271,-81.18239271,36.0930919300001
31629,01624,Morehead City Fire Department,1,1406 Bridges St.,Morehead City,NC,Carteret,28557,34.72337495,-76.72166589,-76.7216658899999,34.72337495
31630,01624,Morehead City Fire Department,2,4034 Arendell St.,Morehead City,NC,Carteret,28557,34.7265573,-76.76604653,-76.76604653,34.7265573
31631,01624,Morehead City Fire Department,3,151 Brooks Ave.,Morehead City,NC,Carteret,28557,34.742826,-76.818356,-76.8183559999999,34.742826
31632,01270,Morganton Department Of Public Safety,1,231 Avery Avenue,Morganton,NC,Burke,28655,35.75073985,-81.68725912,-81.68725912,35.7507398500001
31633,01270,Morganton Department Of Public Safety,2,801 Carbon City Road,Morganton,NC,Burke,28655,35.73233453,-81.73911802,-81.73911802,35.7323345300001
31634,01270,Morganton Department Of Public Safety,3,840 Burkemont Avenue,Morganton,NC,Burke,28655,35.72530822,-81.69291953,-81.69291953,35.72530822
31635,07304,Moriah Volunteer Fire and Rescue Department,1,6005 Mount Harmony Church Road,Rougemont,NC,Person,27572,36.2689384,-78.82698006,-78.82698006,36.2689384
31636,07304,Moriah Volunteer Fire and Rescue Department,2,1879 Mt Harmony Church Rd,Rougemont,NC,Person,27572,36.31677033,-78.86201569,-78.86201569,36.3167703300001
31637,09212,Morrisville Fire & Rescue Department,1,200 Town Hall Drive,Morrisville,NC,Wake,27560,35.82313057,-78.82594251,-78.8259425099999,35.82313057
31638,09212,Morrisville Fire & Rescue Department,2,10632 Chapel Hill Rd,Morrisville,NC,Wake,27560,35.84556092,-78.83541953,-78.83541953,35.84556092
31639,00405,"Morven Volunteer Fire Department, Inc.",1,242 Main St.,Morven,NC,Anson,28119,34.8634,-79.9983,-79.9983,34.8634000000001
31640,08610,Mount Airy Fire Department,1,439 Rockford Street,Mount Airy,NC,Surry,27030,36.49322669,-80.60966397,-80.60966397,36.49322669
31641,08610,Mount Airy Fire Department,2,1310 North Main Street,Mount Airy,NC,Surry,27030,36.5149,-80.60531417,-80.60531417,36.5149000000001
31642,06202,Mount Gilead Volunteer Fire Department,1,106 E. Allenton St,Mount Gilead,NC,Montgomery,27306,35.21466494,-80.00091953,-80.00091953,35.21466494
31643,03619,Mount Holly Fire Department,1,433 Killian Avenue,Mount Holly,NC,Gaston,28120,35.3048848,-81.01308542,-81.01308542,35.3048848
31644,03619,Mount Holly Fire Department,2,1201 S Main Street,Mount Holly,NC,Gaston,28120,35.27491241,-81.02797125,-81.02797125,35.2749124100001
31645,03619,Mount Holly Fire Department,3,13455 Lucia River Bend Highway,Mount Holly,NC,Gaston,28120,35.3580082692891,-80.9917307605484,-80.991730761,35.358008269
31646,04906,"Mount Mourne Volunteer Fire Department, Inc.",1,1577 Mecklenburg Highway,Mooresville,NC,Iredell,28115,35.53970794,-80.84723522,-80.84723522,35.53970794
31647,09617,Mount Olive Fire Department,1,401 N Center St. ,Mount Olive,NC,Wayne,28365,35.1993,-78.0644,-78.0644,35.1993000000001
31648,01311,Mount Pleasant Fire And Rescue Department,1,1415 North Main Street,Mount Pleasant,NC,Cabarrus,28124,35.4005,-80.4349,-80.4349,35.4005000000001
31649,07706,"Mountain Creek Fire Department, Inc.",1,248 Godfrey Road,Ellerbe,NC,Richmond,28338,35.12592103,-79.77450688,-79.77450688,35.12592103
31650,04510,"Mountain Home Fire & Rescue Department, Inc.",1,3710 Asheville Hwy.,Hendersonville,NC,Henderson,28791,35.37205067,-82.49346478,-82.49346478,35.3720506700001
31651,04510,"Mountain Home Fire & Rescue Department, Inc.",2,2681 Howard Gap Road,Hendersonville,NC,Henderson,28792,35.36694375,-82.44980729,-82.44980729,35.3669437500001
31652,04510,"Mountain Home Fire & Rescue Department, Inc.",3,881 Carriage Park Way,Hendersonville,NC,Henderson,28791,35.34835123,-82.51459271,-82.51459271,35.34835123
31653,08669,"Mountain Park Volunteer Fire Department, Incorporated",1,1137 Zephyr-Mountain Park Road,State Road,NC,Surry,28676,36.37442592,-80.85222834,-80.85222834,36.3744259200001
31654,01811,"Mountain View Volunteer Fire Department of Catawba County, Inc.",1,1820 Zion Church Road,Hickory,NC,Catawba,28602,35.6730153,-81.3405829,-81.3405829,35.6730153
31655,01811,"Mountain View Volunteer Fire Department of Catawba County, Inc.",2,1540 Henry River Road,Hickory,NC,Catawba,28602,35.66972944,-81.42603363,-81.4260336299999,35.66972944
31656,01811,"Mountain View Volunteer Fire Department of Catawba County, Inc.",3,3571 NC Hwy 127 South,Hickory,NC,Catawba,28602,35.67551112,-81.38598927,-81.38598927,35.6755111200001
31657,09710,"Mountain View Volunteer Fire Department, Inc.",1,5416 Mountain View Road,Hays,NC,Wilkes,28635,36.24878752,-81.1174,-81.1174,36.2487875200001
31658,09710,"Mountain View Volunteer Fire Department, Inc.",2,3945 Dehart Church Road,Hays,NC,Wilkes,28635,36.2998,-81.1356,-81.1356,36.2998000000001
31659,05711,"Mountain/Valley Volunteer Fire & Rescue, Inc.",1,188 Echo Valley Road ,Franklin,NC,Macon,28734,35.2349,-83.3492,-83.3491999999999,35.2349
31660,05711,"Mountain/Valley Volunteer Fire & Rescue, Inc.",2,2265 Coon Creek Road,Franklin,NC,Macon,28734,35.258,-83.3176,-83.3176,35.258
31661,02701,"Moyock Volunteer Fire Department and Rescue Squad, Inc.",1,108 Fire Station Court,Moyock,NC,Currituck,27958,36.52368106,-76.17419888,-76.1741988799999,36.5236810600001
31662,04115,"Mt. Hope Community Fire Dept., Inc.",1,6651 Holts Store Rd,Julian,NC,Guilford,27283,35.99518194,-79.60268886,-79.6026888599999,35.9951819400001
31663,01310,"Mt. Mitchell Volunteer Fire Department, Inc.",1,5875 Old Salisbury-Concord Rd.,Kannapolis,NC,Cabarrus,28083,35.49708253,-80.5509502,-80.5509502,35.4970825300001
31664,09711,"Mulberry-Fairplains Volunteer Fire Department, Inc.",1,2055 Sparta Rd.,North Wilkesboro,NC,Wilkes,28659,36.2226,-81.1695,-81.1695,36.2226000000001
31665,09711,"Mulberry-Fairplains Volunteer Fire Department, Inc.",2,4115 Mertie Road,Millers Creek,NC,Wilkes,28651,36.289162012678,-81.2319906207572,-81.231990621,36.2891620130001
31666,04606,Murfreesboro Fire Department,1,202 Sycamore St.,Murfreesboro,NC,Hertford,27855,36.44580507,-77.09888972,-77.09888972,36.4458050700001
31667,02003,Murphy Fire Department,1,1 Firehouse Lane,Murphy,NC,Cherokee,28906,35.08470974,-84.03778087,-84.0377808699999,35.0847097400001
31668,02003,Murphy Fire Department,2,125 Natural Springs Drive,Murphy,NC,Cherokee,28906,35.10309561,-84.02000315,-84.02000315,35.10309561
31669,02003,Murphy Fire Department,3,118 James A Mulkey Drive,Murphy,NC,Cherokee,28906,35.12246,-83.99575,-83.99575,35.12246
31670,01023,"N.W. Volunteer Fire/Rescue Department, Inc.",1,3255 Maco Road,Leland,NC,Brunswick,28451,34.26887733,-78.14553567,-78.14553567,34.2688773300001
31671,01023,"N.W. Volunteer Fire/Rescue Department, Inc.",2,5029 Blue Banks Loop Rd,Leland,NC,Brunswick,28451,34.31391108,-78.1598291,-78.1598291,34.31391108
31672,02806,Nags Head Fire And Rescue,1,5314 South Croatan Hwy,Nags Head,NC,Dare,27959,35.93399536,-75.61392834,-75.61392834,35.93399536
31673,02806,Nags Head Fire And Rescue,2,8806 Old Oregon Inlet Road,Nags Head,NC,Dare,27959,35.88623744,-75.58527331,-75.5852733099999,35.8862374400001
31674,09619,"Nahunta Volunteer Fire Department, Inc.",1,3058 Nahunta Rd,Pikeville,NC,Wayne,27863,35.50833799,-78.0622249,-78.0622249,35.50833799
31675,09619,"Nahunta Volunteer Fire Department, Inc.",2,4825 NC 581 Highway North,Fremont,NC,Wayne,27830,35.58445637,-78.04839656,-78.04839656,35.5844563700001
31676,02410,"Nakina Fire & Rescue Squad, Inc.",1,214 Ramsey Ford Rd.,Nakina,NC,Columbus,28455,34.1028,-78.6555,-78.6555,34.1028000000001
31677,02410,"Nakina Fire & Rescue Squad, Inc.",2,18032 Seven Creeks Hwy.,Tabor City,NC,Columbus,28463,34.00058221,-78.64908239,-78.64908239,34.0005822100001
31678,05710,"Nantahala Volunteer Fire and Rescue, Inc.",1,19036 Wayah Road,Topton,NC,Macon,28781,35.20932401,-83.62578315,-83.62578315,35.20932401
31679,05710,"Nantahala Volunteer Fire and Rescue, Inc.",2,405 Windingstairs Road,Topton,NC,Macon,28781,35.25547276,-83.63209398,-83.63209398,35.25547276
31680,06407,Nashville Fire Department,1,501 South Barnes Street,Nashville,NC,Nash,27856,35.97084776,-77.97077358,-77.97077358,35.97084776
31681,06407,Nashville Fire Department,2,1520 Oak Level Rd,Nashville,NC,Nash,27856,35.96477,-77.941804,-77.9418039999999,35.96477
31682,01022,Navassa Volunteer Fire Department,1,336 Main St,Leland,NC,Brunswick,28451,34.25648227,-78.00966781,-78.0096678099999,34.25648227
31683,01022,Navassa Volunteer Fire Department,2,2680 Daniels Road,Leland,NC,Brunswick,28451,34.29663545,-78.04445324,-78.0444532399999,34.2966354500001
31684,05606,Nebo Volunteer Fire Department,1,199B NC Hwy 126,Nebo,NC,McDowell,28761,35.71373598,-81.93118669,-81.9311866899999,35.71373598
31685,02512,New Bern Fire Department,1,1401 Neuse Blvd,New Bern,NC,Craven,28563,35.10864015,-77.05633178,-77.0563317799999,35.10864015
31686,02512,New Bern Fire Department,2,800 W Thruman Rd,New Bern,NC,Craven,28563,35.03397262,-77.02245172,-77.0224517199999,35.03397262
31687,02512,New Bern Fire Department,3,3101 Elizabeth Ave,New Bern,NC,Craven,28563,35.11652979,-77.09414595,-77.09414595,35.1165297900001
31688,06513,New Hanover County Fire/Rescue,1,3515 Kerr Ave.,Wilmington,NC,New Hanover,28401,34.28830416,-77.91996245,-77.91996245,34.2883041600001
31689,06513,New Hanover County Fire/Rescue,2,3805 North US Hwy 421,Wilmington,NC,New Hanover,28405,34.29567727,-77.97373714,-77.97373714,34.2956772700001
31690,06513,New Hanover County Fire/Rescue,3,4860 Castle Hayne Rd,Castle Hayne,NC,New Hanover,28429,34.3398,-77.9066,-77.9066,34.3398
31691,06513,New Hanover County Fire/Rescue,4,8310 Shiraz Way,Wilmington,NC,New Hanover,28411,34.29366564,-77.7752337,-77.7752336999999,34.29366564
31692,06513,New Hanover County Fire/Rescue,5,7375 Market St,Wilmington,NC,New Hanover,28411,34.27669752,-77.8154249,-77.8154249,34.27669752
31693,06513,New Hanover County Fire/Rescue,6,5901 Murrayville Rd,Wilmington,NC,New Hanover,28405,34.29190665,-77.86642606,-77.86642606,34.29190665
31694,06513,New Hanover County Fire/Rescue,7,5636 Carolina Beach Rd.,Wilmington,NC,New Hanover,28412,34.13459971,-77.89574939,-77.8957493899999,34.13459971
31695,06513,New Hanover County Fire/Rescue,8,9815 River Rd.,Wilmington,NC,New Hanover,28412,34.06193778,-77.90000688,-77.90000688,34.0619377800001
31696,06806,"New Hope Fire Department, Inc.",1,4012 Whitfield Road,Chapel Hill,NC,Orange,27516,35.97801,-79.0295,-79.0295,35.97801
31697,06806,"New Hope Fire Department, Inc.",2,4700 Hwy 86,Chapel Hill,NC,Orange,27516,36.01390868,-79.07106052,-79.0710605199999,36.01390868
31698,07607,"New Hope Volunteer Fire Department of Randolph County, Inc.",1,6397 Volunteer Rescue Road,Denton,NC,Randolph,27239,35.55511385,-80.01805901,-80.0180590099999,35.5551138500001
31699,09613,"New Hope Volunteer Fire Department of Wayne County, Inc.",1,583 Mark Edwards RD,La Grange,NC,Wayne,28551,35.3868,-77.8673,-77.8672999999999,35.3868000000001
31700,09613,"New Hope Volunteer Fire Department of Wayne County, Inc.",2,186 East Wayne Rd.,Goldsboro,NC,Wayne,27534,35.44370189,-77.82733204,-77.82733204,35.4437018900001
31701,03620,"New Hope Volunteer Fire Department, Inc.",1,4804 S New Hope,Belmont,NC,Gaston,28012,35.2034474,-81.07333603,-81.07333603,35.2034474000001
31702,08411,"New London Volunteer Fire Department, Inc.",1,310 South Main Street,New London,NC,Stanly,28127,35.44146993,-80.21905172,-80.21905172,35.44146993
31703,00510,"New River Volunteer Fire and Rescue Department, Inc.",1,6067 Highway 16 North,Crumpler,NC,Ashe,28617,36.49326253,-81.40921802,-81.40921802,36.49326253
31704,00510,"New River Volunteer Fire and Rescue Department, Inc.",2,234 Sussex Road,Grassy Creek,NC,Ashe,28631,36.56197199,-81.41879155,-81.41879155,36.5619719900001
31705,09011,"New Salem Volunteer Fire Department, Inc.",4,6711 Highway 218 East,Marshville,NC,Union,28103,35.13237716,-80.37043825,-80.3704382499999,35.13237716
31706,09011,"New Salem Volunteer Fire Department, Inc.",5,5904 Love Mill Rd,Marshville,NC,Union,28103,35.14004825,-80.44452029,-80.44452029,35.1400482500001
31707,09011,"New Salem Volunteer Fire Department, Inc.",6,6711 Tarlton Mill Rd ,Marshville,NC,Union,28103,35.08562538,-80.42018583,-80.42018583,35.0856253800001
31708,09011,"New Salem Volunteer Fire Department, Inc.",7,Pleasant Hill Church Rd/Old Kennedy Ford,Marshville,NC,Union,28103,35.14731974,-80.33557627,-80.33557627,35.1473197400001
31709,10012,"Newdale Volunteer Fire Department, Inc.",35,98 River Walk Drive,Burnsville,NC,Yancey,28755,35.907614,-82.196312,-82.196312,35.907614
31710,00604,"Newland Volunteer Fire Department, Incorporated",1,342 Estatoa Ave,Newland,NC,Avery,28657,36.08805606,-81.92990303,-81.9299030299999,36.08805606
31711,01643,Newport Fire Department,1,125 Howard Blvd,Newport,NC,Carteret,28570,34.78670174,-76.8605498,-76.8605497999999,34.7867017400001
31712,01643,Newport Fire Department,2,485 Lake Road ,Newport,NC,Carteret,28570,34.80056972,-76.93690692,-76.93690692,34.8005697200001
31713,01812,Newton Fire Department,1,119 S. Brady Ave.,Newton,NC,Catawba,28658,35.66044442,-81.22092454,-81.2209245399999,35.66044442
31714,01812,Newton Fire Department,2,560 W 21St Street,Newton,NC,Catawba,28658,35.68350043,-81.22721417,-81.22721417,35.68350043
31715,01812,Newton Fire Department,3,4197 Startown Road,Newton,NC,Catawba,28658,35.63653488,-81.26787166,-81.26787166,35.6365348800001
31716,08207,Newton Grove Fire & Rescue,1,313 Weeksdale St,Newton Grove,NC,Sampson,28366,35.24514792,-78.35810729,-78.35810729,35.2451479200001
31717,06709,"Nine Mile Volunteer Fire & Rescue, Inc.",1,1131 Nine Mile Rd,Richlands,NC,Onslow,28574,34.77702644,-77.62767166,-77.62767166,34.77702644
31718,02507,No 7 Township Fire and Rescue Dept of Craven County N C,1,1705 Old Cherry Point Rd,New Bern,NC,Craven,28564,35.07222293,-77.02347277,-77.02347277,35.0722229300001
31719,02507,No 7 Township Fire and Rescue Dept of Craven County N C,2,1815 Brices Creek Rd,New Bern,NC,Craven,28562,35.0661595,-77.07313907,-77.07313907,35.0661595
31720,02507,No 7 Township Fire and Rescue Dept of Craven County N C,3,4530 Old Cherry Point Rd,New Bern,NC,Craven,28564,35.0184,-76.9944,-76.9944,35.0184
31721,02509,No. 9 Township Fire & Rescue,1,3783 NC Hwy 55 West,New Bern,NC,Craven,28562,35.19943343,-77.20510688,-77.20510688,35.1994334300001
31722,02509,No. 9 Township Fire & Rescue,2,2431 Asbury Rd,Cove City,NC,Craven,28523,35.23710078,-77.26498927,-77.2649892699999,35.23710078
31723,09308,"Norlina Volunteer Fire Department, Inc.",1,103 Center Street ,Norlina,NC,Warren,27563,36.4456015,-78.19578583,-78.19578583,36.4456015000001
31724,05508,"North 321 Volunteer Fire Dept., Inc.",1,3769 Maiden Highway,Lincolnton,NC,Lincoln,28092,35.52940437,-81.22112875,-81.2211287499999,35.5294043700001
31725,05508,"North 321 Volunteer Fire Dept., Inc.",2,2161 Startown Road,Lincolnton ,NC,Lincoln,28092,35.5151135,-81.263392,-81.263392,35.5151135
31726,05507,"North Brook Volunteer Fire Department, Inc.",1,7050 Doyle Beam Memorial Rd.,Vale,NC,Lincoln,28168,35.4971,-81.4556,-81.4555999999999,35.4971
31727,05507,"North Brook Volunteer Fire Department, Inc.",2,996 NC 274 Hwy.,Cherryville,NC,Lincoln,28021,35.48662447,-81.44741458,-81.44741458,35.48662447
31728,05507,"North Brook Volunteer Fire Department, Inc.",3,1718 North Brook III School Rd.,Vale,NC,Lincoln,28168,35.5495605,-81.47972834,-81.47972834,35.5495605
31729,04409,"North Canton United Fire Department, Incorporated",1,1685 North Canton Road,Canton,NC,Haywood,28716,35.55876326,-82.83272181,-82.83272181,35.55876326
31730,01409,"North Catawba Fire-Rescue Department, Inc.",1,2064 Connelly Springs Road,Lenoir,NC,Caldwell,28645,35.83273468,-81.53962146,-81.53962146,35.83273468
31731,00115,North Central Alamance Fire Department,1,595 Altamahaw Union Ridge Road,Burlington,NC,Alamance,27217,36.20438397,-79.41561913,-79.41561913,36.20438397
31732,01905,"North Chatham Volunteer Fire Department, Inc.",1,45 Morris Road,Pittsboro,NC,Chatham,27312,35.80136948,-79.09509464,-79.09509464,35.8013694800001
31733,01905,"North Chatham Volunteer Fire Department, Inc.",2,1442 Farrington Point Road,Chapel Hill,NC,Chatham,27517,35.815287,-79.01644156,-79.01644156,35.8152870000001
31734,01905,"North Chatham Volunteer Fire Department, Inc.",3,3816 Manns Chapel Road,Chapel Hill,NC,Chatham,27516,35.84566956,-79.11566052,-79.1156605199999,35.84566956
31735,01905,"North Chatham Volunteer Fire Department, Inc.",4,4055 Chicken Bridge Road,Pittsboro,NC,Chatham,27312,35.84753477,-79.21084828,-79.2108482799999,35.84753477
31736,01905,"North Chatham Volunteer Fire Department, Inc.",16,10214 US 64 East,Apex,NC,Chatham,27523,35.73672523,-79.00537166,-79.00537166,35.73672523
31737,01905,"North Chatham Volunteer Fire Department, Inc.",18,2352 Hollands Chapel Road,Apex,NC,Chatham,27523,35.78362122,-78.96677277,-78.96677277,35.78362122
31738,01905,"North Chatham Volunteer Fire Department, Inc.",19,258 Seaforth Road,Pittsboro,NC,Chatham,27312,35.73486142,-79.05926752,-79.0592675199999,35.7348614200001
31739,01313,"North East Cabarrus Volunteer Fire Department & Community Center, Inc.",1,1580 Lentz Harness Shop Rd. N,Mount Pleasant,NC,Cabarrus,28124,35.43906993,-80.36848735,-80.36848735,35.4390699300001
31740,00110,"North Eastern Alamance Volunteer Fire Department, Inc.",12,3847 North NC 49 Hwy,Burlington,NC,Alamance,27217,36.1869905,-79.32754099,-79.32754099,36.1869905
31741,00110,"North Eastern Alamance Volunteer Fire Department, Inc.",21,4379 N. NC 119,Burlington,NC,Alamance,27217,36.1987252,-79.28392414,-79.28392414,36.1987252000001
31742,03613,North Gaston Volunteer Fire & Rescue Inc.,1,110 Thompkins Street,High Shoals,NC,Gaston,28077,35.40128829,-81.20113259,-81.20113259,35.40128829
31743,05433,"North Lenoir Fire Protection Assoc, Inc.",1,2147 Fred Everetts Rd,Kinston,NC,Lenoir,28504,35.32514377,-77.66208886,-77.66208886,35.3251437700001
31744,05433,"North Lenoir Fire Protection Assoc, Inc.",2,2421 Hwy 258,Kinston,NC,Lenoir,28504,35.30260876,-77.64678198,-77.64678198,35.3026087600001
31745,05433,"North Lenoir Fire Protection Assoc, Inc.",3,2553 Kennedy Home Rd,La Grange,NC,Lenoir,28551,35.23589086,-77.70844367,-77.70844367,35.23589086
31746,02927,"North Lexington Triangle Fire Department, Inc.",1,2976 Greensboro Street Extension,Lexington,NC,Davidson,27295,35.85301739,-80.19961073,-80.19961073,35.85301739
31747,04704,"North Raeford Fire Department, Inc.",1,1106 Turnpike Rd,Raeford,NC,Hoke,28376,34.990127,-79.245764,-79.245764,34.990127
31748,01671,"North River & Laurel Road Voluntary Fire Department, Inc.",1,893 Merrimom Rd,Beaufort,NC,Carteret,28516,34.80977758,-76.63312262,-76.6331226199999,34.8097775800001
31749,08304,"North Scotland Volunteer Fire & Rescue Department, Inc.",1,24831 Marlboro St,Wagram,NC,Scotland,28396,34.88724586,-79.36463365,-79.36463365,34.8872458600001
31750,05119,"North Side Fire & Rescue, Inc.",1,6483 Covered Bridge Rd,Clayton,NC,Johnston,27527,35.69117645,-78.37866437,-78.37866437,35.6911764500001
31751,05119,"North Side Fire & Rescue, Inc.",2,2375 Thanksgiving Fire Rd,Selma,NC,Johnston,27576,35.65982615,-78.30992641,-78.3099264099999,35.6598261500001
31752,07710,"North Side Volunteer Fire Department, Inc.",1,209 Bear Branch Rd,Rockingham,NC,Richmond,28379,34.987,-79.7442,-79.7442,34.9870000000001
31753,07710,"North Side Volunteer Fire Department, Inc.",2,213 Scott McDonald Rd.,Rockingham,NC,Richmond,28379,34.97770989,-79.68953603,-79.6895360299999,34.97770989
31754,07921,"North Stoneyview Volunteer Fire Department, Inc.",1,115 Deshazo Mill Rd,Stoneville,NC,Rockingham,27048,36.53272672,-79.97229423,-79.97229423,36.53272672
31755,06724,North Topsail Beach Fire Department,1,2049 New River Inlet Road,North Topsail Beach,NC,Onslow,28460,34.5229442,-77.3563088,-77.3563088,34.5229442
31756,06724,North Topsail Beach Fire Department,2,3304 Gray Street,North Topsail Beach,NC,Onslow,28460,34.45776366,-77.49255172,-77.4925517199999,34.4577636600001
31757,08813,"North Transylvania Fire Rescue, Inc.",1,5299 Asheville Highway,Pisgah Forest,NC,Transylvania,28768,35.30330807,-82.67263616,-82.67263616,35.3033080700001
31758,08813,"North Transylvania Fire Rescue, Inc.",2,2731 Highway 101,Beaufort,NC,Transylvania,28516,34.8096,-76.6735,-76.6734999999999,34.8096
31759,02417,North Whiteville Volunteer Fire Department,1,747 Peacock Rd ,Whiteville,NC,Columbus,28472,34.4238,-78.74,-78.74,34.4238
31760,09712,North Wilkesboro Fire Department,1,709 9th Street,North Wilkesboro,NC,Wilkes,28659,36.16456535,-81.14998103,-81.1499810299999,36.16456535
31761,04116,"Northeast Guilford Volunteer Fire Department, Inc.",1,7806 Jackson School Rd,Browns Summit,NC,Guilford,27214,36.20969522,-79.65830303,-79.65830303,36.2096952200001
31762,04116,"Northeast Guilford Volunteer Fire Department, Inc.",2,3937 NC 150 E,Browns Summit,NC,Guilford,27214,36.22968655,-79.75868047,-79.7586804699999,36.2296865500001
31763,04116,"Northeast Guilford Volunteer Fire Department, Inc.",3,"6200 0sceola 0ssipee Rd,",Gibsonville,NC,Guilford,27249,36.21676151,-79.56460729,-79.56460729,36.21676151
31764,08505,"Northeast Stokes Volunteer Fire Department and Rescue Squad, Incorporated",1,5086 NC Hwy 704 E,Sandy Ridge,NC,Stokes,27046,36.49407575,-80.10146781,-80.10146781,36.49407575
31765,09607,"Northeast Volunteer Fire Department of Wayne County, Inc.",1,116 West Main Street,Eureka,NC,Wayne,27830,35.54149524,-77.87825213,-77.87825213,35.5414952400001
31766,09607,"Northeast Volunteer Fire Department of Wayne County, Inc.",2,1183 Faro Rd.,Fremont,NC,Wayne,27830,35.51243689,-77.84622594,-77.84622594,35.5124368900001
31767,03109,"Northeast Volunteer Fire Department, Inc.",1,4486 South NC Hwy 41,Wallace,NC,Duplin,28466,34.78160574,-77.91029656,-77.9102965599999,34.78160574
31768,03109,"Northeast Volunteer Fire Department, Inc.",2,5010 South NC Highway 41,Wallace,NC,Duplin,28466,34.76405619,-77.93876089,-77.93876089,34.7640561900001
31769,09202,Northern Wake Volunteer Fire Department,1,11713 Six Forks RD,Raleigh,NC,Wake,27614,35.9455,-78.6422,-78.6421999999999,35.9455
31770,09202,Northern Wake Volunteer Fire Department,2,7045 Stony Hill,Wake Forest,NC,Wake,27587,35.9837,-78.6096,-78.6095999999999,35.9837000000001
31771,09202,Northern Wake Volunteer Fire Department,3,13116 Norwood Rd,Raleigh,NC,Wake,27614,35.9429,-78.6849,-78.6849,35.9429000000001
31772,09202,Northern Wake Volunteer Fire Department,4,15633 New Light Rd,Wake Forest,NC,Wake,27587,36.0345,-78.6425,-78.6425,36.0345
31773,09202,Northern Wake Volunteer Fire Department,5,1431 Lynn Rd,Raleigh,NC,Wake,27612,35.8709,-78.6624,-78.6623999999999,35.8709000000001
31774,05303,"Northview Fire Department, Inc.",1,104 Perkinson Rd.,Sanford,NC,Lee,27330,35.52793328,-79.18324291,-79.18324291,35.5279332800001
31775,05303,"Northview Fire Department, Inc.",2,804 Cumnock Road,Sanford,NC,Lee,27330,35.55083492,-79.23805131,-79.2380513099999,35.5508349200001
31776,04318,"Northwest Harnett Volunteer Fire Department, Inc.",1,6015 Christian Light Rd,Fuquay Varina,NC,Harnett,27526,35.517,-78.8664,-78.8663999999999,35.5170000000001
31777,04318,"Northwest Harnett Volunteer Fire Department, Inc.",2,3120 Cokesbury Road,Fuquay Varina,NC,Harnett,27526,35.5249,-78.9086,-78.9086,35.5249000000001
31778,04318,"Northwest Harnett Volunteer Fire Department, Inc.",3,8300 US 401 N.,Fuquay Varina,NC,Harnett,27526,35.502943,-78.811856,-78.811856,35.5029430000001
31779,07906,"Northwest Rockingham County Fire Protection Association, Inc.",1,1523 Hwy 770,Mayodan,NC,Rockingham,27027,36.47047921,-79.98908542,-79.98908542,36.4704792100001
31780,07812,"Northwood's Fire & Rescue Department, Incorporated",1,344 Sherwood Rd.,Lumberton,NC,Robeson,28358,34.68456326,-78.98422297,-78.98422297,34.6845632600001
31781,07812,"Northwood's Fire & Rescue Department, Incorporated",2,4213 Martin Rd,Lumberton,NC,Robeson,28358,34.73210301,-78.90828606,-78.90828606,34.7321030100001
31782,02307,"Number Seven Volunteer Fire Department, Inc.",1,341 Westlee St.,Lattimore,NC,Cleveland,28089,35.317707,-81.657299,-81.657299,35.317707
31783,02303,"Number Three Volunteer Fire Department, Inc.",1,2326 Blackburg Road,Grover,NC,Cleveland,28073,35.22176331,-81.53007899,-81.5300789899999,35.22176331
31784,02312,"Oak Grove Volunteer Fire Department, Inc.",1,838 Oak Grove Rd.,Kings Mountain,NC,Cleveland,28086,35.27818759,-81.41149312,-81.41149312,35.2781875900001
31785,01262,"Oak Hill Fire and Rescue Protection Association, Inc.",1,2400 NC 181 Hwy,Morganton,NC,Burke,28655,35.77887408,-81.75606052,-81.7560605199999,35.77887408
31786,01262,"Oak Hill Fire and Rescue Protection Association, Inc.",2,3000 Brown Mountian Beach Road,Morganton,NC,Burke,28655,35.86997825,-81.77078239,-81.77078239,35.86997825
31787,01262,"Oak Hill Fire and Rescue Protection Association, Inc.",3,3149 Pea Ridge Rd,Morganton,NC,Burke,28655,35.810907,-81.789089,-81.789089,35.810907
31788,01006,Oak Island Fire Department,1,101 East Oak Island Dr,Oak Island,NC,Brunswick,28465,33.920089,-78.159468,-78.1594679999999,33.9200890000001
31789,01006,Oak Island Fire Department,2,8510 East Oak Island Dr,Oak Island,NC,Brunswick,28465,33.909051,-78.079095,-78.0790949999999,33.909051
31790,01006,Oak Island Fire Department,3,4151 Vanessa Dr,Southport,NC,Brunswick,28461,33.928298,-78.067965,-78.067965,33.928298
31791,04117,Oak Ridge Fire and Rescue Company,1,8325 Linville Rd.,Oak Ridge,NC,Guilford,27310,36.17190946,-79.99974251,-79.99974251,36.1719094600001
31792,04117,Oak Ridge Fire and Rescue Company,2,5219 Northwest School Rd.,Greensboro,NC,Guilford,27410,36.15239529,-79.95532338,-79.95532338,36.1523952900001
31793,03110,Oak Wolfe Fire Department,1,2418 Summerlins Crossroads Rd,Mount Olive,NC,Duplin,28365,35.11216675,-77.98047813,-77.9804781299999,35.11216675
31794,08405,"Oakboro Rural Volunteer Fire Department, Incorporated",1,320 College Street,Oakboro,NC,Stanly,28129,35.22415977,-80.3278835,-80.3278835,35.22415977
31795,09620,"Oakland Volunteer Fire Department, Inc.",1,617 Oakland Church Rd ,Princeton,NC,Wayne,27569,35.4085,-78.125,-78.1249999999999,35.4085000000001
31796,01007,Ocean Isle Fire Department,1,105 Causeway Dr.,Ocean Isle Beach,NC,Brunswick,28469,33.8999065,-78.43999464,-78.43999464,33.8999065
31797,04802,"Ocracoke Fire Protection Association, Inc.",1,822 Irvin Garrish Highway,Ocracoke,NC,Hyde,27960,35.10908669,-75.97765609,-75.97765609,35.10908669
31798,01314,"Odell Volunteer Fire Department, Inc.",1,9051 Davidson Hwy,Concord,NC,Cabarrus,28027,35.44010281,-80.72943522,-80.72943522,35.44010281
31799,01314,"Odell Volunteer Fire Department, Inc.",2,4240 Shiloh Church Rd,Davidson,NC,Cabarrus,28036,35.47180397,-80.75259878,-80.75259878,35.4718039700001
31800,02420,Old Dock/Cypress Creek Volunteer Fire Department and Auxiliary,1,10635 New Britton Hwy E,Whiteville,NC,Columbus,28472,34.19041347,-78.60398466,-78.60398466,34.1904134700001
31801,02420,Old Dock/Cypress Creek Volunteer Fire Department and Auxiliary,2,51 Crusoe Island Rd.,Whiteville,NC,Columbus,28472,34.16803981,-78.56043335,-78.56043335,34.16803981
31802,00711,"Old Ford Volunteer Fire Department, Inc.",1,6050 Highway 17 N ,Washington,NC,Beaufort,27889,35.63696893,-77.06322834,-77.06322834,35.6369689300001
31803,05607,"Old Fort Volunteer Fire Department, Inc.",1,84 East main Street,Old Fort,NC,McDowell,28762,35.62945232,-82.18022915,-82.1802291499999,35.62945232
31804,03412,"Old Richmond Volunteer Fire Department and Rescue Squad, Inc.",1,7975 Reynolda Road,Pfafftown,NC,Forsyth,27040,36.20295583,-80.38839464,-80.3883946399999,36.2029558300001
31805,06903,Olympia Volunteer Fire Department,1,500 Olympia Rd,New Bern,NC,Pamlico,28560,35.146209,-76.967843,-76.967843,35.1462090000001
31806,06726,Onslow County Fire Rescue ,1,677 Bear Creek Rd,Hubert,NC,Onslow,28539,34.6606059,-77.18758198,-77.1875819799999,34.6606059000001
31807,06726,Onslow County Fire Rescue ,2,3753 Freedon Way,Hubert,NC,Onslow,28539,34.7147665,-77.1796749,-77.1796749,34.7147665000001
31808,06807,"Orange Grove Volunteer Fire Company, Inc.",1,6800 Orange Grove Road,Hillsborough,NC,Orange,27278,35.980211,-79.193743,-79.193743,35.9802110000001
31809,06807,"Orange Grove Volunteer Fire Company, Inc.",2,6801 Rocky Ridge Rd,Hillsborough,NC,Orange,27278,35.978852,-79.137928,-79.137928,35.9788520000001
31810,06807,"Orange Grove Volunteer Fire Company, Inc.",3,4725 Nicks Rd,Mebane,NC,Orange,27302,36.00579132,-79.23885668,-79.23885668,36.0057913200001
31811,06811,"Orange Rural Fire Department No. 1, Inc.",1,206 S. Churton St.,Hillsborough,NC,Orange,27278,36.0741,-79.0995,-79.0995,36.0741
31812,06811,"Orange Rural Fire Department No. 1, Inc.",2,834 Phelps Rd.,Hillsborough,NC,Orange,27278,36.137184,-79.104538,-79.1045379999999,36.137184
31813,06811,"Orange Rural Fire Department No. 1, Inc.",3,2510 Walker Rd,Hillsborough,NC,Orange,27278,36.129876,-79.07017,-79.07017,36.129876
31814,06811,"Orange Rural Fire Department No. 1, Inc.",4,352 College Park Road,Hillsborough,NC,Orange,27278,36.04368,-79.0938,-79.0938,36.0436800000001
31815,05511,"Ore Bank Pumpkin Center Volunteer Fire Dept., Inc.",1,1537 Amity Church Road,Lincolnton,NC,Lincoln,28037,35.51337733,-81.1200474,-81.1200474,35.51337733
31816,05511,"Ore Bank Pumpkin Center Volunteer Fire Dept., Inc.",2,2911 Lee Lawing Road,Lincolnton,NC,Lincoln,28092,35.53994325,-81.11664484,-81.1166448399999,35.5399432500001
31817,07915,"Oregon Hill Volunteer Fire District, Inc.",1,858 Mount Carmel Church Rd,Reidsville,NC,Rockingham,27320,36.43588063,-79.6553,-79.6553,36.43588063
31818,07825,"Orrum Township Volunteer Fire Department, Inc.",1,102 North Main St.,Proctorville,NC,Robeson,28375,34.47636683,-79.03715673,-79.0371567299999,34.4763668300001
31819,07825,"Orrum Township Volunteer Fire Department, Inc.",2,7049 S. Creek Rd.,Orrum,NC,Robeson,28369,34.40779,-79.051631,-79.051631,34.40779
31820,05704,"Otto Volunteer Fire and Rescue, Inc.",1,8249 Georgia Rd,Otto,NC,Macon,28763,35.059943,-83.397597,-83.397597,35.059943
31821,05704,"Otto Volunteer Fire and Rescue, Inc.",2,234 Coweeta Chruch Road,Otto,NC,Macon,28763,35.0893318,-83.38477936,-83.38477936,35.0893318
31822,01657,"Otway Volunteer Fire and Rescue Department, Incorporated",1,509 Hwy 70,Beaufort,NC,Carteret,28516,34.77612913,-76.55717125,-76.55717125,34.7761291300001
31823,01813,"Oxford Fire Department, Inc.",1,5688 Oxford School Rd,Claremont,NC,Catawba,28610,35.7701,-81.1473,-81.1473,35.7701000000001
31824,01813,"Oxford Fire Department, Inc.",2,5710 NC Hwy 16 North,Claremont,NC,Catawba,28610,35.78895665,-81.17910688,-81.1791068799999,35.78895665
31825,03908,Oxford Fire Dept.,1,112 East McClanahan St,Oxford,NC,Granville,27565,36.31349826,-78.58878431,-78.5887843099999,36.3134982600001
31826,05608,"P. G. Volunteer Fire Department, Inc.",1,2703 US Hwy 70 West,Marion,NC,McDowell,28752,35.69019087,-82.07359656,-82.0735965599999,35.69019087
31827,07424,"Pactolus Fire and Rescue Dept., Inc.",1,5858 Hwy 264 E,Greenville,NC,Pitt,27834,35.6227452,-77.22979807,-77.22979807,35.6227452000001
31828,07424,"Pactolus Fire and Rescue Dept., Inc.",2,1549 Mason School Rd. ,Greenville,NC,Pitt,27834,35.65692615,-77.29138047,-77.29138047,35.6569261500001
31829,09317,Palmer Springs Volunteer Fire Department Incorporated ,1,1697 Palmer Springs Road,Boydton,VA,Warren,23917,36.56060521,-78.23971458,-78.2397145799999,36.5606052100001
31830,00708,"Pantego Community Fire Protection Association, Inc.",1,25689 US 264 E,Pantego,NC,Beaufort,27860,35.5881,-76.6631,-76.6631,35.5881000000001
31831,07813,"Parkton Fire and Rescue, Inc",1,2704 W. Parkton Tobmory Rd.,Parkton,NC,Robeson,28371,34.89891219,-79.00339615,-79.00339615,34.89891219
31832,06111,"Parkway Fire & Rescue, Inc.",1,12966 South Hwy 226,Spruce Pine,NC,Mitchell,28777,35.882017,-82.057777,-82.057777,35.8820170000001
31833,06111,"Parkway Fire & Rescue, Inc.",2,3452 Altapass Hwy.,Spruce Pine,NC,Mitchell,28777,35.8963,-82.023,-82.023,35.8963000000001
31834,06111,"Parkway Fire & Rescue, Inc.",3,516 Chestnut Grove Road,Spruce Pine,NC,Mitchell,28777,35.85411,-82.0962,-82.0962,35.85411
31835,07005,"Pasquotank Providence V. F. D., Inc.",1,1995 North Road St,Elizabeth City,NC,Pasquotank,27909,36.348483,-76.265902,-76.265902,36.348483
31836,07003,"Pasquotank-Newland V. F. D., Inc.",1,721 US Hwy 158,Elizabeth City,NC,Pasquotank,27909,36.4166741,-76.39593907,-76.3959390699999,36.4166741000001
31837,07004,Pasquotank-Nixonton,1,1316 Four Forks Road,Elizabeth City,NC,Pasquotank,27909,36.2228,-76.26326822,-76.26326822,36.2228000000001
31838,09621,"Patetown Volunteer Fire Department, Inc.",1,3463 NC 111 N,Goldsboro,NC,Wayne,27534,35.4561,-77.9345,-77.9345,35.4561
31839,09621,"Patetown Volunteer Fire Department, Inc.",2,4682 NC  HWY 111 N,Pikeville,NC,Wayne,27863,35.48939219,-77.90271417,-77.90271417,35.48939219
31840,01410,Patterson Fire-Rescue Department Inc.,1,1414 Yadkin River Rd.,Lenoir,NC,Caldwell,28645,35.99840181,-81.56365399,-81.56365399,35.9984018100001
31841,01410,Patterson Fire-Rescue Department Inc.,2,4500 Blowing Rock Blvd,Lenoir,NC,Caldwell,28645,36.06265,-81.6073,-81.6073,36.0626500000001
31842,00406,Peachland Fire District of Anson County,1,35 Passaic Street,Peachland,NC,Anson,28133,34.99314235,-80.26506397,-80.26506397,34.99314235
31843,02004,"Peachtree Fire District, Inc.",1,115 Upper Peachtree Road,Murphy,NC,Cherokee,28906,35.092,-83.9441,-83.9440999999999,35.092
31844,02614,"Pearces Mill Volunteer Fire Department, Inc.",1,168 Dedication Drive,Fayetteville,NC,Cumberland,28306,34.99782197,-78.90253178,-78.9025317799999,34.9978219700001
31845,06209,Pekin Volunteer Fire Department and First Responders,1,5321 Pekin Rd,Mount Gilead,NC,Montgomery,27306,35.20548247,-79.8704498,-79.8704498,35.20548247
31846,01705,"Pelham Volunteer Fire Department of Caswell County, N. C.",1,4895 Old Hwy 29,Pelham,NC,Caswell,27311,36.50264661,-79.47433907,-79.47433907,36.5026466100001
31847,07836,Pembroke Fire Dept.,1,102 W. Fourth St.,Pembroke,NC,Robeson,28372,34.67924486,-79.19454671,-79.1945467099999,34.67924486
31848,07814,"Pembroke Rural Voluntary Fire Department, Inc.",1,1398 Prospect Rd.,Pembroke,NC,Robeson,28372,34.70356715,-79.1956632,-79.1956632,34.70356715
31849,07114,"Pender EMS and Fire, Inc",14,19470 US Hwy 17 North,Hampstead,NC,Pender,28443,34.41516017,-77.6505084,-77.6505084,34.41516017
31850,07114,"Pender EMS and Fire, Inc",16,15840 US Hwy 17 N ,Hampstead,NC,Pender,28443,34.37914062,-77.69682297,-77.69682297,34.37914062
31851,07114,"Pender EMS and Fire, Inc",18,11401 US Highway 17,Wilmington,NC,Pender,28411,34.33276786,-77.75057426,-77.75057426,34.33276786
31852,07114,"Pender EMS and Fire, Inc",21,227 Scott Rd,Rocky Point,NC,Pender,28457,34.4402,-77.9826,-77.9825999999999,34.4402000000001
31853,07114,"Pender EMS and Fire, Inc",28,1015 Island Creek Rd,Rocky Point,NC,Pender,28457,34.3744,-77.7844,-77.7843999999999,34.3744
31854,07114,"Pender EMS and Fire, Inc",29,4849 US Highway 421,Currie,NC,Pender,28435,34.39783459,-78.04193345,-78.04193345,34.3978345900001
31855,07106,Penderlea Fire Department,1,4005 Hwy 11 N,Willard,NC,Pender,28478,34.66094942,-78.04731842,-78.04731842,34.6609494200001
31856,07106,Penderlea Fire Department,2,363 Watha Rd,Watha,NC,Pender,28471,34.64523972,-77.96352682,-77.96352682,34.6452397200001
31857,07106,Penderlea Fire Department,3,19170 US Hwy 421,Watha,NC,Pender,28478,34.59341354,-78.10366589,-78.1036658899999,34.59341354
31858,10017,"Pensacola Volunteer Fire Department, Inc.",1,8955 State Hwy. 197 South,Burnsville,NC,Yancey,28714,35.85102632,-82.305434,-82.3054339999999,35.8510263200001
31859,00807,"Perrytown Fire Department, Incorporated",1,848 Perrytown Rd,Colerain,NC,Bertie,27924,36.13776576,-76.80045364,-76.8004536399999,36.13776576
31860,05207,"Phillips Crossroad Fire Department, Inc.",1,3085 Hwy 58 N,Trenton,NC,Jones,28585,35.0872739,-77.45257825,-77.45257825,35.0872739000001
31861,09622,"Pikeville-Pleasant Grove Volunteer Fire Department, Inc.",1,110 Hooks Grove Church Rd.,Pikeville,NC,Wayne,27863,35.49659882,-77.99311842,-77.99311842,35.49659882
31862,02911,"Pilot Fire Department and Community Center of Davidson County, Inc.",1,4205 Old Lexington Road,Thomasville,NC,Davidson,27360,35.87837824,-80.13677469,-80.13677469,35.8783782400001
31863,03509,"Pilot Fire Department, Inc",1,8028 NC Hwy 39 S,Zebulon,NC,Franklin,27597,35.88838692,-78.26575289,-78.26575289,35.8883869200001
31864,08676,"Pilot Knob Volunteer Fire Department, Incorporated",1,683 S. Key Street,Pilot Mountain,NC,Surry,27041,36.3785922,-80.4816456,-80.4816456,36.3785922000001
31865,03120,"Pin Hook Volunteer Fire Department, Inc.",1,1657 Deep Bottom RD,Wallace,NC,Duplin,28466,34.74962782,-77.77713563,-77.77713563,34.7496278200001
31866,04707,"Pine Hill Fire Department, Inc.",1,2685 Ashemont Rd,Aberdeen,NC,Hoke,28315,35.054685,-79.386238,-79.3862379999999,35.0546850000001
31867,01664,Pine Knoll Shores Fire Department,1,314 Salter Path Road,Pine Knoll Shores,NC,Carteret,28512,34.69518549,-76.82399079,-76.82399079,34.69518549
31868,05117,Pine Level Volunteer Fire Department Inc.,1,110 West Main St. ,Pine Level,NC,Johnston,27568,35.5135,-78.2449,-78.2449,35.5135000000001
31869,08664,"Pine Ridge Volunteer Fire Department, Incorporated",1,1892 Pine Ridge RD.,Mount Airy,NC,Surry,27030,36.51137761,-80.74021761,-80.7402176099999,36.5113776100001
31870,07829,Pine Terrace Volunteer Fire Dept.,1,1292 Alamac Rd,Lumberton,NC,Robeson,28358,34.59921195,-79.00930117,-79.00930117,34.59921195
31871,06371,Pinebluff Fire Department,1,580 South Walnut,Pinebluff,NC,Moore,28373,35.10146,-79.47516,-79.47516,35.10146
31872,04119,"Pinecroft-Sedgefield Fire District, Inc.",1,2239 BISHOP RD,Greensboro,NC,Guilford,27406,35.99299707,-79.86149516,-79.8614951599999,35.9929970700001
31873,04119,"Pinecroft-Sedgefield Fire District, Inc.",2,5342 VICKERY CHAPEL RD  ,Jamestown,NC,Guilford,27282,35.964,-79.8984,-79.8984,35.9640000000001
31874,04119,"Pinecroft-Sedgefield Fire District, Inc.",3,5107 MACKAY RD,Jamestown,NC,Guilford,27282,36.01706115,-79.90108583,-79.9010858299999,36.0170611500001
31875,04119,"Pinecroft-Sedgefield Fire District, Inc.",4,6519 COLTRANE MILL RD,Greensboro,NC,Guilford,27406,35.94365234,-79.83068542,-79.83068542,35.94365234
31876,04119,"Pinecroft-Sedgefield Fire District, Inc.",5,301-B E. MAIN ST.,Jamestown,NC,Guilford,27282,35.9978085,-79.9358498,-79.9358498,35.9978085000001
31877,03304,Pinetops Fire Department,1,101 West Burnett St.,Pinetops,NC,Edgecombe,27864,35.79027163,-77.63846052,-77.63846052,35.7902716300001
31878,00705,"Pinetown Volunteer Firemen's Association, Inc.",1,7262 North Boyd Road,Pinetown,NC,Beaufort,27865,35.6025,-76.8576,-76.8575999999999,35.6025000000001
31879,00705,"Pinetown Volunteer Firemen's Association, Inc.",2,23177 NC Highway 32,Plymouth,NC,Beaufort,27963,35.678,-76.7839,-76.7839,35.6780000000001
31880,00303,"Piney Creek Volunteer Fire Department, Incorporated",1,466 Piney Creek School Rd.,Piney Creek,NC,Alleghany,28663,36.549128,-81.30248,-81.3024799999999,36.5491280000001
31881,06711,"Piney Green Volunteer Fire Department, Inc.",1,1105 Rocky Run Rd,Jacksonville,NC,Onslow,28544,34.734079,-77.320719,-77.3207189999999,34.7340790000001
31882,08214,"Piney Grove Volunteer Fire Department, Inc., of Sampson County",1,471 Goshen Church Rd,Faison,NC,Sampson,28341,35.138853,-78.219596,-78.219596,35.138853
31883,08214,"Piney Grove Volunteer Fire Department, Inc., of Sampson County",2,5680 Suttontown Rd,Faison,NC,Sampson,28341,35.203466,-78.24088,-78.2408799999999,35.203466
31884,05421,Pink Hill Fire Department,1,300 South Front Street,Pink Hill,NC,Lenoir,28572,35.05271995,-77.74392146,-77.74392146,35.05271995
31885,01906,Pittsboro Volunteer Fire and Rescue Department Inc.,1,150 Sanford Rd. ,Pittsboro,NC,Chatham,27312,35.71822212,-79.17897854,-79.1789785399999,35.7182221200001
31886,01906,Pittsboro Volunteer Fire and Rescue Department Inc.,2,4170 Old Graham Road,Pittsboro,NC,Chatham,27312,35.76995669,-79.20617125,-79.20617125,35.7699566900001
31887,01906,Pittsboro Volunteer Fire and Rescue Department Inc.,3,60 Walter Bright Rd,Sanford,NC,Chatham,27330,35.6118,-79.1941,-79.1940999999999,35.6118000000001
31888,08208,"Plain View Volunteer Fire Department, Inc.",1,5041 Plain View Hwy,Dunn,NC,Sampson,28334,35.24351599,-78.55139464,-78.55139464,35.24351599
31889,04120,"Pleasant Garden Fire Department, Inc DBA as Central Piedmont",1,4814 Pleasant Garden Road,Pleasant Garden,NC,Guilford,27313,35.963429,-79.762593,-79.762593,35.9634290000001
31890,04120,"Pleasant Garden Fire Department, Inc DBA as Central Piedmont",2,1210 NC Hwy 62 East,Climax,NC,Guilford,27233,35.91264352,-79.71228391,-79.7122839099999,35.9126435200001
31891,04120,"Pleasant Garden Fire Department, Inc DBA as Central Piedmont",3,5316 MACK LINEBERRY RD,Climax,NC,Guilford,27233,35.84435218,-79.71777125,-79.7177712499999,35.84435218
31892,03111,Pleasant Grove Volunteer Fire & EMS Department,1,1794 Red Hill Rd,Mount Olive,NC,Duplin,28365,35.11310439,-77.87327125,-77.87327125,35.11310439
31893,09713,"Pleasant Hill Volunteer Fire Department, Inc.",1,1069 Austin Traphill Road,Elkin,NC,Wilkes,28621,36.25936261,-80.89156245,-80.89156245,36.25936261
31894,09404,Plymouth Fire Department,1,775 US Highway 64 East,Plymouth,NC,Washington,27962,35.86293477,-76.73296245,-76.7329624499999,35.86293477
31895,05309,Pocket Volunteer Fire Department,1,60 Pickard Road,Sanford,NC,Lee,27330,35.50106789,-79.27859366,-79.27859366,35.5010678900001
31896,05309,Pocket Volunteer Fire Department,2,478 Blackstone Rd,Sanford,NC,Lee,27330,35.4474,-79.2848,-79.2848,35.4474000000001
31897,00409,Polkton Fire Department,1,61 W. Polk St.,Polkton,NC,Anson,28135,35.00615727,-80.2045,-80.2044999999999,35.0061572700001
31898,02313,"Polkville Volunteer Fire Department, Inc.",1,4315 Polkville Rd.,Polkville,NC,Cleveland,28136,35.41448584,-81.64348665,-81.6434866499999,35.4144858400001
31899,02313,"Polkville Volunteer Fire Department, Inc.",2,4475 Hollis Rd,Ellenboro,NC,Cleveland,28040,35.4345049,-81.73137207,-81.73137207,35.4345049
31900,05204,"Pollocksville Volunteer Fire Department, Inc.",1,209 Beaufort Rd,Pollocksville,NC,Jones,28573,35.00206,-77.2174,-77.2173999999999,35.00206
31901,00509,"Pond Mountain Volunteer Fire and Rescue, Inc.",1,6038 Joines Road,Creston,NC,Ashe,28615,36.53196035,-81.67140956,-81.67140956,36.5319603500001
31902,00509,"Pond Mountain Volunteer Fire and Rescue, Inc.",2,930 Roaring Fork Rd ,Creston,NC,Ashe,28615,36.48927277,-81.65054443,-81.65054443,36.4892727700001
31903,00509,"Pond Mountain Volunteer Fire and Rescue, Inc.",3,2065 Tucker Rd,Lansing,NC,Ashe,28643,36.54968171,-81.60731265,-81.60731265,36.5496817100001
31904,04806,"Ponzer Volunteer Fire & Rescue, Inc.",1,40186 US 264 E,Belhaven,NC,Hyde,27810,35.57523202,-76.46775172,-76.46775172,35.57523202
31905,08069,"Pooletown Volunteer Fire Department, Inc.",1,225 Richfield Road,Richfield,NC,Rowan,28137,35.58755638,-80.24407125,-80.2440712499999,35.58755638
31906,08069,"Pooletown Volunteer Fire Department, Inc.",2,2000 Reeves Island Road,Richfield,NC,Rowan,28137,35.52488514,-80.25767703,-80.25767703,35.52488514
31907,03112,Potters Hill Volunteer Fire Department,1,1307 N NC Hwy 41,Pink Hill,NC,Duplin,28572,34.97034836,-77.71093679,-77.7109367899999,34.9703483600001
31908,00808,"Powellsville Volunteer Fire Department, Inc.",1,106 Curtis St.,Powellsville,NC,Bertie,27967,36.225203,-76.932329,-76.932329,36.2252030000001
31909,00808,"Powellsville Volunteer Fire Department, Inc.",2,1434 Early Station Rd,Aulander,NC,Bertie,27805,36.194545,-77.028587,-77.028587,36.1945450000001
31910,09625,Price Town Volunteer Fire Department,1,2021 Zion Church Rd,Mount Olive,NC,Wayne,28365,35.1697,-77.8937,-77.8937,35.1697
31911,05118,"Princeton Volunteer Fire Department, Incorporated",1,501 Dr. Donnie H. Jones Blvd  ,Princeton,NC,Johnston,27569,35.4692,-78.1629,-78.1629,35.4692000000001
31912,05118,"Princeton Volunteer Fire Department, Incorporated",2,4910 Rains Crossroads Rd,Princeton,NC,Johnston,27569,35.514014,-78.143339,-78.143339,35.514014
31913,03305,"Princeville Volunteer Fire Department, Inc.",1,312 Mutual Boulevard,Tarboro,NC,Edgecombe,27886,35.89030439,-77.5259414,-77.5259414,35.89030439
31914,01814,Propst Cross Roads Volunteer Fire Department No. 5,1,3169 Plateau Rd,Newton,NC,Catawba,28658,35.62421361,-81.37528239,-81.3752823899999,35.62421361
31915,01703,Prospect Hill Voluntary Fire Department,1,11621 Hwy 86,Prospect Hill,NC,Caswell,27314,36.2985661,-79.21373799,-79.21373799,36.2985661000001
31916,07815,"Prospect Volunteer Fire Department, Inc.",1,4345 Prospect Rd,Maxton,NC,Robeson,28364,34.73343747,-79.23066093,-79.2306609299999,34.7334374700001
31917,03909,"Providence Community Fire Department, Inc.",1,4631 Watkins Rd,Oxford,NC,Granville,27565,36.2546832,-78.65405364,-78.65405364,36.2546832
31918,01704,"Providence Fire and Rescue, Inc.",1,6655 Old 86 NC,Providence,NC,Caswell,27315,36.49952074,-79.36978542,-79.36978542,36.49952074
31919,01704,"Providence Fire and Rescue, Inc.",2,3650 Park Spring Road,Providence,NC,Caswell,27315,36.4577,-79.4125,-79.4125,36.4577
31920,06712,"Pumpkin Center Volunteer Fire Department, Inc.",1,3285 New Bern Hwy,Jacksonville,NC,Onslow,28546,34.79405595,-77.3701502,-77.3701502,34.79405595
31921,00715,"Pungo River Volunteer Fire Department, Inc.",1,40 Pike Road,Pantego,NC,Beaufort,27860,35.68288715,-76.6284663,-76.6284663,35.6828871500001
31922,04703,"Puppy Creek Fire Department, Inc.",1,445 Pittman Grove Church Rd,Raeford,NC,Hoke,28376,35.02596797,-79.1180337,-79.1180337,35.0259679700001
31923,05007,"Qualla Volunteer Fire & Rescue Department, Incorporated",1,147 Shoal Creek Church Loop,Whittier,NC,Jackson,28789,35.4351,-83.3245,-83.3244999999999,35.4351
31924,05007,"Qualla Volunteer Fire & Rescue Department, Incorporated",2,978 W Piney Mtn Rd,Whittier,NC,Jackson,28789,35.3995,-83.292,-83.292,35.3995
31925,07824,Queheel Fire Department,1,108 East Rockingham Road,Maxton,NC,Robeson,28364,34.7426529,-79.34462875,-79.34462875,34.7426529000001
31926,07824,Queheel Fire Department,2,11388 US Hwy 501,Maxton,NC,Robeson,28364,34.65656768,-79.3798751,-79.3798750999999,34.6565676800001
31927,04710,Raeford Fire Department,1,415 East Prospect Ave,Raeford,NC,Hoke,28376,34.98469338,-79.2183,-79.2182999999999,34.9846933800001
31928,07816,"Raft Swamp Fire and Rescue Department, Inc.",1,2809 NC 72 Hwy West,Lumberton,NC,Robeson,28360,34.65334705,-79.08330385,-79.0833038499999,34.65334705
31929,09228,Raleigh Durham Airport Fire Department,1,1050 Rescue Court,Raleigh,NC,Wake,27623,35.88086098,-78.78723947,-78.78723947,35.8808609800001
31930,09213,Raleigh Fire Department,1,220 South Dawson St,Raleigh,NC,Wake,27601,35.77761618,-78.64385982,-78.64385982,35.7776161800001
31931,09213,Raleigh Fire Department,2,263 Pecan Road,Raleigh,NC,Wake,27603,35.74831478,-78.64794745,-78.6479474499999,35.74831478
31932,09213,Raleigh Fire Department,3,13 South East Street,Raleigh,NC,Wake,27601,35.77947781,-78.63198737,-78.6319873699999,35.7794778100001
31933,09213,Raleigh Fire Department,4,121 Northway Street,Raleigh,NC,Wake,27615,35.88249626,-78.64836651,-78.64836651,35.88249626
31934,09213,Raleigh Fire Department,5,300 Oberlin Road,Raleigh,NC,Wake,27605,35.78830059,-78.66181045,-78.66181045,35.7883005900001
31935,09213,Raleigh Fire Department,6,2601 Fairview Road,Raleigh,NC,Wake,27608,35.80901766,-78.65576522,-78.65576522,35.8090176600001
31936,09213,Raleigh Fire Department,7,2100 Glascock Street,Raleigh,NC,Wake,27610,35.79258261,-78.61281143,-78.61281143,35.7925826100001
31937,09213,Raleigh Fire Department,8,5001 Western Boulevard,Raleigh,NC,Wake,27606,35.78613056,-78.70869024,-78.70869024,35.7861305600001
31938,09213,Raleigh Fire Department,9,4465 Six Forks Road,Raleigh,NC,Wake,27609,35.84125162,-78.6433414,-78.6433413999999,35.84125162
31939,09213,Raleigh Fire Department,10,2711 Sanderford Road,Raleigh,NC,Wake,27610,35.74173297,-78.61305889,-78.6130588899999,35.74173297
31940,09213,Raleigh Fire Department,11,2925 Glenridge Road,Raleigh,NC,Wake,27604,35.81966804,-78.60053583,-78.60053583,35.8196680400001
31941,09213,Raleigh Fire Department,12,4306 Poole Road,Raleigh,NC,Wake,27610,35.767513,-78.562569,-78.5625689999999,35.7675130000001
31942,09213,Raleigh Fire Department,14,3510 Harden Road,Raleigh,NC,Wake,27607,35.81581937,-78.70173498,-78.70173498,35.81581937
31943,09213,Raleigh Fire Department,15,1815 Spring Forest Road,Raleigh,NC,Wake,27615,35.86673158,-78.60796928,-78.60796928,35.8667315800001
31944,09213,Raleigh Fire Department,16,5225 Lead Mine Road,Raleigh,NC,Wake,27612,35.85260563,-78.67318401,-78.6731840099999,35.85260563
31945,09213,Raleigh Fire Department,17,4601 Pleasant Valley Road,Raleigh,NC,Wake,27612,35.85964065,-78.71169274,-78.71169274,35.8596406500001
31946,09213,Raleigh Fire Department,18,8200 Morgan's Way,Raleigh,NC,Wake,27615,35.89406833,-78.68085158,-78.68085158,35.89406833
31947,09213,Raleigh Fire Department,19,4209 Spring Forest Road,Raleigh,NC,Wake,27616,35.85631561,-78.57097292,-78.57097292,35.85631561
31948,09213,Raleigh Fire Department,20,1721 Trailwood Drive,Raleigh,NC,Wake,27606,35.75598694,-78.69275429,-78.69275429,35.7559869400001
31949,09213,Raleigh Fire Department,21,2651 Southall Road Extension,Raleigh,NC,Wake,27604,35.81097174,-78.55611062,-78.55611062,35.8109717400001
31950,09213,Raleigh Fire Department,22,9350 Durant Road,Raleigh,NC,Wake,27616,35.89777554,-78.57066639,-78.57066639,35.8977755400001
31951,09213,Raleigh Fire Department,23,8312 Pinecrest Road,Raleigh,NC,Wake,27613,35.89689949,-78.72694396,-78.72694396,35.8968994900001
31952,09213,Raleigh Fire Department,24,10440 Fossil Creek Court,Raleigh,NC,Wake,27617,35.90167465,-78.79679962,-78.7967996199999,35.9016746500001
31953,09213,Raleigh Fire Department,25,2740 Wakefield Crossing Drive,Raleigh,NC,Wake,27614,35.9401069,-78.55882804,-78.55882804,35.9401069
31954,09213,Raleigh Fire Department,26,3929 Barwell Road,Raleigh,NC,Wake,27610,35.73231513,-78.55468753,-78.55468753,35.7323151300001
31955,09213,Raleigh Fire Department,27,5916 Buffaloe Road,Raleigh,NC,Wake,27604,35.84131903,-78.54150044,-78.5415004399999,35.8413190300001
31956,09213,Raleigh Fire Department,28,3500 Forestville Road,Raleigh,NC,Wake,27616,35.8822494,-78.51023013,-78.51023013,35.8822494
31957,09213,Raleigh Fire Department,29,12117 Leesville Road,Raleigh,NC,Wake,27613,35.919054,-78.751332,-78.7513319999999,35.9190540000001
31958,07610,Ramseur Volunteer Fire Department,1,471 Coleridge Rd,Ramseur,NC,Randolph,27316,35.73306547,-79.64952146,-79.64952146,35.73306547
31959,07611,Randleman Fire Department,1,105 Hillary Street,Randleman,NC,Randolph,27317,35.81734993,-79.80488163,-79.80488163,35.81734993
31960,07611,Randleman Fire Department,2,6740 US Hwy 311,Sophia,NC,Randolph,27350,35.84001377,-79.87586967,-79.87586967,35.84001377
31961,02008,"Ranger Volunteer Fire Department, Inc.",1,155 Little Ranger Road,Murphy,NC,Cherokee,28906,35.023,-84.1258,-84.1258,35.023
31962,02008,"Ranger Volunteer Fire Department, Inc.",2,500 NC 294 Hwy,Murphy,NC,Cherokee,28906,35.038851,-84.14432,-84.1443199999999,35.0388510000001
31963,03621,"Ranlo Volunteer Fire and Rescue, Inc.",1,1624 Spencer Mountain Road,Gastonia,NC,Gaston,28054,35.288587,-81.129012,-81.129012,35.2885870000001
31964,07828,Raynham-Mcdonald Volunteer Fire Dept.,1,5900 S Hwy 301 ,Rowland,NC,Robeson,28383,34.57468834,-79.19451802,-79.19451802,34.5746883400001
31965,07451,"Red Oak Community Rural Fire Dept., Inc.",1,925 West Star Rd,Greenville,NC,Pitt,27834,35.56867274,-77.44445213,-77.4444521299999,35.5686727400001
31966,06408,"Red Oak District Volunteer Fire Department, Inc.",1,7951 Red Oak Boulevard,Rocky Mount,NC,Nash,27804,36.0346516,-77.90281458,-77.90281458,36.0346516000001
31967,06408,"Red Oak District Volunteer Fire Department, Inc.",2,3067 Town Hall Road,Rocky Mount,NC,Nash,27804,36.00803472,-77.85404595,-77.8540459499999,36.0080347200001
31968,07817,Red Springs Fire Department,1,133 N . Main St.,Red Springs,NC,Robeson,28377,34.817347,-79.18215,-79.18215,34.817347
31969,03208,"Redwood Volunteer Fire Department, Inc.",1,4901 Cheek Road,Durham,NC,Durham,27704,36.026,-78.79254787,-78.79254787,36.0260000000001
31970,03208,"Redwood Volunteer Fire Department, Inc.",2,1730 Hamlin Road,Durham,NC,Durham,27704,36.05680051,-78.85488198,-78.85488198,36.0568005100001
31971,03208,"Redwood Volunteer Fire Department, Inc.",3,5420 Wake Forest Road,Durham,NC,Durham,27703,35.97635674,-78.7787751,-78.7787751,35.97635674
31972,02912,"Reeds Fire Department, Inc.",1,186 Highway 150 South,Lexington,NC,Davidson,27295,35.85019,-80.3274,-80.3274,35.8501900000001
31973,06905,"Reelsboro Volunteer Fire-Rescue, Inc.",1,105 Holland Rd,New Bern,NC,Pamlico,28560,35.1329142,-76.91880618,-76.9188061799999,35.1329142000001
31974,01113,"Reems Creek Valley Fire Department, Incorporated",1,730 Reems Creek Road,Weaverville,NC,Buncombe,28787,35.69440892,-82.50929195,-82.50929195,35.6944089200001
31975,01113,"Reems Creek Valley Fire Department, Incorporated",2,450 Beaverdam Road,Asheville,NC,Buncombe,28804,35.64187194,-82.53156523,-82.53156523,35.64187194
31976,07907,Reidsville Fire Department,1,402 S Scales St,Reidsville,NC,Rockingham,27320,36.35727472,-79.66467429,-79.6646742899999,36.3572747200001
31977,07907,Reidsville Fire Department,2,1826 Barnes St,Reidsville,NC,Rockingham,27320,36.33515186,-79.65308198,-79.65308198,36.3351518600001
31978,07907,Reidsville Fire Department,3,2800 Reid School Rd,Reidsville,NC,Rockingham,27320,36.33669258,-79.69653219,-79.69653219,36.33669258
31979,07835,Rennert Volunteer Fire Department,1,9896 Rennert Rd,Shannon,NC,Robeson,28386,34.81813083,-79.07817125,-79.07817125,34.81813083
31980,01114,"Reynolds Volunteer Fire Department, Incorporated",1,1 Charles A. Lytle Road,Asheville,NC,Buncombe,28803,35.55165544,-82.47663445,-82.4766344499999,35.55165544
31981,04207,"Rheasville Volunteer Fire Department, Inc.",1,3456 Highway 48,Roanoke Rapids,NC,Halifax,27870,36.40932806,-77.70361918,-77.70361918,36.4093280600001
31982,04207,"Rheasville Volunteer Fire Department, Inc.",2,8473 Highway 48,Roanoke Rapids,NC,Halifax,27870,36.38585317,-77.78648542,-77.78648542,36.3858531700001
31983,02516,"Rhems Volunteer Fire Department, Inc.",1,5860 Hwy 17 South,New Bern,NC,Craven,28562,35.07155269,-77.1807751,-77.1807750999999,35.07155269
31984,02516,"Rhems Volunteer Fire Department, Inc.",2,25 Shoreline Dr,New Bern,NC,Craven,28562,35.07609658,-77.15158775,-77.15158775,35.0760965800001
31985,06713,"Rhodestown Volunteer Fire Department, Inc.",1,5169 Richlands Rd.,Jacksonville,NC,Onslow,28540,34.816524,-77.516305,-77.516305,34.8165240000001
31986,01414,Rhodhiss Fire Department,1,200 Burke Street,Hickory,NC,Caldwell,28601,35.767,-81.4321,-81.4320999999999,35.7670000000001
31987,01115,"Riceville Volunteer Fire Department, Incorporated",1,2251 Riceville Road,Asheville,NC,Buncombe,28805,35.63076815,-82.47212029,-82.47212029,35.6307681500001
31988,06604,"Rich Square Fire and Rescue, Inc.",1,197 Maple St,Rich Square,NC,Northampton,27869,36.27358037,-77.28767755,-77.28767755,36.27358037
31989,08414,"Richfield-Misenheimer Fire Department, Incorporated",1,228 W. Church Street,Richfield,NC,Stanly,28137,35.47044466,-80.26444595,-80.26444595,35.4704446600001
31990,06714,"Richlands Volunteer Fire Department, Inc.",1,113 North Wilmington St.,Richlands,NC,Onslow,28574,34.9008088,-77.54620729,-77.54620729,34.9008088
31991,08415,"Ridgecrest Volunteer Fire Department, Inc.",1,24792 Millingport Road,Locust,NC,Stanly,28097,35.31940505,-80.36255668,-80.36255668,35.3194050500001
31992,09312,"Ridgeway Volunteer Rural Fire Association, Inc.",1,668 US Highway 1 South,Norlina,NC,Warren,27563,36.43674242,-78.23597166,-78.23597166,36.43674242
31993,01317,Rimer Volunteer Fire Department and Medical Responders,1,4306 Rimer RD.,Concord,NC,Cabarrus,28025,35.4761699,-80.48171569,-80.48171569,35.4761699000001
31994,02807,"Roanoke Island Volunteer Fire Department, Inc.",1,917 N. Virginia Dare Road,Manteo,NC,Dare,27954,35.9161,-75.6772,-75.6772,35.9161
31995,02807,"Roanoke Island Volunteer Fire Department, Inc.",2,323 Old Schoolhouse Rd.,Wanchese,NC,Dare,27981,35.8429,-75.6406,-75.6405999999999,35.8429
31996,04208,Roanoke Rapids Fire Department,1,643 Roanoke Ave.,Roanoke Rapids,NC,Halifax,27870,36.461949,-77.65475283,-77.6547528299999,36.4619490000001
31997,04208,Roanoke Rapids Fire Department,2,638 Hwy 125,Roanoke Rapids,NC,Halifax,27870,36.42468418,-77.64660152,-77.6466015199999,36.42468418
31998,09314,"Roanoke-Wildwood Volunteer Fire Department, Incorporated",1,790 Lizard Creek Road,Littleton,NC,Warren,27850,36.53072327,-77.90629079,-77.90629079,36.5307232700001
31999,09314,"Roanoke-Wildwood Volunteer Fire Department, Incorporated",2,1948 River Road,Henrico,NC,Warren,27842,36.52235689,-77.85048047,-77.85048047,36.52235689
32000,09714,"Roaring River Volunteer Fire Department, Inc.",1,214 Abtco Road,Roaring River,NC,Wilkes,28669,36.2071,-81.0208,-81.0208,36.2071
32001,09714,"Roaring River Volunteer Fire Department, Inc.",2,5225 Speedway Road ,North Wilkesboro,NC,Wilkes,28659,36.15230396,-81.01909808,-81.0190980799999,36.15230396
32002,06311,Robbins Fire Department,1,301 SW Branson Circle,Robbins,NC,Moore,27325,35.4344,-79.5883,-79.5882999999999,35.4344
32003,05906,Robersonville Fire Department,1,119 S. Main Street,Robersonville,NC,Martin,27871,35.82292196,-77.25341073,-77.25341073,35.82292196
32004,06009,"Robinson Volunteer Fire Department and Rescue, Inc.",1,5304 Mecklenburg Shrine Club Rd,Charlotte,NC,Mecklenburg,28229,35.2441,-80.6575,-80.6575,35.2441000000001
32005,09809,"Rock Ridge Fire Department, Inc.",1,6501 Rock Ridge School Rd,Wilson,NC,Wilson,27893,35.70139701,-78.06635065,-78.0663506499999,35.7013970100001
32006,09809,"Rock Ridge Fire Department, Inc.",2,8527 NC 42 West,Kenly,NC,Wilson,27542,35.68062922,-78.12904262,-78.12904262,35.6806292200001
32007,04702,"Rockfish Fire Department, Inc.",1,7600 Philippi Church Rd,Raeford,NC,Hoke,28376,34.991722,-79.065843,-79.065843,34.991722
32008,07707,Rockingham Fire Department,1,231 S. Lawrence St,Rockingham,NC,Richmond,28379,34.93685832,-79.77185324,-79.77185324,34.9368583200001
32009,07707,Rockingham Fire Department,2,830 Roberdel Road,Rockingham,NC,Richmond,28379,34.96400939,-79.74003515,-79.74003515,34.9640093900001
32010,08070,Rockwell City Fire Department,1,116 South Cherry Street,Rockwell,NC,Rowan,28138,35.55215199,-80.41025527,-80.4102552699999,35.55215199
32011,08071,"Rockwell Rural Fire Department, Incorporated",1,320 Link St.,Rockwell,NC,Rowan,28138,35.55340729,-80.41788542,-80.4178854199999,35.5534072900001
32012,08071,"Rockwell Rural Fire Department, Incorporated",2,11800 Beatty Ford Road,Rockwell,NC,Rowan,28138,35.52057,-80.418,-80.4179999999999,35.5205700000001
32013,03306,Rocky Mount Fire Department,1,375 Raleigh Boulevard,Rocky Mount,NC,Edgecombe,27801,35.938379,-77.79095942,-77.79095942,35.9383790000001
32014,03306,Rocky Mount Fire Department,2,824 S Grace St,Rocky Mount,NC,Edgecombe,27802,35.93589586,-77.80497662,-77.8049766199999,35.9358958600001
32015,03306,Rocky Mount Fire Department,3,900 S Winstead Ave,Rocky Mount,NC,Edgecombe,27802,35.95246252,-77.84835242,-77.84835242,35.95246252
32016,03306,Rocky Mount Fire Department,4,2054 Fenner Rd,Rocky Mount,NC,Edgecombe,27802,36.00452604,-77.78707469,-77.7870746899999,36.00452604
32017,03306,Rocky Mount Fire Department,5,900 Springfield Rd,Rocky Mount,NC,Edgecombe,27802,35.94685989,-77.75396781,-77.7539678099999,35.94685989
32018,03306,Rocky Mount Fire Department,6,105 Rowe Dr,Rocky Mount,NC,Edgecombe,27802,35.96576582,-77.8152421,-77.8152421,35.9657658200001
32019,03306,Rocky Mount Fire Department,7,9914 NC Hwy 4,Rocky Mount,NC,Edgecombe,27802,36.04798747,-77.77076974,-77.7707697399999,36.0479874700001
32020,07107,"Rocky Point Volunteer Fire Department, Inc.",1,1425 Porters Lane Rd,Rocky Point,NC,Pender,28457,34.4431929,-77.88235557,-77.88235557,34.4431929
32021,07107,"Rocky Point Volunteer Fire Department, Inc.",2,11925 US Hwy 117 South,Rocky Point,NC,Pender,28457,34.3875452,-77.89420224,-77.89420224,34.3875452
32022,09214,Rolesville Fire Department,1,104 East Young St.,Rolesville,NC,Wake,27571,35.92245673,-78.45722146,-78.45722146,35.9224567300001
32023,09715,"Ronda Community Volunteer Fire Department, Inc.",1,12164 Elkin Hwy 268,Ronda,NC,Wilkes,28670,36.21863941,-80.94131802,-80.94131802,36.21863941
32024,09715,"Ronda Community Volunteer Fire Department, Inc.",2,3463 Clingman Road,Ronda,NC,Wilkes,28670,36.17521894,-80.92980041,-80.92980041,36.17521894
32025,09405,"Roper Fire Department, Inc.",1,7121 NC Highway 32 North ,Roper,NC,Washington,27970,35.8749609,-76.62226589,-76.6222658899999,35.8749609000001
32026,03113,Rose Hill Fire & Rescue Dept.,1,109 South Sycamore St.,Rose Hill,NC,Duplin,28458,34.82453486,-78.02857778,-78.02857778,34.82453486
32027,08209,Roseboro Fire Department,1,539 W Martin Luther King Blvd,Roseboro,NC,Sampson,28382,34.9594,-78.5194,-78.5194,34.9594000000001
32028,02418,"Roseland Volunteer Fire Department, Inc.",1,9527 Claredon Chadbourn Rd,Chadbourn,NC,Columbus,28431,34.233,-78.8392,-78.8391999999999,34.2330000000001
32029,09609,"Rosewood Volunteer Fire Department, Inc.",1,884 Rosewood Rd.,Goldsboro,NC,Wayne,27530,35.4145,-78.0747,-78.0747,35.4145
32030,08806,"Rosman Fire/Rescue, Inc.",1,624 Pickens Hwy,Rosman,NC,Transylvania,28772,35.1449719,-82.82285754,-82.82285754,35.1449719
32031,08072,"Rowan-Iredell Voluntary Fire Department, Incorporated",1,5757 Chenault Rd,Cleveland,NC,Rowan,27013,35.81110446,-80.70940111,-80.70940111,35.81110446
32032,07819,"Rowland Rural Fire Department, Inc.",1,401 N Bond St. ,Rowland,NC,Robeson,28383,34.53987869,-79.29001498,-79.29001498,34.5398786900001
32033,07819,"Rowland Rural Fire Department, Inc.",2,204 W Main St.,Rowland,NC,Robeson,28383,34.53809722,-79.29399271,-79.2939927099999,34.5380972200001
32034,07302,Roxboro Fire Department,1,105 Court Street,Roxboro,NC,Person,27573,36.39421,-78.98522105,-78.98522105,36.39421
32035,07302,Roxboro Fire Department,2,1035 Durham Road,Roxboro,NC,Person,27573,36.37635051,-78.9831249,-78.9831249,36.3763505100001
32036,07302,Roxboro Fire Department,3,1607 North Main Street,Roxboro,NC,Person,27573,36.42579536,-78.96775726,-78.96775726,36.4257953600001
32037,00809,"Roxobel Volunteer Fire Department, Inc.",1,204 S Main St,Roxobel,NC,Bertie,27872,36.2016,-77.2444,-77.2444,36.2016
32038,07908,"Ruffin Volunteer Fire Department, Inc",1,9562 US 29 Business,Ruffin,NC,Rockingham,27326,36.44704715,-79.54528431,-79.5452843099999,36.4470471500001
32039,07908,"Ruffin Volunteer Fire Department, Inc",2,9368 NC Hwy 700,Pelham,NC,Rockingham,27311,36.5122253,-79.555369,-79.555369,36.5122253000001
32040,03414,Rural Hall Fire And Rescue,1,177 Hwy 65 East,Rural Hall,NC,Forsyth,27045,36.24110205,-80.29169924,-80.29169924,36.2411020500001
32041,08109,Rutherfordton Fire Department,1,144 N. Mitchell Street,Rutherfordton,NC,Rutherford,28139,35.36856124,-81.96047895,-81.96047895,35.3685612400001
32042,08109,Rutherfordton Fire Department,2,1701 Baber Rd,Rutherfordton,NC,Rutherford,28139,35.314427,-81.989338,-81.989338,35.3144270000001
32043,07820,"Saddletree Volunteer Fire Department, Inc.",1,76 Rozeir Church Rd.,Lumberton,NC,Robeson,28360,34.71266,-79.0048,-79.0048,34.71266
32044,01274,"Salem Community Fire and Rescue Protection Association, Inc",1,1315 Salem Rd,Morganton,NC,Burke,28655,35.69577467,-81.69991417,-81.6999141699999,35.69577467
32045,01274,"Salem Community Fire and Rescue Protection Association, Inc",2,3461 NC 18 South,Morganton,NC,Burke,28655,35.70403792,-81.632312,-81.632312,35.7040379200001
32046,06409,"Salem District Volunteer Fire Department, Inc.",1,4559 Swift Creek School Road,Whitakers,NC,Nash,27891,36.113674,-77.86227166,-77.86227166,36.1136740000001
32047,08210,"Salemburg Volunteer Fire Dept., Inc.",1,804 N. Main St,Salemburg,NC,Sampson,28385,35.0219,-78.5017,-78.5017,35.0219000000001
32048,08050,Salisbury Fire Department,1,514 East Innes Street,Salisbury,NC,Rowan,28144,35.6635,-80.4649,-80.4648999999999,35.6635000000001
32049,08050,Salisbury Fire Department,2,2312 S. Main St.,Salisbury,NC,Rowan,28144,35.64909128,-80.50252875,-80.50252875,35.6490912800001
32050,08050,Salisbury Fire Department,3,1604 W. Innes St.,Salisbury,NC,Rowan,28144,35.68376057,-80.48225324,-80.48225324,35.6837605700001
32051,08050,Salisbury Fire Department,4,2325 Statesville Blvd.,Salisbury,NC,Rowan,28144,35.69618217,-80.52549154,-80.52549154,35.69618217
32052,08050,Salisbury Fire Department,5,310 Cedar Springs Road,Salisbury,NC,Rowan,28147,35.628156,-80.529819,-80.529819,35.628156
32053,07504,"Saluda Volunteer Fire & Rescue, Inc.",1,199 Walnut Street,Saluda,NC,Polk,28773,35.2331,-82.3505,-82.3505,35.2331
32054,05425,"Sand Hill Volunteer Fire Department, Inc.",1,3216 British Rd,Kinston,NC,Lenoir,28501,35.29839423,-77.46845557,-77.4684555699999,35.29839423
32055,05423,Sandy Bottom Volunteer Fire and Rescue Inc.,1,4640 Highway 55 West ,Kinston,NC,Lenoir,28504,35.20491012,-77.70693202,-77.70693202,35.2049101200001
32056,08110,"Sandy Mush Volunteer Fire Department, Inc.",1,557 US  Hwy 221 A,Forest City,NC,Rutherford,28043,35.29350141,-81.84573866,-81.8457386599999,35.29350141
32057,08110,"Sandy Mush Volunteer Fire Department, Inc.",2,841 Chase Hwy,Forest City,NC,Rutherford,28043,35.26874243,-81.84405033,-81.84405033,35.26874243
32058,09012,"Sandy Ridge Fire and Rescue Department, Inc.",1,5010 Plyler Mill Road,Monroe,NC,Union,28112,34.87463105,-80.58529464,-80.58529464,34.8746310500001
32059,05304,Sanford Fire Department,1,512 Hawkins Ave,Sanford,NC,Lee,27330,35.4878646,-79.17932682,-79.17932682,35.4878646000001
32060,05304,Sanford Fire Department,2,2220 Woodland Ave,Sanford,NC,Lee,27330,35.45663396,-79.15687854,-79.15687854,35.45663396
32061,05304,Sanford Fire Department,3,900 Cool Springs Rd,Sanford,NC,Lee,27330,35.48134274,-79.21963603,-79.2196360299999,35.4813427400001
32062,05304,Sanford Fire Department,5,3945 Colon Road,Sanford,NC,Lee,27330,35.55931,-79.15236,-79.15236,35.55931
32063,09804,"Sanoca Rural Fire District, Inc.",1,7221 Church St.,Saratoga,NC,Wilson,27873,35.66015487,-77.77169312,-77.77169312,35.66015487
32064,03114,Sarecta Fire Department,1,1142 Sarectra Rd,Kenansville,NC,Duplin,28349,34.9790033,-77.85763603,-77.85763603,34.9790033
32065,09626,"Saulston Volunteer Fire Department, Inc.",1,511 Saulston Rd,Goldsboro,NC,Wayne,27534,35.4389,-77.8958,-77.8958,35.4389
32066,04410,"Saunook Volunteer Fire Department, Inc.",1,2908 Old Balsam Road,Waynesville,NC,Haywood,28786,35.4521,-83.05602875,-83.0560287499999,35.4521
32067,05005,Savannah Volunteer Fire Department,1,18 Ralph Tatham Road,Sylva,NC,Jackson,28779,35.29533135,-83.26473907,-83.26473907,35.29533135
32068,05005,Savannah Volunteer Fire Department,2,18 Sassafras Road,Sylva,NC,Jackson,28779,35.2525,-83.2816,-83.2816,35.2525000000001
32069,05005,Savannah Volunteer Fire Department,3,138 Greens Creek Rd,Sylva,NC,Jackson,28779,35.32945,-83.263,-83.263,35.3294500000001
32070,01411,"Sawmills Volunteer Fire & Rescue, Inc.",1,4068 US 321-A ,Granite Falls,NC,Caldwell,28630,35.82496172,-81.47428542,-81.4742854199999,35.82496172
32071,08073,"Scotch-Irish Fire Department, Incorporated",1,3220 Needmore Rd,Woodleaf,NC,Rowan,27054,35.81123051,-80.62923907,-80.62923907,35.81123051
32072,04209,Scotland Neck Fire Department,1,103 East 11th St,Scotland Neck,NC,Halifax,27874,36.12997,-77.421,-77.4209999999999,36.1299700000001
32073,04209,Scotland Neck Fire Department,2,11170 Thirteen Bridges Rd, Scotland Neck,NC,Halifax,27874,36.169842,-77.502189,-77.502189,36.1698420000001
32074,04804,"Scranton Volunteer Fire Department, Inc.",1,5224 Sladesville-Credle RD,Scranton,NC,Hyde,27875,35.4646,-76.49,-76.49,35.4646000000001
32075,06605,"Seaboard Volunteer Fire Department, Inc.",1,108 West Central Street,Seaboard,NC,Northampton,27876,36.49042777,-77.44271842,-77.4427184199999,36.4904277700001
32076,07612,"Seagrove Rural Volunteer Fire Department, Inc.",1,281 East Main Street,Seagrove,NC,Randolph,27341,35.5411,-79.77449656,-79.77449656,35.5411
32077,05120,Selma Fire Department,1,201 N Webb St.,Selma,NC,Johnston,27576,35.5365,-78.2817,-78.2816999999999,35.5365
32078,01706,"Semora Volunteer Fire Department, Inc.",1,4997 Hwy 57 North,Semora,NC,Caswell,27343,36.4987929,-79.14958542,-79.1495854199999,36.4987929000001
32079,09511,Seven Devils Fire Department,1,1356 Seven Devils Road,Banner Elk,NC,Watauga,28604,36.1559,-81.7994,-81.7993999999999,36.1559
32080,06363,"Seven Lakes Fire, Rescue, and EMS",1,718 Seven Lakes Drive,West End,NC,Moore,27376,35.27085256,-79.57324291,-79.57324291,35.27085256
32081,09627,"Seven Springs Community Volunteer Fire Department, Inc.",1,5377 NC 55 Highway East,Seven Springs,NC,Wayne,28578,35.2231109,-77.852592,-77.852592,35.2231109000001
32082,06606,"Severn Volunteer Fire Department, Incorporated",1,9215 NC 35 ,Severn,NC,Northampton,27877,36.51666383,-77.18207854,-77.18207854,36.51666383
32083,01008,Shallotte Fire Department,1,125 Wall St.,Shallotte,NC,Brunswick,28470,33.9743178,-78.38106589,-78.3810658899999,33.9743178000001
32084,01008,Shallotte Fire Department,2,920 Whiteville RD,Shallotte,NC,Brunswick,28470,33.98691779,-78.42631953,-78.4263195299999,33.9869177900001
32085,01008,Shallotte Fire Department,3,40 Naber Dr,Shallotte,NC,Brunswick,28470,33.9615389,-78.41431761,-78.41431761,33.9615389000001
32086,01016,"Shallotte Point Volunteer Fire Department, Inc.",1,4126 Pigott Rd ,Shallotte,NC,Brunswick,28470,33.925399,-78.378825,-78.3788249999999,33.925399
32087,02314,"Shanghai Volunteer Fire Department, Inc.",1,1435 Burke Rd.,Shelby,NC,Cleveland,28152,35.240935,-81.608935,-81.608935,35.240935
32088,07821,"Shannon Volunteer Fire Department, Inc.",1,14592 NC Hwy 71 N,Shannon,NC,Robeson,28386,34.84738554,-79.13872834,-79.1387283399999,34.8473855400001
32089,07456,"Sharp Point Volunteer Fire Department, Inc.",1,4975 Sharp Point Rd,Fountain,NC,Pitt,27829,35.71744355,-77.58318198,-77.5831819799999,35.71744355
32090,06410,"Sharpsburg Fire Prevention Association, Inc.",1,300 Taylor Dr.,Sharpsburg,NC,Nash,27878,35.86973259,-77.82989312,-77.82989312,35.8697325900001
32091,09512,Shawneehaw Volunteer Fire Department,1,171 Rominger Road,Banner Elk,NC,Watauga,28604,36.19250607,-81.81073143,-81.81073143,36.19250607
32092,03016,"Sheffield-Calahaln Volunteer Fire Department, Inc.",1,435 Dyson Road,Mocksville,NC,Davie,27028,35.97076541,-80.67855708,-80.67855708,35.9707654100001
32093,02315,Shelby Fire Department,1,506 E. Grover St.,Shelby,NC,Cleveland,28150,35.30247096,-81.53055749,-81.53055749,35.3024709600001
32094,02315,Shelby Fire Department,2,303 Charles Rd.,Shelby,NC,Cleveland,28150,35.28779633,-81.56100729,-81.56100729,35.28779633
32095,02315,Shelby Fire Department,3,2425 Kings Rd.,Shelby,NC,Cleveland,28150,35.2761,-81.4883,-81.4883,35.2761
32096,09725,"Shepherds Cross-Roads Volunteer Fire Department, Inc.",1,6188 White Plains Road,Roaring River,NC,Wilkes,28669,36.27189895,-81.00957621,-81.00957621,36.27189895
32097,04907,"Shepherds Fire-Rescue, Inc.",1,2014 Charlotte Hwy,Mooresville,NC,Iredell,28117,35.62291002,-80.82653143,-80.82653143,35.6229100200001
32098,04907,"Shepherds Fire-Rescue, Inc.",2,204 Doolie Road,Mooresville,NC,Iredell,28117,35.5960349,-80.8991502,-80.8991502,35.5960349000001
32099,04907,"Shepherds Fire-Rescue, Inc.",3,234 Bethesda Rd,Statesville,NC,Iredell,28677,35.75086939,-80.80656093,-80.80656093,35.75086939
32100,04907,"Shepherds Fire-Rescue, Inc.",4,1486 Oswalt Amity Rd,Cleveland,NC,Iredell,27013,35.69702158,-80.77696093,-80.77696093,35.6970215800001
32101,01815,"Sherrills Ford - Terrell Fire & Rescue, INC.",1,4011 Slanting Bridge Rd,Sherrills Ford,NC,Catawba,28673,35.58407314,-80.99104291,-80.99104291,35.58407314
32102,01815,"Sherrills Ford - Terrell Fire & Rescue, INC.",2,4385 Mt. Pleasant Rd,Sherrills Ford,NC,Catawba,28673,35.57403491,-81.03582875,-81.03582875,35.5740349100001
32103,01815,"Sherrills Ford - Terrell Fire & Rescue, INC.",3,4582 Burris Rd,Denver,NC,Catawba,28037,35.56719745,-81.0158084,-81.0158084,35.56719745
32104,01815,"Sherrills Ford - Terrell Fire & Rescue, INC.",4,2080 Mollys Backbone Road,Sherrills Ford,NC,Catawba,28673,35.636349,-80.983815,-80.9838149999999,35.6363490000001
32105,07909,"Shiloh Community Fire Protection Association, Inc.",1,3320 Settle Bridge Rd.,Stoneville,NC,Rockingham,27048,36.44942371,-79.86545749,-79.86545749,36.4494237100001
32106,08103,"Shiloh-Danieltown-Oakland Volunteer Fire Department, Inc.",1,115 Toms Lake Road,Forest City,NC,Rutherford,28043,35.28834746,-81.9056923,-81.9056922999999,35.2883474600001
32107,08103,"Shiloh-Danieltown-Oakland Volunteer Fire Department, Inc.",2,1061 W.V. Thompson Road,Rutherfordton,NC,Rutherford,28139,35.21027924,-81.9289,-81.9288999999999,35.21027924
32108,04009,"Shine Rural Volunteer Fire and EMS Association, Inc.",1,84 Shine Rd,Snow Hill,NC,Greene,28580,35.4415973,-77.79142414,-77.7914241399999,35.4415973000001
32109,08113,"Shingle Hollow Volunteer Fire Department, Inc.",1,2621 Cove Rd,Rutherfordton,NC,Rutherford,28139,35.4739,-82.0717,-82.0717,35.4739000000001
32110,08661,"Shoals Volunteer Fire District, Inc.",1,2964 Shoals Road,Pinnacle,NC,Surry,27043,36.30272651,-80.49987895,-80.49987895,36.3027265100001
32111,00716,Sidney Volunteer Fire Department Inc.,1,382 Old Pamlico Beach Road West,Belhaven,NC,Beaufort,27810,35.39734868,-76.60861761,-76.60861761,35.3973486800001
32112,00716,Sidney Volunteer Fire Department Inc.,2,6755 N. Savannah RD,Belhaven,NC,Beaufort,27810,35.47380777,-76.66011461,-76.6601146099999,35.4738077700001
32113,01907,Siler City Fire Department,1,310 North Chatam Ave,Siler City,NC,Chatham,27344,35.7252,-79.46468475,-79.4646847499999,35.7252
32114,01908,"Silk Hope Volunteer Fire Department, Inc.",1,8110 Silk Hope - Gum Springs Rd.,Siler City,NC,Chatham,27344,35.781,-79.36949079,-79.36949079,35.7810000000001
32115,01908,"Silk Hope Volunteer Fire Department, Inc.",2,5226 Silk Hope - Liberty Rd.,Siler City,NC,Chatham,27344,35.8142,-79.4495,-79.4494999999999,35.8142
32116,09807,"Silver Lake Volunteer Fire Department, Inc.",1,5215 Hornes Church Rd,Wilson,NC,Wilson,27896,35.79569262,-77.95159398,-77.95159398,35.7956926200001
32117,02913,"Silver Valley Fire Department, Inc.",1,11450 S. NC 109,Lexington,NC,Davidson,27292,35.72548225,-80.09946245,-80.09946245,35.72548225
32118,02913,"Silver Valley Fire Department, Inc.",2,1685 Regan Road,Lexington,NC,Davidson,27292,35.71569582,-80.14820344,-80.14820344,35.7156958200001
32119,07432,"Simpson Rural Fire Dept., Inc.",1,2821 Virginia St,Simpson,NC,Pitt,27879,35.57450436,-77.27556128,-77.27556128,35.57450436
32120,09814,Sims Community Rural Fire Department,1,6217 US Highway 264 Alternate West,Sims,NC,Wilson,27880,35.75885224,-78.05319656,-78.0531965599999,35.7588522400001
32121,08672,"Skull Camp Volunteer Fire Department, Incorporated",1,7211 West Pine Street,Lowgap,NC,Surry,27024,36.4994,-80.82118583,-80.82118583,36.4994
32122,08672,"Skull Camp Volunteer Fire Department, Incorporated",2,9088 West Pine Street,Lowgap,NC,Surry,27024,36.52948621,-80.8695,-80.8695,36.5294862100001
32123,08672,"Skull Camp Volunteer Fire Department, Incorporated",3,913 Woltz Atkins Road,Mount Airy,NC,Surry,27030,36.462991,-80.7996,-80.7995999999999,36.462991
32124,05709,Sky Valley - Scaly Mountain Volunteer Fire and Rescue Department Incorporated,1,169 Hale Ridge Road,Scaly Mountain,NC,Macon,28775,35.0194006,-83.30541962,-83.30541962,35.0194006
32125,05709,Sky Valley - Scaly Mountain Volunteer Fire and Rescue Department Incorporated,2,1654 Saddleback Circle,Sky Valley,GA,Macon,30537,34.99091,-83.327987,-83.327987,34.99091
32126,01116,Skyland Fire and Rescue Corporation,1,9 Miller Road South,Asheville,NC,Buncombe,28803,35.48447395,-82.52398781,-82.5239878099999,35.4844739500001
32127,01116,Skyland Fire and Rescue Corporation,2,899 Glen Bridge SE,Arden,NC,Buncombe,28704,35.4638,-82.5739,-82.5739,35.4638
32128,01116,Skyland Fire and Rescue Corporation,3,310 Williams Road,Fletcher,NC,Buncombe,28732,35.48721966,-82.4792379,-82.4792379,35.4872196600001
32129,01116,Skyland Fire and Rescue Corporation,4,7 Valley Springs Road,Asheville,NC,Buncombe,28803,35.51573852,-82.53042232,-82.53042232,35.5157385200001
32130,09628,"Smith Chapel Volunteer Fire Department, Inc.",1,2843 Grantham School Rd,Mount Olive,NC,Wayne,28365,35.2067,-78.1549,-78.1548999999999,35.2067000000001
32131,03024,"Smith Grove Volunteer Fire Department, Inc.",1,4155 U.S. Hwy. 158 ,Advance,NC,Davie,27006,35.98467813,-80.48273067,-80.48273067,35.9846781300001
32132,05121,Smithfield Fire Department,1,111 S Fourth St,Smithfield,NC,Johnston,27577,35.50958253,-78.34474595,-78.3447459499999,35.50958253
32133,05121,Smithfield Fire Department,2,1200 West Market St,Smithfield,NC,Johnston,27577,35.52632,-78.3619,-78.3618999999999,35.5263200000001
32134,07822,Smiths Volunteer Fire Department,1,2906 Oxendine School Rd,Maxton,NC,Robeson,28364,34.81034585,-79.29097277,-79.2909727699999,34.81034585
32135,07823,Smyrna Township Volunteer Fire Department,1,2910 Wiregrass Rd,Lumberton,NC,Robeson,28358,34.54157906,-79.02963026,-79.02963026,34.5415790600001
32136,00111,"Snow Camp Volunteer Fire Department, Inc.",1,8408 Snow Camp,Snow Camp,NC,Alamance,27349,35.8833,-79.4279,-79.4279,35.8833000000001
32137,00111,"Snow Camp Volunteer Fire Department, Inc.",2,2545 W. Greensboro-Chapel Hill Road,Snow Camp,NC,Alamance,27349,35.91224794,-79.49609271,-79.49609271,35.91224794
32138,00111,"Snow Camp Volunteer Fire Department, Inc.",3,2404 Staley Store Road,Liberty,NC,Alamance,27298,35.85712174,-79.50584636,-79.50584636,35.85712174
32139,00111,"Snow Camp Volunteer Fire Department, Inc.",4,6457 Bass Mountain Road,Snow Camp,NC,Alamance,27349,35.92398262,-79.43315172,-79.43315172,35.9239826200001
32140,04004,"Snow Hill Rural Fire Department, Incorporated",1,201 Carolina Dr.,Snow Hill,NC,Greene,28580,35.44135796,-77.65684879,-77.65684879,35.4413579600001
32141,09309,"Soul City Volunteer Rural Fire Association, Inc.",1,103 Cresent Drive,Manson,NC,Warren,27553,36.41544317,-78.26609656,-78.2660965599999,36.4154431700001
32142,04708,"South Antioch Volunteer Fire Department, Inc.",1,6931 Red Springs Rd,Red Springs,NC,Hoke,28377,34.88015,-79.205482,-79.205482,34.8801500000001
32143,01501,"South Camden Fire Department, Inc.",1,114 Sawyer's Creek Rd,Camden,NC,Camden,27921,36.3349,-76.1797,-76.1797,36.3349000000001
32144,01501,"South Camden Fire Department, Inc.",2,1061 South NC Hwy 343,Shiloh,NC,Camden,27974,36.27323006,-76.06377171,-76.06377171,36.2732300600001
32145,02924,"South Davidson Fire Department, Inc.",1,22320 NC 109,Denton,NC,Davidson,27239,35.5706691,-80.09787854,-80.09787854,35.5706691
32146,03314,South Edgecombe Rural Fire Department,1,6697 US 258 South,Pinetops,NC,Edgecombe,27864,35.81648,-77.5855,-77.5855,35.8164800000001
32147,03314,South Edgecombe Rural Fire Department,2,102 West Burnette St.,Pinetops,NC,Edgecombe,27864,35.79042611,-77.63884408,-77.63884408,35.7904261100001
32148,04908,"South Iredell Volunteer Fire Department, Inc.",1,651 Brumley Rd,Mooresville,NC,Iredell,28115,35.56776182,-80.77456741,-80.77456741,35.56776182
32149,02914,"South Lexington Volunteer Fire Department, Inc.",1,1877 NC Highway 47,Lexington,NC,Davidson,27292,35.7467,-80.2362,-80.2361999999999,35.7467
32150,01502,"South Mills Volunteer Fire Department, Inc.",1,127 Keeter Barn Rd,South Mills,NC,Camden,27976,36.47149,-76.333516,-76.333516,36.4714900000001
32151,01502,"South Mills Volunteer Fire Department, Inc.",2,105 Halstead Street,South Mills,NC,Camden,27976,36.445476,-76.331419,-76.331419,36.445476
32152,01279,"South Mountains Fire Rescue, Inc.",1,8204 Gus Peeler Road,Connelly Springs,NC,Burke,28612,35.58297784,-81.56297166,-81.56297166,35.5829778400001
32153,01623,"South River-Merrimon Fire & Ems, Inc.",1,1329 South River Rd,Beaufort,NC,Carteret,28516,34.96017,-76.59992,-76.5999199999999,34.9601700000001
32154,08074,"South Salisbury Fire Department, Incorporated",1,3207 Old Concord Road ,Salisbury,NC,Rowan,28146,35.61915699,-80.48956781,-80.48956781,35.6191569900001
32155,08417,"South Side Volunteer Fire Department, Incorporated",1,20790 Hwy 138,Albemarle,NC,Stanly,28001,35.3096,-80.1958,-80.1958,35.3096
32156,08417,"South Side Volunteer Fire Department, Incorporated",2,37348 Southside Road,Albemarle,NC,Stanly,28001,35.32039502,-80.17746437,-80.1774643699999,35.32039502
32157,08508,South Stokes Volunteer Fire Department,1,4747 Flat Shoals,Walnut Cove,NC,Stokes,27052,36.34981359,-80.22089574,-80.2208957399999,36.3498135900001
32158,08508,South Stokes Volunteer Fire Department,2,6624 NC Hwy 8 South,Germanton,NC,Stokes,27019,36.28572704,-80.22697166,-80.2269716599999,36.28572704
32159,08674,"South Surry Volunteer Fire Dept., Inc.",1,3124 Rockford Road,Dobson,NC,Surry,27017,36.3102,-80.6731,-80.6731,36.3102000000001
32160,08674,"South Surry Volunteer Fire Dept., Inc.",2,4056 Siloam Road,Dobson,NC,Surry,27017,36.3454,-80.6286,-80.6285999999999,36.3454
32161,08674,"South Surry Volunteer Fire Dept., Inc.",3,8455 US 601,Dobson,NC,Surry,27017,36.32252,-80.719,-80.7189999999999,36.3225200000001
32162,10013,"South Toe Volunteer Fire and Rescue, Incorporated",1,5455 State Hwy. 80 South,Burnsville,NC,Yancey,28714,35.841126,-82.189754,-82.1897539999999,35.841126
32163,10013,"South Toe Volunteer Fire and Rescue, Incorporated",2,12444 State Hwy. 80 South,Burnsville,NC,Yancey,28714,35.769657,-82.183601,-82.183601,35.7696570000001
32164,06902,"Southeast Pamlico Volunteer Fire Department and EMS, Inc.",1,182 Straight Road,Oriental,NC,Pamlico,28571,35.0479,-76.6893,-76.6892999999999,35.0479
32165,06902,"Southeast Pamlico Volunteer Fire Department and EMS, Inc.",2,2779 Orchard Creek Rd.,Oriental,NC,Pamlico,28571,35.07102986,-76.62019819,-76.6201981899999,35.0710298600001
32166,04121,"Southeast Volunteer Fire Department, Inc.",1,6012 Liberty Road,Climax,NC,Guilford,27233,35.94085461,-79.6786249,-79.6786249,35.94085461
32167,06381,Southern Pines Fire & Rescue Department,1,500 West Pennsylvania Ave,Southern Pines,NC,Moore,28387,35.17814738,-79.39657166,-79.3965716599999,35.17814738
32168,06381,Southern Pines Fire & Rescue Department,2,7850 NC Hwy 22,Carthage,NC,Moore,28327,35.2366,-79.4028,-79.4028,35.2366000000001
32169,02813,"Southern Shores Volunteer Fire Department, Inc.",1,15 S. Dogwood Trail,Southern Shores,NC,Dare,27949,36.09759597,-75.73410227,-75.7341022699999,36.09759597
32170,02915,"Southmont Fire Department, Incorporated",1,11030 NC Highway 8,Lexington,NC,Davidson,27292,35.65947286,-80.26362834,-80.26362834,35.6594728600001
32171,02915,"Southmont Fire Department, Incorporated",2,2989 Rockercrusher Rd,Southmont,NC,Davidson,27351,35.6896125,-80.29248343,-80.2924834299999,35.6896125000001
32172,03623,"Southpoint Volunteer Fire Department, Inc.",1,2300 South Point Road,Belmont,NC,Gaston,28012,35.18668769,-81.02152509,-81.02152509,35.18668769
32173,01009,Southport Fire Department,1,1011 North Howe St. ,Southport,NC,Brunswick,28461,33.93058045,-78.02310659,-78.0231065899999,33.93058045
32174,01009,Southport Fire Department,3,4889 Old Long Beach Rd,Southport,NC,Brunswick,28461,33.94936,-78.0504,-78.0504,33.9493600000001
32175,01009,Southport Fire Department,4,1100 Caswell Beach Rd,Caswell Beach ,NC,Brunswick,28465,33.90402,-78.074,-78.074,33.9040200000001
32176,06716,"Southwest Volunteer Fire Department, Inc.",1,2031 Pony Farm Rd ,Jacksonville,NC,Onslow,28540,34.74669395,-77.51156781,-77.51156781,34.7466939500001
32177,05424,"Southwood Volunteer Fire Department, Inc.",1,1556 Hwy 58  South,Kinston,NC,Lenoir,28504,35.19953507,-77.56130653,-77.56130653,35.19953507
32178,00301,"Sparta - Alleghany Volunteer Fire Department, Inc.",1,64 Cox Street,Sparta,NC,Alleghany,28675,36.50806949,-81.12128659,-81.12128659,36.50806949
32179,03308,"Speed Volunteer Fire Department, Inc.",1,113 Mill Pond Road,Hobgood,NC,Edgecombe,27843,35.96930943,-77.43970781,-77.43970781,35.9693094300001
32180,08075,Spencer Fire Department,1,208 S Salisbury Ave,Spencer,NC,Rowan,28159,35.68983,-80.43207813,-80.43207813,35.68983
32181,03625,"Spencer Mountain Road Volunteer Fire Department, Inc.",1,1011 Dallas -Stanley Hwy,Dallas,NC,Gaston,28034,35.32690504,-81.14817895,-81.14817895,35.32690504
32182,08111,Spindale Fire Dept.,1,103 Reveley Street,Spindale,NC,Rutherford,28160,35.35596812,-81.92914291,-81.9291429099999,35.3559681200001
32183,08211,"Spivey's Corner Volunteer Fire Department, Inc.",1,8200 Newton Grove Hwy,Dunn,NC,Sampson,28334,35.196441,-78.484006,-78.484006,35.196441
32184,04312,"Spout Springs Emergency Services, Inc.",1,4400 Buffalo Lake Rd,Cameron,NC,Harnett,28326,35.27679562,-79.06817743,-79.0681774299999,35.27679562
32185,04312,"Spout Springs Emergency Services, Inc.",2,20054 NC 24/27,Cameron,NC,Harnett,28326,35.2819,-79.11109312,-79.11109312,35.2819000000001
32186,05804,"Spring Creek Volunteer Fire Department, Inc.",1,13131 NC Hwy. 209,Hot Springs,NC,Madison,28743,35.7679,-82.8743,-82.8742999999999,35.7679000000001
32187,06411,"Spring Hope Fire Department, Tar River Fire District, Inc.",1,415 West Nash Street,Spring Hope,NC,Nash,27882,35.94200858,-78.11550612,-78.11550612,35.94200858
32188,02616,Spring Lake Fire Department,1,300 Ruth St  ,Spring Lake,NC,Cumberland,28390,35.17042631,-78.98421802,-78.98421802,35.17042631
32189,02616,Spring Lake Fire Department,2,2355 Lillington Hwy ,Spring Lake,NC,Cumberland,28390,35.2073,-78.9504,-78.9503999999999,35.2073
32190,08307,"Springhill-Friendship Volunteer Fire Department, Inc.",1,27860 Aberdeen Rd,Marston,NC,Scotland,28363,34.92266714,-79.44743219,-79.44743219,34.92266714
32191,08307,"Springhill-Friendship Volunteer Fire Department, Inc.",2,9921 Gum Swamp Lake Rd,Marston ,NC,Scotland,28363,34.90938,-79.5447,-79.5447,34.9093800000001
32192,06105,"Spruce Pine Fire and Rescue Squad, Inc.",1,100 Firefighter Way,Spruce Pine,NC,Mitchell,28777,35.90899145,-82.07232146,-82.07232146,35.90899145
32193,06105,"Spruce Pine Fire and Rescue Squad, Inc.",2,1126 Hwy. 19E,Spruce Pine,NC,Mitchell,28777,35.90318702,-82.12776933,-82.12776933,35.9031870200001
32194,01024,"St. James Fire Department, Inc.",1,3628 St. James Dr,Southport,NC,Brunswick,28461,33.94305314,-78.09423026,-78.09423026,33.9430531400001
32195,01024,"St. James Fire Department, Inc.",2,3621 Oceanic Dr,Southport,NC,Brunswick,28461,33.9602,-78.1168,-78.1168,33.9602
32196,02419,"St. James Volunteer Fire Department, Inc.",1,3203 Old Northeast Rd,Lake Waccamaw,NC,Columbus,28450,34.39741951,-78.5427,-78.5427,34.3974195100001
32197,04607,"St. John Fire Dept., Inc.",1,1127 NC Hwy 561 W.,Aulander,NC,Hertford,27805,36.30611786,-77.0889414,-77.0889414,36.30611786
32198,07830,St. Pauls Fire Department,1,585 W. McLean St.,St. Pauls,NC,Robeson,28384,34.80536476,-78.98058431,-78.98058431,34.80536476
32199,01816,"St. Stephens Fire Department, Inc.",1,2810 Springs Road,Hickory,NC,Catawba,28601,35.75487862,-81.2775,-81.2775,35.7548786200001
32200,01816,"St. Stephens Fire Department, Inc.",2,4060 Springs Road,Conover,NC,Catawba,28613,35.77074734,-81.2495,-81.2495,35.7707473400001
32201,09013,"Stack Road Volunteer Fire Department & Rescue Squad, Inc.",1,1900 Stack Road,Monroe,NC,Union,28112,34.90173722,-80.50822682,-80.5082268199999,34.90173722
32202,07613,"Staley Volunteer Fire Department, Inc.",1,410 W. Railroad St,Staley,NC,Randolph,27355,35.79306511,-79.55046437,-79.55046437,35.79306511
32203,07613,"Staley Volunteer Fire Department, Inc.",2,455 Kildee Church Rd,Ramsuer,NC,Randolph,27316,35.73747838,-79.58185172,-79.58185172,35.73747838
32204,09014,"Stallings Volunteer Fire Department, Inc.",1,4616 Old Monroe Rd ,Matthews,NC,Union,28106,35.06524391,-80.67437551,-80.6743755099999,35.06524391
32205,06415,"Stanhope Community Volunteer Fire Department, Inc.",1,4416 NC 97 West,Spring Hope,NC,Nash,27882,35.86555652,-78.0878249,-78.0878249,35.86555652
32206,03626,Stanley Volunteer Fire Department,1,201 Black Snake Road,Stanley,NC,Gaston,28164,35.36765748,-81.09689312,-81.0968931199999,35.36765748
32207,09812,Stantonsburg - Moyton Volunteer Fire Department Inc.,1,105 N. Saratoga St,Stantonsburg,NC,Wilson,27883,35.6057,-77.8202,-77.8201999999999,35.6057000000001
32208,06204,Star Fire Department,1,454 S Main St.,Star,NC,Montgomery,27356,35.39296734,-79.7843502,-79.7843501999999,35.39296734
32209,08679,"State Road Volunteer Fire Department, Inc.",1,1973 Old Hwy. 21,State Road,NC,Surry,28676,36.331101,-80.875802,-80.875802,36.331101
32210,08679,"State Road Volunteer Fire Department, Inc.",2,1479 Highway 21,Thurmond,NC,Surry,28676,36.361366,-80.916921,-80.9169209999999,36.361366
32211,04909,Statesville Fire Department,1,316 S. Meeting St.,Statesville,NC,Iredell,28677,35.78152185,-80.88891802,-80.8889180199999,35.78152185
32212,04909,Statesville Fire Department,2,110 Security Dr.,Statesville,NC,Iredell,28677,35.7864913,-80.91906286,-80.9190628599999,35.7864913000001
32213,04909,Statesville Fire Department,3,779 Eastside Dr.,Statesville,NC,Iredell,28677,35.77954778,-80.85856052,-80.85856052,35.77954778
32214,04909,Statesville Fire Department,4,115 Martin Lane,Statesville,NC,Iredell,28687,35.81161172,-80.82770448,-80.82770448,35.81161172
32215,07414,"Staton House Fire and Rescue Department, Inc.",1,2501 N Memorial Blvd,Greenville,NC,Pitt,27834,35.65466815,-77.3656081,-77.3656081,35.6546681500001
32216,07414,"Staton House Fire and Rescue Department, Inc.",2,2225 Staton Mill Rd,Greenville,NC,Pitt,27834,35.69955585,-77.34548239,-77.34548239,35.69955585
32217,03802,Stecoah Township Rescue Squad and Fire Department Inc.,1,140 School House Road,Robbinsville,NC,Graham,28771,35.3675,-83.6927,-83.6926999999999,35.3675000000001
32218,02617,"Stedman Volunteer Fire Department, Inc.",1,5256 Front St,Stedman,NC,Cumberland,28931,35.00813,-78.6881,-78.6881,35.0081300000001
32219,06025,"Steele Creek Fire Department, Inc.",1,8700 Steele Creek Rd.,Charlotte,NC,Mecklenburg,28278,35.16950439,-80.96349924,-80.96349924,35.16950439
32220,06025,"Steele Creek Fire Department, Inc.",2,12100 Shopton Road,Charlotte,NC,Mecklenburg,28278,35.144929,-81.004132,-81.004132,35.144929
32221,06025,"Steele Creek Fire Department, Inc.",3,16315 Youngblood Road,Charlotte,NC,Mecklenburg,28278,35.07236,-81.02078,-81.0207799999999,35.0723600000001
32222,03911,"Stem Community Fire Department and Ems, Inc.",1,100 Franklin Road,Stem,NC,Granville,27581,36.20003028,-78.7212498,-78.7212498,36.2000302800001
32223,09510,"Stewart Simmons Volunteer Fire Department of Watauga County, Inc.",1,191 Jakes Mountain Road,Deep Gap,NC,Watauga,28618,36.20204028,-81.56005595,-81.5600559499999,36.2020402800001
32224,09510,"Stewart Simmons Volunteer Fire Department of Watauga County, Inc.",2,2607 Powderhorn Mountain Road,Deep Gap,NC,Watauga,28618,36.169435,-81.51431,-81.51431,36.1694350000001
32225,09510,"Stewart Simmons Volunteer Fire Department of Watauga County, Inc.",3,3450 Reynolds Parkway,Boone,NC,Watauga,28607,36.151809,-81.5229,-81.5228999999999,36.1518090000001
32226,08308,"Stewartsville Volunteer Fire Department, Incorporated",1,8781 Johns Rd,Laurinburg,NC,Scotland,28352,34.70031467,-79.44250536,-79.44250536,34.7003146700001
32227,08509,"Stokes-Rockingham Volunteer Fire Department and Rescue Squad, Inc.",1,1035 Pine Hall Road,Pine Hall,NC,Stokes,27042,36.33982466,-80.05091295,-80.0509129499999,36.33982466
32228,08509,"Stokes-Rockingham Volunteer Fire Department and Rescue Squad, Inc.",2,1040 Galloway Road,Walnut Cove,NC,Stokes,27052,36.42049137,-80.08537703,-80.08537703,36.42049137
32229,04122,"Stokesdale Fire District, Inc.",1,8401 US Hwy 158,Stokesdale,NC,Guilford,27357,36.24144327,-79.98467166,-79.9846716599999,36.24144327
32230,07911,Stoneville Fire Department,1,101 SMITH ST,Stoneville,NC,Rockingham,27048,36.46726069,-79.90636553,-79.90636553,36.46726069
32231,04706,"Stonewall Rural Fire Department, Inc.",1,5569 St. Pauls Rd,Shannon,NC,Hoke,28386,34.925731,-79.151136,-79.151136,34.925731
32232,02619,"Stoney Point Fire Department, Inc.",1,7221 Stoney Point Rd,Fayetteville,NC,Cumberland,28306,34.98413417,-79.02195405,-79.02195405,34.9841341700001
32233,02619,"Stoney Point Fire Department, Inc.",2,2190 Lake Upchurch Rd,Parkton,NC,Cumberland,28371,34.94824184,-79.00846286,-79.00846286,34.94824184
32234,00204,"Stony Point Volunteer Fire Department, Inc.",1,501 Ruritan Park,Stony Point,NC,Alexander,28678,35.8612,-81.0447,-81.0447,35.8612000000001
32235,00204,"Stony Point Volunteer Fire Department, Inc.",2,9621 Paul Payne Store Road,Stony Point,NC,Alexander,28678,35.8224,-81.1066,-81.1066,35.8224000000001
32236,03912,"Stovall Volunteer Fire Department, Inc.",1,204 Hwy 15 N,Stovall,NC,Granville,27582,36.44556597,-78.57172286,-78.57172286,36.4455659700001
32237,05122,"Strickland Cross Roads Fire Department, Incorporated",1,2706 Strickland Crossroad Rd ,Four Oaks,NC,Johnston,27524,35.36695,-78.36463563,-78.36463563,35.36695
32238,02809,"Stumpy Point Volunteer Fire Department, Inc.",1,255 Bayview Dr.,Stumpy Point,NC,Dare,27978,35.6997606,-75.74221417,-75.74221417,35.6997606
32239,05609,"Sugar Hill-Montford Cove Volunteer Fire Department, Inc.",1,8900 Old Fort Sugar Hill Road,Marion,NC,McDowell,28752,35.58128,-82.046331,-82.046331,35.58128
32240,05609,"Sugar Hill-Montford Cove Volunteer Fire Department, Inc.",2,694 Zion Hill Rd.,Marion,NC,McDowell,28752,35.635913,-82.064305,-82.064305,35.6359130000001
32241,00205,"Sugar Loaf Volunteer Fire Department, Inc.",1,4272 N. NC 16 Hwy N,Taylorsville,NC,Alexander,28681,35.9781,-81.1873,-81.1872999999999,35.9781
32242,04123,"Summerfield Fire District, Inc.",1,7400 Summerfield Road,Summerfield,NC,Guilford,27358,36.19835974,-79.90134636,-79.9013463599999,36.1983597400001
32243,04123,"Summerfield Fire District, Inc.",2,6214 Lake Brandt Road,Summerfield,NC,Guilford,27358,36.20214193,-79.84409806,-79.84409806,36.20214193
32244,04123,"Summerfield Fire District, Inc.",3,1800 Scalesville Road,Summerfield,NC,Guilford,27358,36.22622493,-79.86434636,-79.86434636,36.2262249300001
32245,04313,"Summerville Bunnlevel Fire & Rescue, Inc.",1,111 East Harnett  St,Lillington,NC,Harnett,27546,35.39942358,-78.81343411,-78.8134341099999,35.3994235800001
32246,04313,"Summerville Bunnlevel Fire & Rescue, Inc.",2,6825 US 401 South,Bunnlevel,NC,Harnett,28323,35.30805613,-78.78099853,-78.78099853,35.3080561300001
32247,03703,"Sunbury Volunteer Fire Department, Inc.",1,56 NC Hwy 32 South,Sunbury,NC,Gates,27979,36.43774208,-76.6092,-76.6092,36.4377420800001
32248,03703,"Sunbury Volunteer Fire Department, Inc.",2,250 Parkers Fork Rd.,Corapeake,NC,Gates,27926,36.51777929,-76.59850815,-76.59850815,36.5177792900001
32249,07505,Sunny View Fire & Rescue,1,5865 N NC 9 Hwy,Columbus,NC,Polk,28722,35.37248506,-82.18555364,-82.18555364,35.37248506
32250,07505,Sunny View Fire & Rescue,2,3411 Lake Adger Rd,Mill Spring,NC,Polk,28756,35.34977994,-82.23854703,-82.2385470299999,35.3497799400001
32251,01010,Sunset Beach Fire Department,1,102 Shoreline Dr West,Sunset Beach,NC,Brunswick,28468,33.88396923,-78.51203335,-78.51203335,33.88396923
32252,01010,Sunset Beach Fire Department,2,7149 Old Georgetown Rd.,Ocean Isle Beach,NC,Brunswick,28469,33.91737803,-78.48878139,-78.48878139,33.9173780300001
32253,01017,"Sunset Harbor and Zion Hill Volunteer Fire Department, Inc.",1,1763 Clemmons Rd SE,Bolivia,NC,Brunswick,28422,33.997016,-78.195112,-78.1951119999999,33.997016
32254,01017,"Sunset Harbor and Zion Hill Volunteer Fire Department, Inc.",2,2706 Sunset Harbor Rd,Bolivia,NC,Brunswick,28422,33.95483326,-78.21151761,-78.21151761,33.95483326
32255,01011,"Supply Fire & Rescue, Inc. ",1,47 Southport Supply Rd,Supply,NC,Brunswick,28462,34.01591774,-78.27152717,-78.27152717,34.0159177400001
32256,07112,Surf City Fire Department,1,100 Deer Run Rd.,Hampstead,NC,Pender,28443,34.44913934,-77.5692465,-77.5692465,34.44913934
32257,04803,"Swan Quarter Volunteer Fire Department, Inc.",1,25 Oyster Creek Rd,Swanquarter,NC,Hyde,27885,35.40596009,-76.32843714,-76.3284371399999,35.4059600900001
32258,04803,"Swan Quarter Volunteer Fire Department, Inc.",2,149 NC 94,Swanquarter,NC,Hyde,27885,35.443378,-76.2103,-76.2103,35.4433780000001
32259,01117,"Swannanoa Volunteer Fire Department & Rescue Squad, Inc.",1,103 South Avenue ,Swannanoa,NC,Buncombe,28778,35.5986168,-82.39666741,-82.39666741,35.5986168000001
32260,01117,"Swannanoa Volunteer Fire Department & Rescue Squad, Inc.",2,510 Bee Tree Road,Swannanoa,NC,Buncombe,28778,35.61220947,-82.42062865,-82.42062865,35.61220947
32261,06717,Swansboro Fire Department,1,609 West Corbett Ave.,Swansboro,NC,Onslow,28584,34.68984121,-77.12376052,-77.12376052,34.6898412100001
32262,00112,"Swepsonville Volunteer Fire Department, Inc.",1,2744 Darrell Newton Road,Graham,NC,Alamance,27253,36.02269482,-79.3616498,-79.3616498,36.02269482
32263,00112,"Swepsonville Volunteer Fire Department, Inc.",2,4649 NC 54 East,Graham,NC,Alamance,27253,35.99637237,-79.2951502,-79.2951502,35.9963723700001
32264,09217,"Swift Creek Rural Fire Department, Inc.",1,5825 Tryon Rd,Cary,NC,Wake,27518,35.7451132,-78.73933603,-78.7393360299999,35.7451132
32265,05002,Sylva Fire Department,1,24 Municipal Drive,Sylva,NC,Jackson,28779,35.3746,-83.2188,-83.2188,35.3746
32266,05002,Sylva Fire Department,2,327 County Services Road,Webster,NC,Jackson,28788,35.3541935,-83.2100895,-83.2100895,35.3541935000001
32267,07621,Tabernacle Volunteer Fire Department,1,8136 US Hwy 64 West,Trinity,NC,Randolph,27370,35.74922204,-80.0091084,-80.0091083999999,35.7492220400001
32268,07621,Tabernacle Volunteer Fire Department,2,4444 Slick Rock Road,Asheboro,NC,Randolph,27205,35.77395689,-79.95678391,-79.95678391,35.7739568900001
32269,02411,Tabor City Fire Department,1,113 W 4th St,Tabor City,NC,Columbus,28463,34.14757125,-78.87858047,-78.87858047,34.1475712500001
32270,02411,Tabor City Fire Department,2,6819 Swamp Fox Hwy E,Tabor City,NC,Columbus,28463,34.09121106,-78.77398391,-78.77398391,34.09121106
32271,00907,Tar Heel Fire/Rescue Inc. ,1,269 Tar Heel Ferry Rd,Tar Heel,NC,Bladen,28392,34.737726,-78.790776,-78.7907759999999,34.7377260000001
32272,00907,Tar Heel Fire/Rescue Inc. ,2,1759 Pages Lake Rd,Saint Pauls,NC,Bladen,28384,34.80972072,-78.87632029,-78.87632029,34.80972072
32273,03309,Tarboro Fire Department,1,205 W St John Street,Tarboro,NC,Edgecombe,27886,35.89819393,-77.53762846,-77.53762846,35.89819393
32274,03309,Tarboro Fire Department,2,2208 Howard Ave.,Tarboro,NC,Edgecombe,27886,35.89561324,-77.57430921,-77.57430921,35.89561324
32275,08216,Taylors Bridge Fire Department,1,6825 Taylors Bridge Hwy,Clinton,NC,Sampson,28328,34.87375037,-78.26196397,-78.26196397,34.87375037
32276,08216,Taylors Bridge Fire Department,2,871 Peterson Rd,Clinton,NC,Sampson,28328,34.91682,-78.36495,-78.36495,34.91682
32277,03115,"Teachey Volunteer Fire Dept., Inc.",1,4875 Ransey St,Teachey,NC,Duplin,28464,34.77098813,-78.00334291,-78.00334291,34.77098813
32278,00913,"The Ammon Volunteer Fire Department, Inc.",1,13084 NC 242 N,Elizabethtown,NC,Bladen,28337,34.79912732,-78.58065096,-78.58065096,34.79912732
32279,09501,"The Beech Mountain Volunteer Fire Department, Inc.",1,1007 Beech Mountain Parkway,Banner Elk,NC,Watauga,28604,36.1958975,-81.87782875,-81.8778287499999,36.1958975000001
32280,09501,"The Beech Mountain Volunteer Fire Department, Inc.",2,513 St Andrews Road,Banner Elk,NC,Watauga,28604,36.21913508,-81.8895502,-81.8895502,36.2191350800001
32281,07202,"The Belvidere-Chappell Hill Volunteer Fire Department, Inc.",1,143 Drinking Hole Road,Belvidere,NC,Perquimans,27919,36.26758151,-76.55212168,-76.55212168,36.2675815100001
32282,09913,"The Boonville Community Volunteer Fire Department, Inc.",1,207 South Carolina Avenue,Boonville,NC,Yadkin,27011,36.23067836,-80.70804402,-80.70804402,36.2306783600001
32283,09913,"The Boonville Community Volunteer Fire Department, Inc.",2,2529 Caudle Mill Road,Yadkinville,NC,Yadkin,27055,36.18549,-80.720124,-80.7201239999999,36.1854900000001
32284,03404,"The Clemmons Fire Department, Inc.",1,5931 James Street,Clemmons,NC,Forsyth,27012,36.02298085,-80.3779278,-80.3779278,36.0229808500001
32285,03404,"The Clemmons Fire Department, Inc.",2,1030 South Peace Haven Road ,Clemmons,NC,Forsyth,27012,36.04259872,-80.38541604,-80.3854160399999,36.0425987200001
32286,05808,"The Country Volunteer Fire Department, Inc.",1,486 Chruch Road,Hot Springs,NC,Madison,28743,35.89893487,-82.87853563,-82.87853563,35.8989348700001
32287,09401,"The Creswell Volunteer Fire Department, Inc.",1,109 West Main Street,Creswell,NC,Washington,27928,35.86957173,-76.39431918,-76.39431918,35.8695717300001
32288,05611,The Crooked Creek Township Volunteer Fire Department,1,4503 Bat Cave Road,Old Fort,NC,McDowell,28762,35.5745,-82.1863,-82.1863,35.5745000000001
32289,02504,"The Dover Volunteer Fire Department, Inc.",1,107 N. Main St,Dover,NC,Craven,28526,35.21669284,-77.43662682,-77.43662682,35.2166928400001
32290,00908,"The East Arcadia Volunteer Fire Department, Inc.",1,1665 East Arcadia Rd,Riegelwood,NC,Bladen,28456,34.38063128,-78.33068542,-78.33068542,34.38063128
32291,09915,"The Fall Creek Community Volunteer Fire Department, Inc.",1,2416 Smithtown Road,East Bend,NC,Yadkin,27018,36.2237,-80.5964,-80.5964,36.2237000000001
32292,09915,"The Fall Creek Community Volunteer Fire Department, Inc.",2,2905 Moccasin Gap Road,East Bend,NC,Yadkin,27018,36.1951,-80.5753,-80.5753,36.1951
32293,03023,"The Farmington Volunteer Fire Department, Inc.",1,1880 Farmington Road,Mocksville,NC,Davie,27028,36.01456095,-80.53192606,-80.53192606,36.01456095
32294,03015,"The Fork Volunteer Fire Department, Inc.",1,3181 US Hwy. 64 East,Advance,NC,Davie,27006,35.87953263,-80.44390152,-80.4439015199999,35.87953263
32295,01402,"The Gamewell Volunteer Fire Department, Inc.",1,2806 Morganton Blvd.,Lenoir,NC,Caldwell,28645,35.87386086,-81.59256093,-81.5925609299999,35.87386086
32296,07443,"The Grifton Community Fire Association, Inc.",1,6881 A S Highland Ave,Grifton,NC,Pitt,28530,35.37391945,-77.43870455,-77.43870455,35.3739194500001
32297,07443,"The Grifton Community Fire Association, Inc.",2,7553 Stokestown-St. John's Road,Grifton,NC,Pitt,28530,35.3671,-77.3654,-77.3654,35.3671000000001
32298,01405,"The Hudson Volunteer Fire Department, Inc.",1,122 Mount Herman Road,Hudson,NC,Caldwell,28638,35.85108259,-81.49518583,-81.49518583,35.85108259
32299,04006,The Jason Rural Fire Association,1,6846 Hwy 903 S,La Grange,NC,Greene,28551,35.38720816,-77.76972222,-77.7697222199999,35.3872081600001
32300,03409,"The Lewisville Volunteer Fire Department, Inc.",1,216 Lewisville-Clemmons Road,Lewisville,NC,Forsyth,27023,36.09472908,-80.4177,-80.4177,36.09472908
32301,03409,"The Lewisville Volunteer Fire Department, Inc.",2,9420 Shallowford Road,Lewisville,NC,Forsyth,27023,36.0917,-80.5017,-80.5017,36.0917000000001
32302,00910,"The Lisbon Volunteer Fire Department, Inc.",1,2585 White Plains Church Rd,Council,NC,Bladen,28434,34.51469116,-78.52788542,-78.52788542,34.51469116
32303,07105,"The Maple Hill Volunteer Fire Department, Incorporated",1,115 Old Maple Hill Rd N,Maple Hill,NC,Pender,28454,34.662712,-77.693802,-77.6938019999999,34.6627120000001
32304,05905,"The Oak City Volunteer Fire Department, Inc.",1,100 Commerce Street,Oak City,NC,Martin,27857,35.96244586,-77.30484332,-77.30484332,35.9624458600001
32305,06019,"The Pineville-Morrow Volunteer Fire Department and Rescue, Inc.",1,108 Church St.,Pineville,NC,Mecklenburg,28134,35.08615857,-80.88931224,-80.88931224,35.0861585700001
32306,03413,"The Piney Grove Volunteer Fire and Rescue Department, Inc.",1,7225 Vance Road,Kernersville,NC,Forsyth,27284,36.17403361,-80.07766478,-80.07766478,36.17403361
32307,03413,"The Piney Grove Volunteer Fire and Rescue Department, Inc.",2,1109 Piney Grove Road,Kernersville,NC,Forsyth,27284,36.14895134,-80.06455263,-80.06455263,36.1489513400001
32308,08506,"The Pinnacle Volunteer Fire and Rescue Department, Inc.",1,1033 High Bridge Rd,Pinnacle,NC,Stokes,27043,36.33166032,-80.43380307,-80.43380307,36.33166032
32309,03424,"The Salem Chapel Volunteer Fire Department, Inc.",1,8400 Walnut Cove Road,Walnut Cove,NC,Forsyth,27052,36.24415773,-80.15396939,-80.15396939,36.24415773
32310,08507,"The Sauratown Volunteer Fire Department, Incorporated",1,4475 Hwy 66 South,King,NC,Stokes,27021,36.35037164,-80.33091842,-80.33091842,36.35037164
32311,04011,"The Scuffleton Rural Fire Association, Incorporated",1,153 Fire Station Rd,Ayden,NC,Greene,28513,35.4587,-77.5065,-77.5065,35.4587000000001
32312,05509,"The South Fork Volunteer Fire Department of Lincoln County, Inc.",1,2736 Long Shoals Rd.,Lincolnton,NC,Lincoln,28092,35.42492024,-81.23242875,-81.2324287499999,35.4249202400001
32313,01119,"The Upper Hominy Volunteer Fire and Rescue Department, Incorporated",1,1795 Pisgah Hwy.,Candler,NC,Buncombe,28715,35.4832,-82.7399,-82.7399,35.4832000000001
32314,01119,"The Upper Hominy Volunteer Fire and Rescue Department, Incorporated",2,91 McFee Road,Candler,NC,Buncombe,28715,35.4972,-82.6908,-82.6908,35.4972000000001
32315,02917,Thomasville Fire Department,1,712 E. Main Street,Thomasville,NC,Davidson,27360,35.88740008,-80.07240303,-80.07240303,35.8874000800001
32316,02917,Thomasville Fire Department,2,815 S HWY 109,Thomasville,NC,Davidson,27360,35.85009999,-80.06970385,-80.0697038499999,35.85009999
32317,02917,Thomasville Fire Department,3,1107 LEXINGTON AVE,Thomasville,NC,Davidson,27360,35.88232605,-80.10745364,-80.10745364,35.8823260500001
32318,02917,Thomasville Fire Department,4,7000 Ball Park Road,Thomasville,NC,Davidson,27360,35.91177821,-80.06330688,-80.06330688,35.9117782100001
32319,09629,"Thoroughfare Volunteer Fire Department, Inc.",1,157 Herring Rd,Goldsboro,NC,Wayne,27530,35.29890262,-78.08272531,-78.0827253099999,35.29890262
32320,04212,"Tillery Volunteer Fire Department, Inc.",1,6607 Hwy 561 ,Halifax,NC,Halifax,27839,36.25119085,-77.48317813,-77.4831781299999,36.2511908500001
32321,07303,"Timberlake Volunteer Fire and Rescue, Inc.",1,350 Ashley Avenue,Timberlake,NC,Person,27583,36.28419513,-78.95058886,-78.95058886,36.2841951300001
32322,00508,"Todd Volunteer Fire and Rescue Department, Inc.",1,11062 NC Hwy 194 North,Todd,NC,Ashe,28684,36.3117,-81.60093,-81.6009299999999,36.3117
32323,09817,Toisnot Fire & Rescue V.F.D.,1,102 West Main St.,Elm City,NC,Wilson,27822,35.8063087,-77.86227813,-77.8622781299999,35.8063087
32324,07110,Topsail Beach Fire Department,1,816 S. Anderson Blvd,Topsail Beach,NC,Pender,28445,34.36581107,-77.6299249,-77.6299248999999,34.3658110700001
32325,03915,Total Community Fire Department of Berea,1,1213 Hwy 158,Oxford,NC,Granville,27565,36.31490432,-78.73648239,-78.7364823899999,36.31490432
32326,07501,"Town of Columbus Fire Department, Inc.",1,100 S Peak Street,Columbus,NC,Polk,28722,35.25157961,-82.19646974,-82.1964697399999,35.2515796100001
32327,07501,"Town of Columbus Fire Department, Inc.",2,3948 Peniel Road,Columbus,NC,Polk,28722,35.23725983,-82.13974273,-82.13974273,35.23725983
32328,01005,Town of Leland Fire/Rescue Department,1,1984 Popular St,Leland,NC,Brunswick,28451,34.257219,-78.070673,-78.0706729999999,34.2572190000001
32329,01005,Town of Leland Fire/Rescue Department,2,1379 River Road,Winnabow,NC,Brunswick,28479,34.1894935,-77.98765055,-77.98765055,34.1894935
32330,01005,Town of Leland Fire/Rescue Department,3,187 Old Lanvale Rd,Leland,NC,Brunswick,28451,34.20643993,-78.05693714,-78.0569371399999,34.20643993
32331,09015,"Town of Unionville Volunteer Fire Department, Inc.",21,4919 Unionville Rd,Monroe,NC,Union,28110,35.09174264,-80.50883649,-80.50883649,35.0917426400001
32332,09015,"Town of Unionville Volunteer Fire Department, Inc.",22,3229 Concord Highway,Monroe,NC,Union,28110,35.0427,-80.5325,-80.5325,35.0427
32333,02506,"Township Six Fire Department of Craven County, N. C.",1,109 Carolina Pines Blvd,New Bern,NC,Craven,28560,34.95736591,-76.94690536,-76.94690536,34.9573659100001
32334,02506,"Township Six Fire Department of Craven County, N. C.",2,313 US Hwy 70 East,Havelock,NC,Craven,28532,34.90449323,-76.9337088,-76.9337088,34.9044932300001
32335,09106,"Townsville Rural Volunteer Fire Department, Inc.",1,12781 NC 39 North,Townsville,NC,Vance,27584,36.49568759,-78.42098011,-78.42098011,36.49568759
32336,05305,"Tramway Rural Fire Department, Incorporated",1,5900 McDaniel Dr. ,Sanford,NC,Lee,27332,35.43100981,-79.22045213,-79.22045213,35.43100981
32337,00810,"Trap Volunteer Fire Department, Inc.",1,1404 Meadow Rd,Colerain,NC,Bertie,27924,36.20559784,-76.86927125,-76.8692712499999,36.2055978400001
32338,09717,"Traphill Volunteer Fire Department, Inc.",1,8899 Traphill Rd.,Traphill,NC,Wilkes,28685,36.3393,-81.0401,-81.0400999999999,36.3393
32339,09717,"Traphill Volunteer Fire Department, Inc.",2,668 Moxley Rd,Hays,NC,Wilkes,28635,36.3493,-81.115,-81.115,36.3493
32340,09717,"Traphill Volunteer Fire Department, Inc.",3,119 Clubhouse Drive,Traphill,NC,Wilkes,28685,36.357636,-80.080605,-80.0806049999999,36.3576360000001
32341,05205,"Trenton Volunteer Fire Department, Inc.",1,436 Highway 58 North,Trenton,NC,Jones,28585,35.0675,-77.3642,-77.3642,35.0675000000001
32342,05205,"Trenton Volunteer Fire Department, Inc.",2,105 South Cherry St.,Trenton,NC,Jones,28585,35.06347014,-77.35522844,-77.35522844,35.06347014
32343,01012,"Tri-Beach Volunteer Fire Department, Inc.",1,854 Sabbath Home Rd,Supply,NC,Brunswick,28462,33.93199778,-78.2629663,-78.2629663,33.9319977800001
32344,01012,"Tri-Beach Volunteer Fire Department, Inc.",2,572 Ocean Blvd.,Supply,NC,Brunswick,28462,33.9109,-78.30759732,-78.30759732,33.9109
32345,01012,"Tri-Beach Volunteer Fire Department, Inc.",3,2707 Seashore Rd,Supply,NC,Brunswick,28462,33.9204868,-78.32307125,-78.3230712499999,33.9204868
32346,02513,Tri-Community Volunteer Fire District,1,200 St. Delight Church Rd,New Bern,NC,Craven,28560,35.14183392,-77.02224617,-77.02224617,35.1418339200001
32347,02513,Tri-Community Volunteer Fire District,2,651 Truitt Rd,New Bern,NC,Craven,28560,35.19568247,-76.97994752,-76.9799475199999,35.1956824700001
32348,02513,Tri-Community Volunteer Fire District,3,589 Broad Creek Rd,New Bern,NC,Craven,28560,35.08050148,-76.9493,-76.9492999999999,35.0805014800001
32349,06904,"Triangle Volunteer Fire Department, Inc",1,202 Fourth St.,Bayboro,NC,Pamlico,28515,35.14459603,-76.77376595,-76.77376595,35.1445960300001
32350,06904,"Triangle Volunteer Fire Department, Inc",2,1042 Pennsylvania Avenue,Vandemere,NC,Pamlico,28587,35.18481345,-76.66842213,-76.66842213,35.18481345
32351,04910,"Trinity Volunteer Fire Department, Inc.",1,2968 Wilkesboro Hwy,Statesville,NC,Iredell,28625,35.86768,-80.938921,-80.9389209999999,35.8676800000001
32352,04910,"Trinity Volunteer Fire Department, Inc.",2,581 Pisgah Church Road,Statesville,NC,Iredell,28625,35.89445659,-80.9827,-80.9827,35.8944565900001
32353,01267,"Triple Community Fire Department, Inc.",1,505 Mountain View Drive,Morganton,NC,Burke,28655,35.7451,-81.61655557,-81.6165555699999,35.7451
32354,07305,Triple Springs Volunteer Fire Department,1,185 Olive Branch Road,Roxboro,NC,Person,27574,36.48517362,-78.84704099,-78.84704099,36.4851736200001
32355,07305,Triple Springs Volunteer Fire Department,2,9379 Boston Road,Roxboro,NC,Person,27574,36.5034,-78.9144,-78.9143999999999,36.5034000000001
32356,04911,"Troutman Fire Department, Inc.",1,125 N Main St,Troutman,NC,Iredell,28166,35.70241743,-80.88982262,-80.88982262,35.70241743
32357,04911,"Troutman Fire Department, Inc.",2,1506 Perth Road,Troutman,NC,Iredell,28116,35.6476,-80.8848,-80.8848,35.6476000000001
32358,04911,"Troutman Fire Department, Inc.",3,472 Pineville Road,Troutman,NC,Iredell,28116,35.68919326,-80.95411609,-80.95411609,35.68919326
32359,06201,Troy Fire Department,1,602 N Main St,Troy,NC,Montgomery,27371,35.3647525,-79.89466397,-79.89466397,35.3647525000001
32360,07506,Tryon Volunteer Fire Department,1,56 West Howard St,Tryon,NC,Polk,28782,35.2119,-82.2417,-82.2417,35.2119000000001
32361,03627,"Tryonota Volunteer Fire Department, Inc.",1,2577 Tryon Courthouse Road,Bessemer City,NC,Gaston,28016,35.33911248,-81.32248583,-81.3224858299999,35.33911248
32362,03627,"Tryonota Volunteer Fire Department, Inc.",2,707 Chestnut Ridge Church Road,Kings Mountain,NC,Gaston,28086,35.2867613,-81.33996974,-81.33996974,35.2867613000001
32363,06718,"Turkey Creek Fire and Rescue, Inc.",1,115 Tar Landing Rd,Holly Ridge,NC,Onslow,28445,34.52458786,-77.47608735,-77.4760873499999,34.5245878600001
32364,06718,"Turkey Creek Fire and Rescue, Inc.",2,1576 Old Folkstone Road,Sneads Ferry,NC,Onslow,28460,34.54532372,-77.40259271,-77.40259271,34.5453237200001
32365,08212,"Turkey Volunteer Fire Department, Inc.",1,390 Faison Rd,Turkey,NC,Sampson,28392,34.997843,-78.182959,-78.182959,34.997843
32366,04709,"Tylertown Fire Department, Inc. ",1,2214 Doc Brown Rd,Raeford,NC,Hoke,28376,35.021193,-79.186599,-79.1865989999999,35.021193
32367,02920,"Tyro Rural Fire Department, Incorporated",1,4645 South NC Highway 150,Lexington,NC,Davidson,27295,35.80530441,-80.37700688,-80.37700688,35.8053044100001
32368,08901,"Tyrrell Volunteer Fire Department, Inc.",1,618 N. Road St.,Columbia,NC,Tyrrell,27925,35.92700652,-76.24637394,-76.24637394,35.9270065200001
32369,08901,"Tyrrell Volunteer Fire Department, Inc.",2,2950 N. Gum Neck Rd.,Columbia,NC,Tyrrell,27925,35.72987358,-76.14065387,-76.1406538699999,35.7298735800001
32370,08901,"Tyrrell Volunteer Fire Department, Inc.",3,9 Kilkenny Rd.,Columbia,NC,Tyrrell,27925,35.64478401,-76.20470705,-76.20470705,35.6447840100001
32371,08901,"Tyrrell Volunteer Fire Department, Inc.",4,33 Frying Pan Rd.,Columbia,NC,Tyrrell,27925,35.82647979,-76.20075749,-76.2007574899999,35.8264797900001
32372,08901,"Tyrrell Volunteer Fire Department, Inc.",5,3575 Albemarle Church Rd.,Columbia,NC,Tyrrell,27925,35.92624016,-76.35428099,-76.3542809899999,35.9262401600001
32373,08901,"Tyrrell Volunteer Fire Department, Inc.",6,9720 Sound Side Rd.,Columbia,NC,Tyrrell,27925,35.9749,-76.1297,-76.1297,35.9749
32374,07614,"Ulah Volunteer Fire Protective Association, Inc.",1,2067 Pisgah Covered Bridge Road,Asheboro,NC,Randolph,27205,35.63351224,-79.82753563,-79.8275356299999,35.6335122400001
32375,07614,"Ulah Volunteer Fire Protective Association, Inc.",2,1914 Hopewell Friends Road,Asheboro,NC,Randolph,27205,35.63217848,-79.87438006,-79.87438006,35.6321784800001
32376,07614,"Ulah Volunteer Fire Protective Association, Inc.",3,5647 Lanier Road,Asheboro,NC,Randolph,27205,35.54909384,-79.88926781,-79.88926781,35.5490938400001
32377,02014,"Unaka Volunteer Fire Department, Inc.",1,15015 Joe Brown Highway,Murphy,NC,Cherokee,28906,35.1946,-84.1391,-84.1391,35.1946
32378,03420,"Union Cross Fire-Rescue of Forsyth County, Inc.",1,4401 High Point ,Kernersville,NC,Forsyth,27284,36.04244338,-80.10761802,-80.10761802,36.0424433800001
32379,04912,"Union Grove Volunteer Fire Department, Inc.",1,1994 W. Memorial Hwy,Union Grove,NC,Iredell,28689,36.02668,-80.869354,-80.869354,36.0266800000001
32380,08112,"Union Mills Volunteer Fire Department, Inc.",1,6791 Hudlow Road,Union Mills,NC,Rutherford,28167,35.49070919,-81.97769003,-81.97769003,35.4907091900001
32381,03628,"Union Road Volunteer Fire Department, Inc.",1,4060 Union Road,Gastonia,NC,Gaston,28056,35.19635616,-81.15243603,-81.15243603,35.1963561600001
32382,04609,"Union Rural Fire Department of Hertford County, Inc.",1,829 NC 461,Ahoskie,NC,Hertford,27910,36.3335,-77.0236,-77.0236,36.3335000000001
32383,05510,"Union Volunteer Fire Department, Inc. of Vale, N. C.",1,5760 Reepsville Road,Vale,NC,Lincoln,28168,35.53376,-81.38922,-81.38922,35.53376
32384,05510,"Union Volunteer Fire Department, Inc. of Vale, N. C.",2,3245 Reepsville Road,Vale,NC,Lincoln,28168,35.51662,-81.31779,-81.3177899999999,35.51662
32385,08076,"Union Volunteer Fire Department, Incorporated",1,1470 Union Church Road,Salisbury,NC,Rowan,28146,35.6399,-80.3954,-80.3953999999999,35.6399000000001
32386,06208,"Uwharrie Volunteer Fire Department, Inc.",1,3147 N NC 109 Hwy ,Troy,NC,Montgomery,27371,35.41703497,-80.0047498,-80.0047498,35.41703497
32387,01260,Valdese Fire Department,1,121 Faet Street SW,Valdese,NC,Burke,28690,35.74300043,-81.56405324,-81.56405324,35.7430004300001
32388,04512,"Valley Hill Fire & Rescue Department, INC",1,1675 Willow Road,Hendersonville,NC,Henderson,28739,35.30078318,-82.47727854,-82.47727854,35.3007831800001
32389,04512,"Valley Hill Fire & Rescue Department, INC",2,35 Golden Eagle Way,Hendersonville,NC,Henderson,28739,35.24491401,-82.55120962,-82.55120962,35.2449140100001
32390,04512,"Valley Hill Fire & Rescue Department, INC",3,205 Gateway Drive,Hendersonville,NC,Henderson,28739,35.29727303,-82.52099003,-82.52099003,35.29727303
32391,04512,"Valley Hill Fire & Rescue Department, INC",4,1914 Brevard Rd,Hendersonville,NC,Henderson,28793,35.32200734,-82.49757886,-82.49757886,35.32200734
32392,02005,Valleytown Rural Fire and Rescue Department,1,2769 Stewart Road,Andrews,NC,Cherokee,28901,35.1968,-83.8001,-83.8001,35.1968000000001
32393,02005,Valleytown Rural Fire and Rescue Department,2,2184 Airport Road,Marble,NC,Cherokee,28905,35.17887942,-83.92200478,-83.92200478,35.17887942
32394,02005,Valleytown Rural Fire and Rescue Department,3,2022 Red Marble Road,Andrews,NC,Cherokee,28901,35.2283,-83.7245,-83.7245,35.2283
32395,01412,"Valmead Volunteer Fire-Rescue Department, Inc.",1,1757 North Main Street,Lenoir,NC,Caldwell,28645,35.9376,-81.5428,-81.5427999999999,35.9376
32396,09107,Vance County Emergency Services,1,188 Bickett St,Henderson,NC,Vance,27536,36.34499414,-78.39043714,-78.39043714,36.34499414
32397,09107,Vance County Emergency Services,2,5021 Satterwhite Point Road,Henderson,NC,Vance,27536,36.42420863,-78.37035557,-78.37035557,36.4242086300001
32398,02514,"Vanceboro Rural Volunteer Fire Department, Inc.",1,375 NC Hwy 43,Vanceboro,NC,Craven,28586,35.31026129,-77.16025668,-77.16025668,35.31026129
32399,02514,"Vanceboro Rural Volunteer Fire Department, Inc.",2,4080 NC Hwy 118,Vanceboro,NC,Craven,28586,35.34393436,-77.26721802,-77.26721802,35.34393436
32400,02514,"Vanceboro Rural Volunteer Fire Department, Inc.",3,3475 River Rd,Vanceboro,NC,Craven,28586,35.22617371,-77.13243219,-77.13243219,35.2261737100001
32401,02514,"Vanceboro Rural Volunteer Fire Department, Inc.",4,201 Oak Grove Rd,Vanceboro,NC,Craven,28586,35.36126657,-77.17209924,-77.17209924,35.3612665700001
32402,02620,"Vander Volunteer Fire Department, Inc.",1,3509 Clinton Rd,Fayetteville,NC,Cumberland,28312,35.03327159,-78.79637592,-78.7963759199999,35.03327159
32403,02620,"Vander Volunteer Fire Department, Inc.",2,4960 Tabor Church Rd,Fayetteville,NC,Cumberland,28312,34.93933809,-78.77048017,-78.77048017,34.93933809
32404,08213,"Vann Crossroads Fire Department, Inc.",1,4550 Church Rd,Newton Grove,NC,Sampson,28366,35.175363,-78.397804,-78.397804,35.1753630000001
32405,00208,"Vashti Volunteer Fire Department, Inc.",1,21 Vashti Fire Department Road,Taylorsville,NC,Alexander,28681,36.0078,-81.1082,-81.1082,36.0078
32406,06719,"Verona Volunteer Fire Department, Inc.",1,101 Verona Rd,Jacksonville,NC,Onslow,28540,34.66948383,-77.47195708,-77.47195708,34.66948383
32407,03421,"Vienna Volunteer Fire Department, Inc.",1,6328 Yadkinville Road,Pfafftown,NC,Forsyth,27040,36.1366762,-80.40457106,-80.40457106,36.1366762000001
32408,03421,"Vienna Volunteer Fire Department, Inc.",2,5191 Robinhood Road,Winston Salem,NC,Forsyth,27106,36.12067797,-80.36640494,-80.3664049399999,36.12067797
32409,06391,"Village of Pinehurst Fire Department, Inc.",1,405 Magnolia Road,Pinehurst,NC,Moore,28374,35.20474679,-79.46852834,-79.46852834,35.2047467900001
32410,06391,"Village of Pinehurst Fire Department, Inc.",2,15 Parker Ln,Pinehurst,NC,Moore,28374,35.17272107,-79.46921533,-79.4692153299999,35.1727210700001
32411,03910,Virgilina Volunteer Fire Association,1,P.O. Box 266,Virgilina,VA,Granville,24598,36.54459306,-78.77507166,-78.77507166,36.5445930600001
32412,07901,"Volunteer Fire Department Of Bethany, Inc.",1,6052 NC 65 Hwy.,Reidsville,NC,Rockingham,27320,36.31084928,-79.84875201,-79.8487520099999,36.3108492800001
32413,07901,"Volunteer Fire Department Of Bethany, Inc.",2,13549 US Hwy 158,Reidsville,NC,Rockingham,27320,36.27085085,-79.83812875,-79.83812875,36.27085085
32414,07901,"Volunteer Fire Department Of Bethany, Inc.",3,8634 NC 65,Reidsville,NC,Rockingham,27320,36.2728,-79.9125,-79.9125,36.2728000000001
32415,01015,"Waccamaw Volunteer Fire Dept. and Rescue Squad/EMS, Inc.",1,4045 Whiteville RD,Ash,NC,Brunswick,28420,34.063,-78.5239,-78.5239,34.063
32416,02316,"Waco Community Volunteer Fire Department, Inc.",1,421 S. Main St.,Waco,NC,Cleveland,28169,35.358955,-81.423671,-81.423671,35.358955
32417,02621,"Wade Community Fire Department, Inc.",1,7130 Powell St.,Wade,NC,Cumberland,28395,35.16202851,-78.7408,-78.7408,35.16202851
32418,00407,Wadesboro Fire Department,1,205 E. Morgan Street,Wadesboro,NC,Anson,28170,34.9652,-80.075,-80.075,34.9652
32419,06206,"Wadeville Volunteer Fire Department, Inc.",1,111 Fire Station Rd,Mount Gilead,NC,Montgomery,27306,35.2834,-79.96809615,-79.96809615,35.2834
32420,09219,"Wake Forest Fire Department, Inc.",1,420 E Elm Ave,Wake Forest,NC,Wake,27587,35.97472994,-78.50714332,-78.50714332,35.97472994
32421,09219,"Wake Forest Fire Department, Inc.",2,9925 Ligon Mill Rd,Wake Forest,NC,Wake,27587,35.94177278,-78.53274367,-78.5327436699999,35.9417727800001
32422,09219,"Wake Forest Fire Department, Inc.",3,1412 Forestville Road,Wake Forest,NC,Wake,27587,35.9348,-78.5073,-78.5073,35.9348000000001
32423,09219,"Wake Forest Fire Department, Inc.",4,1505 Jenkins Road,Wake Forest,NC,Wake,27587,35.99723325,-78.54185468,-78.54185468,35.9972332500001
32424,09219,"Wake Forest Fire Department, Inc.",5,11908 Falls of Neuse Rd,Raleigh,NC,Wake,27615,35.93382616,-78.57926273,-78.57926273,35.93382616
32425,09221,"Wake New Hope Volunteer Fire Department, Incorporated",1,4909 Watkins Road,Wendell,NC,Wake,27591,35.86020871,-78.48154595,-78.4815459499999,35.8602087100001
32426,03422,Walkertown Fire Department Incorporated,1,5225 Main St,Walkertown,NC,Forsyth,27051,36.17837968,-80.15231183,-80.15231183,36.17837968
32427,03422,Walkertown Fire Department Incorporated,3,4664 Old Belews Creek Road,Winston Salem,NC,Forsyth,27101,36.14105202,-80.16482571,-80.1648257099999,36.1410520200001
32428,03116,Wallace Fire Department,1,316 E. Murray St. ,Wallace,NC,Duplin,28466,34.73812947,-77.99274332,-77.99274332,34.73812947
32429,02921,"Wallburg Fire and Rescue, Inc.",1,121 Georgetown Road,Winston Salem,NC,Davidson,27107,36.00753548,-80.13415708,-80.13415708,36.0075354800001
32430,05809,Walnut Community Volunteer Fire Department,1,10025 US Hwy. 25/70,Marshall,NC,Madison,28753,35.8437,-82.729,-82.729,35.8437000000001
32431,08510,"Walnut Cove Volunteer Fire Department and Rescue Squad, Incorporated",1,527 Main Street,Walnut Cove,NC,Stokes,27052,36.29919248,-80.14193603,-80.14193603,36.29919248
32432,04010,"Walstonburg Rural Fire Association, Inc.",1,409 N Wilson St.,Walstonburg,NC,Greene,27888,35.59959871,-77.69735627,-77.6973562699999,35.5995987100001
32433,00504,"Warrensville Volunteer Fire and Rescue Department, Inc.",1,4989 NC Hwy 88 West,Warrensville,NC,Ashe,28693,36.4596,-81.51701458,-81.51701458,36.4596000000001
32434,09311,"Warrenton Rural Voluntary Fire Association, Inc.",1,236 South Main Street,Warrenton,NC,Warren,27589,36.39565908,-78.15572257,-78.15572257,36.39565908
32435,03117,"Warsaw Fire Department, Incorporated",1,714 North Pine St.,Warsaw,NC,Duplin,28398,35.00695396,-78.09387696,-78.09387696,35.00695396
32436,03117,"Warsaw Fire Department, Incorporated",2,116 W. Bay St.,Warsaw,NC,Duplin,28398,34.9980791,-78.09208239,-78.09208239,34.9980791
32437,00706,Washington Fire-Rescue-EMS,1,410 N. Market Street,Washington,NC,Beaufort,27889,35.54637459,-77.05260344,-77.05260344,35.54637459
32438,00706,Washington Fire-Rescue-EMS,2,2064 W. 15th St.,Washington,NC,Beaufort,27889,35.56680987,-77.07373171,-77.0737317099999,35.56680987
32439,09110,"Watkins Community Volunteer Fire Department, Inc.",1,1590 Horseshoe Bend Road,Henderson,NC,Vance,27537,36.28470324,-78.48113796,-78.48113796,36.2847032400001
32440,09016,"Waxhaw Community Volunteer Fire Department and Rescue Squad, Inc.",18,3500 Waxhaw Parkway,Waxhaw,NC,Union,28173,34.93430591,-80.75220921,-80.75220921,34.93430591
32441,09016,"Waxhaw Community Volunteer Fire Department and Rescue Squad, Inc.",27,7703 Jaars Road,Waxhaw,NC,Union,28173,34.86318588,-80.74619888,-80.74619888,34.8631858800001
32442,04411,Waynesville Fire Department,1,1022 North Main Street,Waynesville,NC,Haywood,28786,35.49725331,-82.97619312,-82.9761931199999,35.4972533100001
32443,04411,Waynesville Fire Department,2,280 Georgia Avenue,Waynesville,NC,Haywood,28786,35.48157208,-83.0026088,-83.0026088,35.48157208
32444,01120,Weaverville Fire Department,1,3 Monticello Road,Weaverville,NC,Buncombe,28787,35.71215191,-82.56203603,-82.5620360299999,35.71215191
32445,07002,"Weeksville Volunteer Fire Department, Inc.",1,2742 Peartree Rd,Elizabeth City,NC,Pasquotank,27909,36.2116615,-76.18238542,-76.1823854199999,36.2116615
32446,07002,"Weeksville Volunteer Fire Department, Inc.",2,1422 Soundneck Rd,Elizabeth City,NC,Pasquotank,27909,36.16831262,-76.11688316,-76.11688316,36.1683126200001
32447,02922,"Welcome Fire Department, Inc.",1,287 N. Leonard Road,Lexington,NC,Davidson,27295,35.9003434,-80.25850344,-80.25850344,35.9003434000001
32448,04210,Weldon Fire Department,1,201 Sycamore St.,Weldon,NC,Halifax,27890,36.42663355,-77.59544205,-77.59544205,36.4266335500001
32449,04210,Weldon Fire Department,2,1050 Julians Allsbrook Hwy,Weldon,NC,Halifax,27890,36.43188058,-77.61778274,-77.6177827399999,36.43188058
32450,09222,Wendell Holmes Rural Fire Department,1,2960 Wendell Blvd,Wendell,NC,Wake,27591,35.79026067,-78.37800921,-78.37800921,35.7902606700001
32451,09222,Wendell Holmes Rural Fire Department,2,6529 Bethany Church RD,Wendell,NC,Wake,27591,35.84459556,-78.44063769,-78.44063769,35.8445955600001
32452,09222,Wendell Holmes Rural Fire Department,3,6021 Taylor Road,Wendell,NC,Wake,27591,35.7773,-78.4318,-78.4318,35.7773
32453,07912,"Wentworth Voluntary Fire Department, Inc.",1,8365 NC Highway 87,Reidsville,NC,Rockingham,27320,36.38526641,-79.74270036,-79.74270036,36.38526641
32454,09020,"Wesley Chapel Volunteer Fire Department, Inc.",26,315 Waxhaw Indian Trail South,Waxhaw,NC,Union,28173,34.99484839,-80.699313,-80.699313,34.9948483900001
32455,09020,"Wesley Chapel Volunteer Fire Department, Inc.",31,8821 Newtown Road,Waxhaw,NC,Union,28173,34.9897044,-80.78691417,-80.78691417,34.9897044000001
32456,09020,"Wesley Chapel Volunteer Fire Department, Inc.",43,5025 Hemby Road,Matthews,NC,Union,28104,35.03589576,-80.74321569,-80.7432156899999,35.0358957600001
32457,09020,"Wesley Chapel Volunteer Fire Department, Inc.",44,306 Reid Dairly Road,Weddington,NC,Union,28104,35.012202,-80.777774,-80.777774,35.0122020000001
32458,01121,"West Buncombe Volunteer Fire Department, Incorporated",1,549 Old County Home Road,Asheville,NC,Buncombe,28806,35.6155785,-82.62937085,-82.62937085,35.6155785
32459,01121,"West Buncombe Volunteer Fire Department, Incorporated",2,724 Riverview Church Rd,Asheville,NC,Buncombe,28806,35.61747,-82.60154,-82.6015399999999,35.61747
32460,03310,"West Edgecombe Volunteer Fire Department, Inc.",1,13555 NC 43 North,Rocky Mount,NC,Edgecombe,27801,35.90305643,-77.7410751,-77.7410751,35.90305643
32461,03310,"West Edgecombe Volunteer Fire Department, Inc.",2,3747 Faith Baptist Church Rd.,Rocky Mount,NC,Edgecombe,27801,35.82734342,-77.71226245,-77.71226245,35.82734342
32462,06361,"West End Fire and Rescue, Inc.",1,4203 NC 73 ,West End,NC,Moore,27376,35.23651753,-79.56876437,-79.5687643699999,35.2365175300001
32463,06361,"West End Fire and Rescue, Inc.",2,5 Town Hall Drive,Jackson Springs,NC,Moore,27281,35.18029831,-79.57306052,-79.57306052,35.1802983100001
32464,01277,"West End Volunteer Fire Department, Incorporated",1,3776 Jamestown Rd.,Morganton,NC,Burke,28655,35.6893,-81.8356,-81.8355999999999,35.6893000000001
32465,01277,"West End Volunteer Fire Department, Incorporated",2,1908 Jamestown Road,Morganton,NC,Burke,28655,35.706601,-81.776087,-81.776087,35.706601
32466,01277,"West End Volunteer Fire Department, Incorporated",3,5731 Benfield's Landing Road,Nebo,NC,Burke,28761,35.7314,-81.8635,-81.8635,35.7314000000001
32467,04705,"West Hoke Fire Department, Inc.",1,6650 Turnpike Rd,Raeford,NC,Hoke,28376,34.971263,-79.329715,-79.329715,34.9712630000001
32468,04913,"West Iredell Volunteer Fire Department, Incorporated",1,2136 Old Mountain Road,Statesville,NC,Iredell,28625,35.78239574,-81.00366589,-81.00366589,35.78239574
32469,04913,"West Iredell Volunteer Fire Department, Incorporated",2,294 Sharon School Road,Statesville,NC,Iredell,28677,35.73847387,-81.05039574,-81.0503957399999,35.7384738700001
32470,00505,West Jefferson Fire Department,1,302 Buck Mountain Road,West Jefferson,NC,Ashe,28694,36.39656467,-81.494,-81.494,36.39656467
32471,00505,West Jefferson Fire Department,2,107 Baldwin Terrace,West Jefferson,NC,Ashe,28694,36.34836,-81.532655,-81.532655,36.3483600000001
32472,05125,"West Johnston Fire Department, Incorporated",1,5503 Old Fairground Road,Benson,NC,Johnston,27504,35.48041966,-78.60894367,-78.60894367,35.4804196600001
32473,02923,"West Lexington Volunteer Fire and Rescue Department, Inc",1,1600 West Center Street Extension,Lexington,NC,Davidson,27295,35.85212825,-80.27874636,-80.27874636,35.8521282500001
32474,08059,"West Liberty Volunteer Fire Department, Inc.",1,135 St. Matthews Church Rd.,Salisbury,NC,Rowan,28146,35.5815302,-80.33492834,-80.33492834,35.5815302
32475,08059,"West Liberty Volunteer Fire Department, Inc.",2,9000 Bringle Ferry Rd.,Salisbury,NC,Rowan,28146,35.61473235,-80.31286822,-80.31286822,35.6147323500001
32476,05708,"West Macon Fire and Rescue, Inc.",1,564 Charles Nolen Road,Franklin,NC,Macon,28734,35.1397,-83.485,-83.485,35.1397000000001
32477,05708,"West Macon Fire and Rescue, Inc.",2,4292 Old Murphy Road,Franklin,NC,Macon,28734,35.16449488,-83.45117743,-83.45117743,35.1644948800001
32478,06024,"West Mecklenburg Volunteer Fire Department, Inc.",1,3100 Sam Wilson Rd,Charlotte,NC,Mecklenburg,28214,35.2511,-80.9844,-80.9843999999999,35.2511000000001
32479,06413,"West Mount Volunteer Fire Department, Inc.",1,7955 West Mount Drive,Rocky Mount,NC,Nash,27803,35.91405228,-77.87378775,-77.87378775,35.9140522800001
32480,08001,"West Rowan Volunteer Fire Department, Inc.",1,2840 Graham Road,Mount Ulla,NC,Rowan,28125,35.67559955,-80.69357854,-80.69357854,35.6755995500001
32481,08001,"West Rowan Volunteer Fire Department, Inc.",2,781 Grampian Road,Mount Ulla,NC,Rowan,28125,35.65867435,-80.72778927,-80.72778927,35.6586743500001
32482,08001,"West Rowan Volunteer Fire Department, Inc.",3,235 Back Creek Church Road,Mount Ulla,NC,Rowan,28125,35.62481339,-80.69291924,-80.69291924,35.62481339
32483,08001,"West Rowan Volunteer Fire Department, Inc.",4,17575 Mooresville Rd,Mooresville,NC,Rowan,28115,35.61708662,-80.74616397,-80.7461639699999,35.6170866200001
32484,08409,"West Stanly Fire Department, Inc.",1,212 South Central Ave,Locust,NC,Stanly,28097,35.25789124,-80.42499464,-80.42499464,35.25789124
32485,08409,"West Stanly Fire Department, Inc.",2,4625 Love Mill Rd,Stanfield,NC,Stanly,28163,35.19309562,-80.43407703,-80.43407703,35.1930956200001
32486,08703,West Swain Fire Department,1,114 Needmore Road,Bryson City,NC,Swain,28713,35.36342877,-83.54748583,-83.54748583,35.36342877
32487,08703,West Swain Fire Department,2,100 Caney Branch Road,Bryson City,NC,Swain,28713,35.40382,-83.5311,-83.5311,35.4038200000001
32488,09918,"West Yadkin Volunteer Fire Dept., Inc.",1,3205 US Hwy. 21 ,Hamptonville,NC,Yadkin,27020,36.122648,-80.77474676,-80.77474676,36.122648
32489,10014,"West Yancey Volunteer Fire Department, Inc.",1,6557 US Hwy 19E,Burnsville,NC,Yancey,28714,35.91300449,-82.4309249,-82.4309249,35.91300449
32490,10014,"West Yancey Volunteer Fire Department, Inc.",2,54 Hortons Creek Road,Burnsville,NC,Yancey,28714,35.89064303,-82.39799697,-82.39799697,35.89064303
32491,10014,"West Yancey Volunteer Fire Department, Inc.",3,90 Calloway Ridge Road,Burnsville,NC,Yancey,28714,35.8743037,-82.34262635,-82.34262635,35.8743037
32492,02557,West of New Bern Volunteer Fire Department No. 1,1,900 Chelsea Dr,New Bern,NC,Craven,28562,35.08797366,-77.0957337,-77.0957337,35.08797366
32493,02557,West of New Bern Volunteer Fire Department No. 1,2,108 Wanda Ave.,New Bern,NC,Craven,28562,35.14282283,-77.10574484,-77.1057448399999,35.1428228300001
32494,02557,West of New Bern Volunteer Fire Department No. 1,3,103 Industrial Dr.,New Bern,NC,Craven,28562,35.14220877,-77.16089656,-77.16089656,35.14220877
32495,02622,"Westarea Volunteer Fire Department, Inc.",2,6789 Ramsey St.,Fayetteville,NC,Cumberland,28311,35.18215358,-78.85475749,-78.8547574899999,35.18215358
32496,02622,"Westarea Volunteer Fire Department, Inc.",3,4731 Main St. ,Linden,NC,Cumberland,28356,35.2552577,-78.7480498,-78.7480498,35.2552577000001
32497,01612,Western Carteret Interlocal Cooperation Agency DBA Western Carteret Fire and EMS Department,1,140 Sherwood Ave,Swansboro,NC,Carteret,28584,34.69143818,-77.07481761,-77.07481761,34.69143818
32498,01612,Western Carteret Interlocal Cooperation Agency DBA Western Carteret Fire and EMS Department,2,141 Morristown Rd,Stella,NC,Carteret,28582,34.78822951,-77.12886397,-77.1288639699999,34.7882295100001
32499,09229,"Western Wake Fire Rescue, Inc.",1,4021 District Dr,Raleigh,NC,Wake,27607,35.80603027,-78.71037429,-78.7103742899999,35.8060302700001
32500,08673,"Westfield Volunteer Fire Department, Inc.",1,3386 Old Westfield ,Pilot Mountain,NC,Surry,27041,36.4737,-80.447,-80.4469999999999,36.4737000000001
32501,06314,"Westmoore Volunteer Fire Protective Association, Inc.",1,1211 Dover Church Road,Seagrove,NC,Moore,27341,35.45812035,-79.69936356,-79.6993635599999,35.4581203500001
32502,07615,"Westside Volunteer Fire and Rescue Department, Inc.",1,225 Westside Circle,Asheboro,NC,Randolph,27203,35.69086929,-79.85361073,-79.85361073,35.6908692900001
32503,07615,"Westside Volunteer Fire and Rescue Department, Inc.",2,3141 Plainfield Road,Sophia,NC,Randolph,27350,35.7777,-79.8646,-79.8645999999999,35.7777
32504,07615,"Westside Volunteer Fire and Rescue Department, Inc.",3,3668 Old NC 49 Highway,Asheboro,NC,Randolph,27205,35.6739,-79.9165,-79.9165,35.6739000000001
32505,06351,Whispering Pines Fire Rescue Department,1,16 Hardee Lane,Whispering Pines,NC,Moore,28327,35.25836859,-79.3696,-79.3695999999999,35.25836859
32506,06414,"Whitakers Volunteer Fire Department, Inc.",1,104 S.W. Railroad St.,Whitakers,NC,Nash,27891,36.10518731,-77.7133923,-77.7133923,36.1051873100001
32507,06810,White Cross Volunteer Fire Department,1,5722 Old Greensboro Hwy.,Chapel Hill,NC,Orange,27516,35.89600879,-79.21708198,-79.21708198,35.8960087900001
32508,06810,White Cross Volunteer Fire Department,2,2521 Neville Road,Chapel Hill,NC,Orange,27516,35.91821078,-79.13358864,-79.13358864,35.91821078
32509,00906,"White Lake Fire Department, Inc.",1,1859  White Lake Dr,Elizabethtown,NC,Bladen,28337,34.63247366,-78.48639464,-78.48639464,34.6324736600001
32510,03504,"White Level Rural Fire Department, Inc.",1,2465 White Level Rd,Louisburg,NC,Franklin,27549,36.13342564,-78.1391249,-78.1391249,36.13342564
32511,02415,White Marsh - Welches Creek Community Volunteer Fire Department,1,45 Millie-Christine Rd. ,Whiteville,NC,Columbus,28472,34.3855,-78.6756,-78.6756,34.3855
32512,00912,"White Oak Fire Department, Inc.",1,10838 Hwy 53 West,White Oak,NC,Bladen,28399,34.75770577,-78.70841498,-78.70841498,34.75770577
32513,08678,"White Plains Volunteer Fire Department, Inc.",1,801 Old US 601 Hwy. ,Mount Airy,NC,Surry,27030,36.44949847,-80.63192508,-80.63192508,36.44949847
32514,07833,"Whitehouse Volunteer Fire Department, Incorporated",1,14759 Hwy 41 S,Fairmont,NC,Robeson,28340,34.38924064,-79.13217703,-79.13217703,34.38924064
32515,07833,"Whitehouse Volunteer Fire Department, Incorporated",2,1022 Gerald Rd.,Fairmont,NC,Robeson,28340,34.45959905,-79.20720903,-79.2072090299999,34.4595990500001
32516,02412,Whiteville Fire Dept.,1,120 E Columbus St,Whiteville,NC,Columbus,28472,34.32608703,-78.70183563,-78.7018356299999,34.3260870300001
32517,04126,"Whitsett Fire Department, Inc.",1,809 S. NC Hwy 61 ,Whitsett,NC,Guilford,27377,36.070275627,-79.56386,-79.56386,36.0702756270001
32518,09728,"Wilbar Volunteer Fire Department, Inc.",1,10035 N NC 16 Hwy,Millers Creek,NC,Wilkes,28651,36.2543,-81.3067,-81.3067,36.2543000000001
32519,09728,"Wilbar Volunteer Fire Department, Inc.",2,3840 Sheets Gap Rd.,Millers Creek,NC,Wilkes,28651,36.32444068,-81.29522064,-81.29522064,36.3244406800001
32520,09721,"Wilkes-Iredell Volunteer Fire Department, Incorporated",1,11715 Statesville Hwy,North Wilkesboro,NC,Wilkes,28659,36.0675,-80.9758,-80.9757999999999,36.0675000000001
32521,09716,Wilkesboro Fire Department,1,400 S. Cherry St.,Wilkesboro,NC,Wilkes,28697,36.1418,-81.1595,-81.1595,36.1418
32522,03017,"William R. Davie Volunteer Fire Department, Inc.",1,3401 Hwy. 601 North,Mocksville,NC,Davie,27028,35.97960868,-80.62215364,-80.62215364,35.9796086800001
32523,02413,Williams Township Community Volunteer Fire Department,1,1655 F.M. Cartret Rd,Whiteville,NC,Columbus,28472,34.20549317,-78.76349539,-78.7634953899999,34.2054931700001
32524,02413,Williams Township Community Volunteer Fire Department,2,8000 Lebanon Church Rd,Clarendon,NC,Columbus,28432,34.1206,-78.7167,-78.7166999999999,34.1206
32525,07913,"Williamsburg Fire Department and Rescue, Incorporated",1,175 Williamsburg Rd,Reidsville,NC,Rockingham,27320,36.28273459,-79.60059959,-79.6005995899999,36.2827345900001
32526,05907,Williamston Fire/Rescue/EMS,1,901 Washington St.,Williamston,NC,Martin,27892,35.84414562,-77.06217703,-77.06217703,35.8441456200001
32527,06508,Wilmington Fire Department,1,801 Market St.,Wilmington,NC,New Hanover,28401,34.23645294,-77.93905393,-77.9390539299999,34.23645294
32528,06508,Wilmington Fire Department,2,3403 Park Ave,Wilmington,NC,New Hanover,28403,34.22001475,-77.90473907,-77.9047390699999,34.2200147500001
32529,06508,Wilmington Fire Department,3,114 Cinema Drive,Wilmington,NC,New Hanover,28403,34.23959635,-77.89412104,-77.89412104,34.2395963500001
32530,06508,Wilmington Fire Department,5,680 Shipyard Blvd.,Wilmington,NC,New Hanover,28401,34.191302,-77.932134,-77.932134,34.1913020000001
32531,06508,Wilmington Fire Department,7,3230 South College Rd,Wilmington,NC,New Hanover,28412,34.1875,-77.8909,-77.8909,34.1875000000001
32532,06508,Wilmington Fire Department,8,601 Eastwood Rd,Wilmington,NC,New Hanover,28403,34.24277184,-77.85741983,-77.85741983,34.24277184
32533,06508,Wilmington Fire Department,9,1201 Military Cutoff Rd,Wilmington,NC,New Hanover,28405,34.23359113,-77.82826093,-77.8282609299999,34.23359113
32534,06508,Wilmington Fire Department,10,6102 Oleander Dr.,Wilmington,NC,New Hanover,28409,34.20936488,-77.83911105,-77.83911105,34.2093648800001
32535,06508,Wilmington Fire Department,15,3335 Masonboro Rd,Wilmington,NC,New Hanover,28409,34.18360207,-77.86062447,-77.8606244699999,34.1836020700001
32536,09810,Wilson Fire/Rescue Services,1,307 Hines St W,Wilson,NC,Wilson,27893,35.72594638,-77.91896245,-77.91896245,35.72594638
32537,09810,Wilson Fire/Rescue Services,2,1807 Forrest Hills Rd.,Wilson,NC,Wilson,27893,35.72306302,-77.95231583,-77.95231583,35.72306302
32538,09810,Wilson Fire/Rescue Services,3,621 SE Ward Blvd,Wilson,NC,Wilson,27893,35.71079524,-77.89994661,-77.89994661,35.71079524
32539,09810,Wilson Fire/Rescue Services,4,109 NW Forest Hills Rd.,Wilson,NC,Wilson,27893,35.75061733,-77.93146867,-77.93146867,35.7506173300001
32540,09810,Wilson Fire/Rescue Services,5,3530 Airport Rd.,Wilson,NC,Wilson,27893,35.76702478,-77.94452757,-77.9445275699999,35.76702478
32541,05126,"Wilson's Mills Fire and Rescue Department, Incorporated",1,145 Fire Department Rd,Clayton,NC,Johnston,27527,35.58445235,-78.35600385,-78.35600385,35.58445235
32542,05126,"Wilson's Mills Fire and Rescue Department, Incorporated",2,2550 Cleveland Rd,Smithfield,NC,Johnston,27577,35.53693096,-78.42497854,-78.42497854,35.5369309600001
32543,05126,"Wilson's Mills Fire and Rescue Department, Incorporated",3,1988 Gordon Rd,Clayton,NC,Johnston,27520,35.609997,-78.406366,-78.4063659999999,35.6099970000001
32544,00811,Windsor Fire Department,1,501 N King St.,Windsor,NC,Bertie,27983,36.0027,-76.9494,-76.9494,36.0027000000001
32545,07205,Winfall Firefighters Association,1,341 Wiggins Rd,Winfall,NC,Perquimans,27985,36.21428178,-76.44076093,-76.44076093,36.2142817800001
32546,09017,"Wingate Volunteer Fire Department, Inc.",1,101 W Wilson,Wingate,NC,Union,28174,34.98365823,-80.44861493,-80.44861493,34.9836582300001
32547,01013,"Winnabow Volunteer Fire Department, Inc.",1,15 Green Hill Rd,Winnabow,NC,Brunswick,28479,34.1485,-78.0947,-78.0947,34.1485000000001
32548,01013,"Winnabow Volunteer Fire Department, Inc.",2,1905 Colon Mintz Road,Leland,NC,Brunswick,28451,34.23643697,-78.11353564,-78.11353564,34.2364369700001
32549,03423,Winston Salem Fire Department,1,651 North Marshall Street,Winston Salem,NC,Forsyth,27101,36.10204451,-80.24843445,-80.2484344499999,36.10204451
32550,03423,Winston Salem Fire Department,2,405 Somerset Drive,Winston-Salem,NC,Forsyth,27103,36.04862456,-80.33024934,-80.33024934,36.0486245600001
32551,03423,Winston Salem Fire Department,3,2995 N.Liberty Street,Winston-Salem,NC,Forsyth,27105,36.128002,-80.2324828,-80.2324828,36.128002
32552,03423,Winston Salem Fire Department,4,290 Martin Luther King Jr. Drive,Winston-Salem,NC,Forsyth,27101,36.09469355,-80.22818507,-80.2281850699999,36.09469355
32553,03423,Winston Salem Fire Department,5,771 Palmer Lane,Winston-Salem,NC,Forsyth,27107,36.0496419,-80.22931114,-80.2293111399999,36.0496419
32554,03423,Winston Salem Fire Department,6,1717 West Academy Street,Winston-Salem,NC,Forsyth,27103,36.08490173,-80.2646249,-80.2646248999999,36.0849017300001
32555,03423,Winston Salem Fire Department,7,100 Arbor Road,Winston-Salem,NC,Forsyth,27104,36.09818666,-80.27977551,-80.27977551,36.0981866600001
32556,03423,Winston Salem Fire Department,8,2417 Reynolda Road,Winston-Salem,NC,Forsyth,27106,36.1329,-80.28965,-80.2896499999999,36.1329000000001
32557,03423,Winston Salem Fire Department,9,4685 Ogburn Avenue,Winston-Salem,NC,Forsyth,27105,36.16200523,-80.23593638,-80.2359363799999,36.16200523
32558,03423,Winston Salem Fire Department,10,4700 Country Club Road,Winston-Salem,NC,Forsyth,27104,36.07954336,-80.33557166,-80.33557166,36.0795433600001
32559,03423,Winston Salem Fire Department,11,2745 Waughtown Street,Winston-Salem,NC,Forsyth,27107,36.07616937,-80.18566437,-80.18566437,36.0761693700001
32560,03423,Winston Salem Fire Department,12,3620 New Walkertown Road,Winston-Salem,NC,Forsyth,27105,36.13446851,-80.19840956,-80.19840956,36.13446851
32561,03423,Winston Salem Fire Department,13,2110 Bethel Methodist Church Lane,Winston Salem,NC,Forsyth,27103,36.054946,-80.30368,-80.30368,36.054946
32562,03423,Winston Salem Fire Department,14,5754 Shattalon Dr,Winston Salem,NC,Forsyth,27105,36.17018,-80.2795,-80.2795,36.1701800000001
32563,03423,Winston Salem Fire Department,15,4548 Shattalon Dr,Winston Salem,NC,Forsyth,27106,36.1567,-80.3347,-80.3346999999999,36.1567000000001
32564,03423,Winston Salem Fire Department,16,1701 Pope Rd,Winston Salem,NC,Forsyth,27127,36.03887969,-80.27268927,-80.2726892699999,36.03887969
32565,03423,Winston Salem Fire Department,17,4295 Old Greensboro Rd,Winston Salem,NC,Forsyth,27101,36.11326934,-80.1722,-80.1722,36.11326934
32566,03423,Winston Salem Fire Department,18,1505 North Peacehaven Rd,Winston Salem,NC,Forsyth,27104,36.113792,-80.31448583,-80.31448583,36.113792
32567,03423,Winston Salem Fire Department,19,4430 Glenn Hi Rd,Winston Salem,NC,Forsyth,27107,36.06946,-80.1217,-80.1217,36.06946
32568,03423,Winston Salem Fire Department,20,5991 Koger Ln,Winston Salem,NC,Forsyth,27106,36.1966,-80.3186,-80.3185999999999,36.1966
32569,03423,Winston Salem Fire Department,21,725 North Cherry Street,Winston Salem,NC,Forsyth,27102,,
32570,07441,"Winterville Community Rural Fire Association, Incorporated",1,2564 Mill St,Winterville,NC,Pitt,28590,35.52998,-77.4036,-77.4036,35.5299800000001
32571,07415,Winterville Fire Department,1,2593 Railroad St,Winterville,NC,Pitt,28590,35.52823097,-77.40143831,-77.4014383099999,35.52823097
32572,04608,Winton Fire Department,1,505 N. Main St.,Winton,NC,Hertford,27986,36.39440421,-76.93375364,-76.93375364,36.3944042100001
32573,00207,Wittenburg Volunteer Fire Department,1,77 Wittenburg Road,Taylorsville,NC,Alexander,28681,35.84,-81.1845,-81.1845,35.84
32574,02013,"Wolfcreek Volunteer Fire Department, Inc.",1,18335 West US 64,Murphy,NC,Cherokee,28906,35.0129,-84.2973,-84.2973,35.0129000000001
32575,01122,"Woodfin Volunteer Fire Department, Incorporated",1,20 New Street,Asheville,NC,Buncombe,28814,35.63500872,-82.59308665,-82.59308665,35.63500872
32576,06607,Woodland Volunteer Fire Department,1,205 Spruce St,Woodland,NC,Northampton,27897,36.33005336,-77.21205027,-77.21205027,36.3300533600001
32577,05610,"Woodlawn-Sevier Voluntary Fire Department, Incorporated",1,44 North Valley Street,Marion,NC,McDowell,28752,35.78731288,-82.03871493,-82.03871493,35.7873128800001
32578,08077,"Woodleaf Volunteer Fire Department, Inc.",1,3500 NC 801 Hwy.,Woodleaf,NC,Rowan,27054,35.765843,-80.592201,-80.592201,35.7658430000001
32579,06511,Wrightsville Beach Fire Department,1,3 Bob Sawyer Drive,Wrightsville Beach,NC,New Hanover,28480,34.2155,-77.8044,-77.8044,34.2155000000001
32580,05206,"Wyse Fork Volunteer Fire Department, Inc.",1,6936 Wyse Fork Rd,Dover,NC,Jones,28526,35.21673743,-77.50973726,-77.50973726,35.2167374300001
32581,05206,"Wyse Fork Volunteer Fire Department, Inc.",2,1135 Neuse Rd,Kinston,NC,Jones,28501,35.2466,-77.5189,-77.5189,35.2466000000001
32582,01413,"Yadkin Valley Volunteer Fire-Rescue Department, Inc.",1,2815 NC Hwy 268,Lenoir,NC,Caldwell,28645,36.0282,-81.4831,-81.4831,36.0282
32583,09912,"Yadkinville Volunteer Fire Department, Inc.",1,729 North State Street,Yadkinville,NC,Yadkin,27055,36.1407,-80.6626,-80.6625999999999,36.1407
32584,01707,Yanceyville Fire & Rescue Corporation,1,131 Fire Department Drive,Yanceyville,NC,Caswell,27379,36.40289826,-79.33572482,-79.3357248199999,36.40289826
32585,01707,Yanceyville Fire & Rescue Corporation,2,195 Airport Road,Yanceyville,NC,Caswell,27379,36.40034279,-79.39089004,-79.39089004,36.40034279
32586,07918,"Yanceyville Road Volunteer Fire Department, Inc.",1,3361 US Hwy 158,Reidsville,NC,Rockingham,27320,36.36505184,-79.6172502,-79.6172501999999,36.36505184
32587,03510,"Youngsville Volunteer Fire Department, Inc.",1,803 Wheaton Ave,Youngsville,NC,Franklin,27596,36.03609155,-78.48683067,-78.48683067,36.03609155
32588,03510,"Youngsville Volunteer Fire Department, Inc.",2,1126 Flat Rock Church Road,Louisburg,NC,Franklin,27549,36.01942934,-78.39423947,-78.3942394699999,36.01942934
32589,03510,"Youngsville Volunteer Fire Department, Inc.",3,6755 NC Hwy 96 W,Youngsville,NC,Franklin,27596,36.06846124,-78.51981609,-78.5198160899999,36.06846124
32590,09226,Zebulon Fire Department,1,113 E Vance St,Zebulon,NC,Wake,27597,35.82198699,-78.31188927,-78.3118892699999,35.82198699
32591,09508,"Zionville Volunteer Fire Department, Inc.",1,6610 Old US Hwy 421,Zionville,NC,Watauga,28698,36.32522906,-81.76141458,-81.76141458,36.32522906
32592,09508,"Zionville Volunteer Fire Department, Inc.",2,10292 US 421 N,Zionville,NC,Watauga,28698,36.298366,-81.743031,-81.743031,36.298366
32593,05112,"50 - 210 Community Fire Department, Inc.",1,50 Greenfield Rd,Angier,NC,Johnston,27501,35.5123,-78.5794,-78.5794,35.5123
32594,05112,"50 - 210 Community Fire Department, Inc.",2,3715 Jackson King Rd,Willow Spring,NC,Johnston,27592,35.5602,-78.6366,-78.6366,35.5602000000001
32595,05112,"50 - 210 Community Fire Department, Inc.",3,13954 NC Hwy 50 N,Angier,NC,Johnston,27501,35.5603,-78.5937,-78.5937,35.5603
32596,06341,Aberdeen Fire Department,1,800 Holly St.,Aberdeen,NC,Moore,28315,35.14172714,-79.42266397,-79.42266397,35.1417271400001
32597,06341,Aberdeen Fire Department,2,10861 NC 211 Hwy Est,Aberdeen,NC,Moore,28315,35.11609,-79.3875,-79.3875,35.11609
32598,02401,"Acme-Delco-Riegelwood Fire-Rescue, Inc.",1,100 John Riegel Road,Riegelwood,NC,Columbus,28456,34.340834,-78.224562,-78.2245619999999,34.340834
32599,02401,"Acme-Delco-Riegelwood Fire-Rescue, Inc.",2,4328 Livingston Chapel Road,Delco,NC,Columbus,28436,34.2687,-78.2783,-78.2782999999999,34.2687
32600,02401,"Acme-Delco-Riegelwood Fire-Rescue, Inc.",3,1795 Woodyard Rd,Riegelwood,NC,Columbus,28456,34.3776,-78.29174,-78.2917399999999,34.3776
32601,03012,"Advance Fire Department, Inc.",1,1869 S. NC 801 Hwy.,Advance,NC,Davie,27006,35.9455,-80.4127,-80.4127,35.9455
32602,03012,"Advance Fire Department, Inc.",2,169 Fire Station Rd. (satelite station),Advance,NC,Davie,27006,35.9453,-80.4097,-80.4097,35.9453
32603,09301,"Afton-Elberon Volunteer Fire Department, Inc.",1,2350 US Highway 401 South,Warrenton,NC,Warren,27589,36.3135,-78.2195,-78.2195,36.3135
32604,03601,Agriculture Center Volunteer Fire Department Inc.,1,1428 Costner School Road,Bessemer City,NC,Gaston,28016,35.3285,-81.232,-81.232,35.3285000000001
32605,04601,Ahoskie Fire Department,1,301 S. Martin Luther King Jr. Boulevard,Ahoskie,NC,Hertford,27910,36.28166884,-76.98391922,-76.98391922,36.2816688400001
32606,04610,"Ahoskie Rural Volunteer Fire Department, Inc.",1,609 West Main St.,Ahoskie,NC,Hertford,27910,36.28840487,-76.99192682,-76.9919268199999,36.2884048700001
32607,04101,"Alamance Community Fire District, Inc.",1,4108 Presbyterian Rd.,Greensboro,NC,Guilford,27407,36.02020909,-79.70762956,-79.70762956,36.02020909
32608,04101,"Alamance Community Fire District, Inc.",2,4831 Blakeshire Rd.,Greensboro,NC,Guilford,27406,35.9861,-79.6889,-79.6889,35.9861000000001
32609,08704,"Alarka Volunteer Fire Department, Inc.",1,3601 Alarka Road,Bryson City,NC,Swain,28713,35.3586,-83.4542,-83.4542,35.3586
32610,08401,Albemarle Fire Department,1,1610 E. Main Street,Albemarle,NC,Stanly,28002,35.35007635,-80.17176397,-80.17176397,35.3500763500001
32611,08401,Albemarle Fire Department,2,607 Concord Rd,Albemarle,NC,Stanly,28001,35.3548878,-80.21616794,-80.2161679399999,35.3548878
32612,08401,Albemarle Fire Department,3,209 Northeast Connector,Albemarle,NC,Stanly,28001,35.38593531,-80.19111342,-80.19111342,35.38593531
32613,03101,Albertson Volunteer Fire Department,1,732 Sheep Pasture Rd,Albertson,NC,Duplin,28508,35.1134,-77.8199,-77.8199,35.1134000000001
32614,03602,"Alexis Volunteer Fire Department, Inc.",1,4221 NC 27 Hwy.,Alexis,NC,Gaston,28006,35.3972,-81.1139,-81.1138999999999,35.3972000000001
32615,03602,"Alexis Volunteer Fire Department, Inc.",2,4639 Old Plank Road,Iron Station,NC,Gaston,28080,35.4624728,-81.08677085,-81.0867708499999,35.4624728000001
32616,01301,"Allen Volunteer Fire Department, Inc.",1,4000 US Hwy 601 South,Concord,NC,Cabarrus,28025,35.36143875,-80.54182146,-80.5418214599999,35.36143875
32617,09001,"Allens Crossroads Volunteer Fire Department, Inc.",1,5408 White Store Road,Wingate,NC,Union,28174,34.91136481,-80.40707662,-80.4070766199999,34.9113648100001
32618,07307,"Allensville Volunteer Fire Department, Inc.",1,1344 Denny's Store Road,Roxboro,NC,Person,27574,36.38886514,-78.86510647,-78.8651064699999,36.3888651400001
32619,07801,"Allenton Volunteer Fire Department, Inc.",1,6815 NC 211 East ,Lumberton,NC,Robeson,28358,34.59204985,-78.92298198,-78.92298198,34.59204985
32620,07801,"Allenton Volunteer Fire Department, Inc.",2,3937 Willoughby Road,Lumberton,NC,Robeson,28358,34.51571326,-78.90266245,-78.90266245,34.51571326
32621,00101,"Altamahaw-Ossippee Fire Department, Inc.",1,2806 Old 87 Hwy,Elon,NC,Alamance,27244,36.1793,-79.5137,-79.5137,36.1793000000001
32622,00101,"Altamahaw-Ossippee Fire Department, Inc.",2,4168 Stoney Creek Church Rd,Elon,NC,Alamance,27244,36.22252969,-79.51230192,-79.51230192,36.22252969
32623,04301,"Anderson Creek Emergency Services, Inc.",1,6400 Overhill Road,Spring Lake,NC,Harnett,28390,35.25516584,-78.9559,-78.9559,35.2551658400001
32624,01709,"Anderson Township Volunteer Fire Department, Inc.",1,225 Baynes Road,Burlington,NC,Caswell,27217,36.26594758,-79.34084099,-79.3408409899999,36.26594758
32625,01709,"Anderson Township Volunteer Fire Department, Inc.",2,6774 NC Hwy 62 South,Yanceyville,NC,Caswell,27379,36.31583084,-79.35271265,-79.3527126499999,36.31583084
32626,04302,"Angier & Black River Fire Department, Inc.",1,309 North Broad St. East,Angier,NC,Harnett,27501,35.5117,-78.7394,-78.7394,35.5117000000001
32627,00401,"Ansonville Volunteer Fire Department, Inc.",1,9145 NC 52 Hwy ,Ansonville,NC,Anson,28007,35.10614201,-80.10787166,-80.1078716599999,35.10614201
32628,05101,"Antioch Fire Department, Incorporated",1,106668 NC Highway 42,Middlesex,NC,Johnston,27557,35.679477,-78.228497,-78.2284969999999,35.6794770000001
32629,05101,"Antioch Fire Department, Incorporated",2,8604 Hwy 39 N,Middlesex,NC,Johnston,27557,35.69510415,-78.24584443,-78.24584443,35.6951041500001
32630,03913,"Antioch-Fishing Creek Volunteer Fire Department, Incorporated",1,5065 Antioch Road,Oxford,NC,Granville,27565,36.28599622,-78.55026904,-78.55026904,36.2859962200001
32631,09205,Apex Fire Department,1,210 N Salem St,Apex,NC,Wake,27502,35.73183453,-78.85051073,-78.8505107299999,35.7318345300001
32632,09205,Apex Fire Department,2,3045 New Hill Holleman,New Hill,NC,Wake,27562,35.67336973,-78.93154251,-78.93154251,35.67336973
32633,09205,Apex Fire Department,3,736 Hunter St.,Apex,NC,Wake,27502,35.73575603,-78.8607333,-78.8607332999999,35.7357560300001
32634,09205,Apex Fire Department,4,1615 E. Williams St.,Apex,NC,Wake,27502,35.70529,-78.8348,-78.8348,35.70529
32635,09205,Apex Fire Department,5,2050 Kelly Road,Apex,NC,Wake,27502,35.7218748,-78.88954373,-78.88954373,35.7218748000001
32636,09205,Apex Fire Department,6,1201 Wimberly Rd,Apex,NC,Wake,27502,35.756739,-78.917082,-78.9170819999999,35.756739
32637,08402,"Aquadale Rural Volunteer Fire Department, Inc.",1,11578 NC 138 Hwy,Norwood,NC,Stanly,28128,35.2252,-80.226,-80.2259999999999,35.2252
32638,08402,"Aquadale Rural Volunteer Fire Department, Inc.",2,4838 Plank Rd,Norwood,NC,Stanly,28128,35.19749288,-80.18812834,-80.1881283399999,35.19749288
32639,06901,"Arapahoe Volunteer Fire-Rescue, Inc.",1,8233 NC Hwy 306 South,Arapahoe,NC,Pamlico,28510,35.02380671,-76.82407813,-76.82407813,35.02380671
32640,08663,"Ararat Volunteer Fire Department, Incorporated",1,1415 Ararat Road,Ararat,NC,Surry,27007,36.40277911,-80.55894367,-80.55894367,36.40277911
32641,04001,"Arba Rural Fire Association, Incorporated",1,2001 Jessie Hill Rd,Snow Hill,NC,Greene,28580,35.4033,-77.6964,-77.6964,35.4033000000001
32642,02901,"Arcadia-Reedy Creek-Hampton Volunteer Fire and Rescue Department, Inc.",1,1374 Ruff Leonard Road,Lexington,NC,Davidson,27295,35.94119577,-80.30863603,-80.3086360299999,35.94119577
32643,09302,"Arcola Rural Volunteer Fire Department, Inc.",1,2169 NC Hwy 43,Warrenton,NC,Warren,27589,36.2901978,-77.98176589,-77.98176589,36.2901978
32644,09916,"Arlington Fire and Rescue, Inc.",1,321 South Main Street,Jonesville,NC,Yadkin,28642,36.2248,-80.83,-80.83,36.2248000000001
32645,09916,"Arlington Fire and Rescue, Inc.",2,4510 Little Mountain Road,Jonesville,NC,Yadkin,28642,36.1971,-80.8072,-80.8072,36.1971
32646,09602,"Arrington Volunteer Fire Department, Inc.",1,570 Emmaus Church Rd.,Dudley,NC,Wayne,28333,35.298486,-77.980924,-77.980924,35.298486
32647,07601,Asheboro Fire Department,1,401 S. Church Street,Asheboro,NC,Randolph,27203,35.70163804,-79.81674828,-79.81674828,35.70163804
32648,07601,Asheboro Fire Department,2,2105 N. Fayettville Street,Asheboro,NC,Randolph,27203,35.75740883,-79.80579615,-79.8057961499999,35.75740883
32649,01101,Asheville Fire Department,1,100 Court Plaza,Asheville,NC,Buncombe,28801,35.59462955,-82.5499923,-82.5499923,35.59462955
32650,01101,Asheville Fire Department,2,415 South French Broad Avenue,Asheville,NC,Buncombe,28801,35.57813054,-82.56044525,-82.56044525,35.5781305400001
32651,01101,Asheville Fire Department,3,50 Oregon Avenue,Asheville,NC,Buncombe,28806,35.58523292,-82.59169375,-82.59169375,35.5852329200001
32652,01101,Asheville Fire Department,4,9 Miller Road,Asheville,NC,Buncombe,28805,35.48438987,-82.52450461,-82.52450461,35.48438987
32653,01101,Asheville Fire Department,5,1074 Hendersonville Road,Asheville,NC,Buncombe,28803,35.53682263,-82.52886286,-82.5288628599999,35.5368226300001
32654,01101,Asheville Fire Department,6,970 Haywood Road,Asheville,NC,Buncombe,28806,35.58090804,-82.60210729,-82.6021072899999,35.5809080400001
32655,01101,Asheville Fire Department,7,37 East Larchmont Drive,Asheville,NC,Buncombe,28804,35.62301172,-82.55290163,-82.55290163,35.6230117200001
32656,01101,Asheville Fire Department,8,904 Tunnel Road,Asheville,NC,Buncombe,28805,35.58776679,-82.50287318,-82.5028731799999,35.58776679
32657,01101,Asheville Fire Department,9,749 Fairview Road,Asheville,NC,Buncombe,28803,35.56427309,-82.51352682,-82.51352682,35.56427309
32658,01101,Asheville Fire Department,10,1903 Old Haywood Road,Asheville,NC,Buncombe,28806,35.56473418,-82.63385324,-82.63385324,35.5647341800001
32659,01101,Asheville Fire Department,11,7 Rocky Ridge Road,Asheville,NC,Buncombe,28806,35.53411471,-82.60485172,-82.6048517199999,35.53411471
32660,01101,Asheville Fire Department,12,880 New Hawcreek Road,Asheville,NC,Buncombe,28805,35.61115639,-82.50197166,-82.50197166,35.6111563900001
32661,05601,Ashford - North Cove Volunteer Fire Department,1,15640 Hwy. 221 North,Marion,NC,McDowell,28752,35.86244349,-81.95691609,-81.9569160899999,35.86244349
32662,00801,"Askewville Volunteer Fire Department, Inc.",1,105 S Railroad St ,Windsor,NC,Bertie,27983,36.10907865,-76.9393498,-76.9393497999999,36.1090786500001
32663,07101,Atkinson Fire Department,1,110 N First Ave,Atkinson,NC,Pender,28421,34.5287812,-78.17059464,-78.1705946399999,34.5287812
32664,01634,Atlantic Beach Fire Department,1,125 West Fort Macon Rd.,Atlantic Beach,NC,Carteret,28512,34.70079262,-76.73993411,-76.73993411,34.7007926200001
32665,08040,"Atwell Township Fire Department, Incorporated",1,135 Concordia Church Road,Mooresville,NC,Rowan,28115,35.5728,-80.68,-80.6799999999999,35.5728
32666,08040,"Atwell Township Fire Department, Incorporated",2,8480 Unity Church Rd.,Kannapolis,NC,Rowan,28081,35.5319,-80.7199,-80.7198999999999,35.5319000000001
32667,00802,Aulander Fire Department,1,124 W. Main St.,Aulander,NC,Bertie,27805,36.2293,-77.1153,-77.1152999999999,36.2293000000001
32668,00701,"Aurora Volunteer Fire Department, Inc.",1,99 NC Hwy 33 East,Aurora,NC,Beaufort,27806,35.30036498,-76.78339423,-76.7833942299999,35.30036498
32669,00701,"Aurora Volunteer Fire Department, Inc.",2,49 Labor Camp Road,Edward,NC,Beaufort,27821,35.32513336,-76.88190133,-76.8819013299999,35.3251333600001
32670,09701,"Austin Volunteer Fire Department, Inc.",1,7170 Austin-Traphill RD.,Elkin,NC,Wilkes,28621,36.3137,-80.96110729,-80.96110729,36.3137
32671,08201,"Autryville Area Fire Department, Inc.",1,305 North Hotel St. ,Autryville,NC,Sampson,28318,34.9999,-78.6395,-78.6394999999999,34.9999
32672,02801,"Avon Volunteer Fire Department, Inc.",1,40159 Harbor Rd.,Avon,NC,Dare,27915,35.35337875,-75.50604676,-75.5060467599999,35.35337875
32673,07444,Ayden Fire Department,1,4112 West Ave,Ayden,NC,Pitt,28513,35.47236894,-77.41659697,-77.4165969699999,35.47236894
32674,07444,Ayden Fire Department,2,1809 NC 102 East,Ayden,NC,Pitt,28513,35.47060526,-77.36279699,-77.3627969899999,35.4706052600001
32675,06701,"Back Swamp Volunteer Fire Department, Inc.",1,2957 Catherine Lake Rd,Richlands,NC,Onslow,28574,34.83764716,-77.62335364,-77.6233536399999,34.8376471600001
32676,06207,"Badin Lake Volunteer Fire Department, Inc.",1,387 Uwharrie Parkway,New London,NC,Montgomery,28127,35.4923,-80.1274,-80.1274,35.4923000000001
32677,06207,"Badin Lake Volunteer Fire Department, Inc.",2,1018 Pinehaven Dr,New London,NC,Montgomery,28127,35.49837161,-80.1071249,-80.1071249,35.49837161
32678,06207,"Badin Lake Volunteer Fire Department, Inc.",3,625 Blaine Rd,New London,NC,Montgomery,28127,35.48703885,-80.08166093,-80.0816609299999,35.48703885
32679,08403,"Badin Volunteer Fire Department, Inc.",1,128 NC 740 Hwy,Badin,NC,Stanly,28009,35.40399466,-80.11802186,-80.1180218599999,35.40399466
32680,03201,"Bahama Volunteer Fire, Rescue, Ems Company, Inc.",1,1814 Bahama Road,Bahama,NC,Durham,27503,36.16766694,-78.87208006,-78.87208006,36.1676669400001
32681,03201,"Bahama Volunteer Fire, Rescue, Ems Company, Inc.",2,11819 North Roxboro Rd,Rougemont,NC,Durham,27572,36.2035,-78.9164,-78.9164,36.2035000000001
32682,03201,"Bahama Volunteer Fire, Rescue, Ems Company, Inc.",3,6201 Stagville Rd,Bahama,NC,Durham,27503,36.126787,-78.84919236,-78.84919236,36.126787
32683,06401,"Bailey Fire Department, Green Hornet Fire District, Inc.",1,6336 Main Street,Bailey,NC,Nash,27807,35.77923008,-78.11707703,-78.11707703,35.77923008
32684,06401,"Bailey Fire Department, Green Hornet Fire District, Inc.",2,2509 West Hornes Church Road,Bailey,NC,Nash,27807,35.805,-78.0429,-78.0429,35.8050000000001
32685,09002,"Bakers Volunteer Fire and Rescue Department, Inc.",1,4425 Old Charlotte Highway,Monroe,NC,Union,28110,35.03592563,-80.6272502,-80.6272501999999,35.0359256300001
32686,06101,Bakersville Fire And Rescue,1,306 Baker Lane,Bakersville,NC,Mitchell,28705,36.01306983,-82.1625498,-82.1625498,36.0130698300001
32687,06101,Bakersville Fire And Rescue,2,18 Water Street,Bakersville,NC,Mitchell,28705,35.9725,-82.176782,-82.1767819999999,35.9725
32688,09813,Bakertown Volunteer Fire and 1st Responder,1,6505 Webb Lake Rd,Elm City,NC,Wilson,27822,35.7215,-77.7461,-77.7461,35.7215
32689,09813,Bakertown Volunteer Fire and 1st Responder,2,6911 Bridgersville Rd,Elm City ,NC,Wilson,27822,35.7685,-77.7707,-77.7707,35.7685000000001
32690,01019,Bald Head Island Fire Department,1,273 Edward Teach Wynd,Southport,NC,Brunswick,28461,33.856653,-77.982376,-77.982376,33.8566530000001
32691,08814,"Balsam Grove Volunteer Fire Rescue, Inc.",1,8720 Parkway Rd,Balsam Grove,NC,Transylvania,28708,35.22972328,-82.8732414,-82.8732414,35.22972328
32692,05006,"Balsam-Willets-Ochre Hill Volunteer Fire Department, Incorporated",1,36 Mount Pleasant Church Road,Sylva,NC,Jackson,28779,35.41156009,-83.11555405,-83.11555405,35.4115600900001
32693,05006,"Balsam-Willets-Ochre Hill Volunteer Fire Department, Incorporated",2,43 Woodfin Road,Sylva,NC,Jackson,28779,35.42729617,-83.10447166,-83.1044716599999,35.42729617
32694,01801,"Bandys Crossroads Volunteer Fire Department, Incorporated",1,1611 Buffalo Shoals Road,Catawba,NC,Catawba,28609,35.64118719,-81.0913,-81.0913,35.64118719
32695,01801,"Bandys Crossroads Volunteer Fire Department, Incorporated",2,3679 Buffalo Shoals Road,Maiden,NC,Catawba,28650,35.5835,-81.1289,-81.1289,35.5835000000001
32696,01801,"Bandys Crossroads Volunteer Fire Department, Incorporated",3,4849 NC 16 Hwy S,Maiden,NC,Catawba,28650,35.5889953,-81.0909502,-81.0909502,35.5889953000001
32697,00601,"Banner Elk Volunteer Fire Rescue, Inc.",1,345 Shawneehew Ave,Banner Elk,NC,Avery,28604,36.16134725,-81.87045324,-81.87045324,36.1613472500001
32698,00601,"Banner Elk Volunteer Fire Rescue, Inc.",2,256 Norwood Hollow Rd,Banner Elk,NC,Avery,28604,36.13409098,-81.84995557,-81.84995557,36.1340909800001
32699,08675,"Bannertown Volunteer Fire Department, Inc.",1,124 Reeves Mill Road,Mount Airy,NC,Surry,27030,36.48928758,-80.57024291,-80.5702429099999,36.4892875800001
32700,08675,"Bannertown Volunteer Fire Department, Inc.",2,413 Holly Springs Road,Mount Airy,NC,Surry,27030,36.46467098,-80.55690099,-80.55690099,36.4646709800001
32701,01102,"Barnardsville Volunteer Fire Department, Incorporated",1,100 Dillingham Road,Barnardsville,NC,Buncombe,28709,35.77379524,-82.44961609,-82.4496160899999,35.77379524
32702,04501,"Bat Cave Volunteer Fire and Rescue Department, Inc.",1,267 Gerton Highway,Bat Cave,NC,Henderson,28710,35.45294269,-82.29115708,-82.2911570799999,35.45294269
32703,00702,"Bath Volunteer Fire Department, Inc.",1,430 Carteret St.,Bath,NC,Beaufort,27808,35.4761,-76.8065,-76.8065,35.4761
32704,06402,"Battleboro Rural Fire Department, H. L. Harrison Fire District, Inc.",1,4909 Hathaway St.,Battleboro,NC,Nash,27809,36.04859542,-77.75297125,-77.75297125,36.04859542
32705,00915,"Bay Tree Lakes Volunteer Fire Department, Inc.",1,12717 NC Hwy 41 E,Harrells,NC,Bladen,28444,34.6879,-78.41595633,-78.41595633,34.6879000000001
32706,05901,"Bear Grass Fire Rescue, Inc.",1,6005 Bear Grass Road,Williamston,NC,Martin,27892,35.77143928,-77.1226751,-77.1226751,35.77143928
32707,09101,"Bearpond Rural Fire Department, Inc.",1,325 Bear Pond Road,Henderson,NC,Vance,27537,36.2766519,-78.40033988,-78.40033988,36.2766519
32708,01654,Beaufort Fire Dept.,1,506 Liveoak St,Beaufort,NC,Carteret,28516,34.71703606,-76.65660956,-76.6566095599999,34.7170360600001
32709,01654,Beaufort Fire Dept.,2,2731 Highway 101,Beaufort,NC,Carteret,28516,34.81483235,-76.67778081,-76.6777808099999,34.8148323500001
32710,02629,Beaver Dam Volunteer Fire Department of Cumberland County,1,11042 NC Hwy 210 S,Roseboro,NC,Cumberland,28382,34.915636,-78.59819,-78.59819,34.9156360000001
32711,02629,Beaver Dam Volunteer Fire Department of Cumberland County,2,9236 Turnbull Rd.,Fayettville,NC,Cumberland,28312,34.873808,-78.655368,-78.655368,34.8738080000001
32712,09509,"Beaver Dam Volunteer Fire Department of Watauga County, Inc.",1,1928 Bethel Road,Sugar Grove,NC,Watauga,28679,36.295653,-81.84946437,-81.84946437,36.2956530000001
32713,09003,"Beaver Lane Volunteer Rescue & Fire Department, Inc.",1,310 Olive Branch Road,Marshville,NC,Union,28103,34.9886758,-80.36408542,-80.36408542,34.9886758000001
32714,03401,"Beeson Cross Roads Fire and Rescue, Inc.",1,1105 Old Salem Road,Kernersville,NC,Forsyth,27284,36.08608,-80.0997,-80.0997,36.08608
32715,03402,"Belews Creek Volunteer Fire and Rescue Department, Inc.",1,7675 Belew's Creek Road,Belews Creek,NC,Forsyth,27009,36.22630484,-80.0842105,-80.0842105,36.2263048400001
32716,09603,"Belfast Volunteer Fire Fighters, Inc.",1,3212 US 117 Hwy. N,Goldsboro,NC,Wayne,27530,35.4353,-77.981,-77.9809999999999,35.4353
32717,00703,Belhaven Fire & Rescue Department,1,245 Haslin Street,Belhaven,NC,Beaufort,27810,35.53975675,-76.6238835,-76.6238835,35.53975675
32718,07452,"Bell Arthur Fire Dept., Inc.",1,2634 Fire House Rd,Bellarthur,NC,Pitt,27811,35.59115202,-77.51299079,-77.5129907899999,35.59115202
32719,02009,"Bellview Volunteer Fire Department, Inc.",1,1390 Lance Road,Murphy,NC,Cherokee,28906,34.9987,-84.0753,-84.0753,34.9987
32720,03603,Belmont Fire Department,1,301 Keener Boulevard,Belmont,NC,Gaston,28012,35.23589279,-81.03507854,-81.03507854,35.23589279
32721,03603,Belmont Fire Department,2,2300 South Point Road,Belmont,NC,Gaston,28012,35.18660877,-81.02153045,-81.0215304499999,35.1866087700001
32722,07413,"Belvoir Volunteer Fire Department, Inc.",1,4189 NC 33 West,Greenville,NC,Pitt,27834,35.70872614,-77.46657469,-77.46657469,35.7087261400001
32723,04316,"Benhaven Emergency Services, Inc.",1,722 Barbecue Church Rd,Sanford,NC,Harnett,27332,35.34183501,-79.04808542,-79.0480854199999,35.3418350100001
32724,04316,"Benhaven Emergency Services, Inc.",2,4023 NC Hwy 87,Sanford,NC,Harnett,27332,35.36283124,-79.11080688,-79.11080688,35.36283124
32725,04316,"Benhaven Emergency Services, Inc.",3,13151 NC 27 West,Broadway,NC,Harnett,27505,35.33628,-79.02141,-79.0214099999999,35.33628
32726,01901,"Bennett Fire Department, Inc.",1,55 East Raleigh St.,Bennett,NC,Chatham,27208,35.56409018,-79.5426892,-79.5426892,35.5640901800001
32727,01901,"Bennett Fire Department, Inc.",2,20191 HWY 902,Bear Creek,NC,Chatham,27207,35.56572254,-79.46631149,-79.46631149,35.56572254
32728,05103,Benson Fire Department,1,313 South Elm St.,Benson,NC,Johnston,27504,35.37738628,-78.5478295,-78.5478295,35.3773862800001
32729,05105,"Bentonville Volunteer Fire Department, Inc.",1,3167 Harper House Rd ,Four Oaks,NC,Johnston,27524,35.32021617,-78.27964636,-78.27964636,35.32021617
32730,03604,Bessemer City Volunteer Fire Department,1,119 West Washington Street,Bessemer City,NC,Gaston,28016,35.28582261,-81.28561073,-81.28561073,35.28582261
32731,08404,"Bethany Community Fire Department, Incorporated",1,118 Bethany Church Rd,Albemarle,NC,Stanly,28001,35.39848746,-80.20250729,-80.20250729,35.3984874600001
32732,05104,"Bethany Rural Fire Department of Johnston County, Inc.",1,8525 Old Beulah Rd,Kenly,NC,Johnston,27542,35.63176512,-78.21318775,-78.21318775,35.6317651200001
32733,02601,"Bethany Rural Fire Department, Inc.",1,2140 Wade-Stedman Rd,Stedman,NC,Cumberland,28391,35.06287663,-78.69530845,-78.69530845,35.0628766300001
32734,07201,"Bethel Community Fire Protection Association, Inc.",1,462 Snug Harbor Road,Hertford,NC,Perquimans,27944,36.1117,-76.4793,-76.4793,36.1117
32735,07421,Bethel Fire & Rescue Department,1,3826 James St,Bethel,NC,Pitt,27812,35.80764127,-77.3746705,-77.3746705,35.80764127
32736,00201,"Bethlehem Community Fire & Rescue, Inc.",1,7373 NC Hwy 127,Taylorsville,NC,Alexander,28681,35.84356958,-81.3090919,-81.3090918999999,35.8435695800001
32737,02301,"Bethlehem Volunteer Fire Department, Inc.",1,1128 Bethlehem Road,Kings Mountain,NC,Cleveland,28086,35.214701,-81.405057,-81.4050569999999,35.214701
32738,03102,"Beulaville Volunteer Fire Department, Inc.",1,205 N. Wilson St. ,Beulaville,NC,Duplin,28518,34.92560324,-77.77783947,-77.7778394699999,34.92560324
32739,07802,"Big Marsh Volunteer Fire Department of Robeson County, Inc.",1,456 S Fifth St.,Saint Pauls,NC,Robeson,28384,34.80237887,-78.97851573,-78.97851573,34.80237887
32740,05805,"Big Pine Volunteer Fire Department, Inc.",1,7909 Big Pine Road,Marshall,NC,Madison,28753,35.8024,-82.7993,-82.7993,35.8024
32741,08114,Bills Creek Community Volunteer Fire Dept. Inc.,1,1184 Bill Creek Rd,Lake Lure,NC,Rutherford,28746,35.448794,-82.151019,-82.151019,35.4487940000001
32742,08114,Bills Creek Community Volunteer Fire Dept. Inc.,2,336 Cedar Creek Road,Lake Lure,NC,Rutherford,28746,35.4823,-82.1368,-82.1367999999999,35.4823000000001
32743,06203,Biscoe Fire Department,1,110 W. Main Street,Biscoe,NC,Montgomery,27209,35.36026876,-79.7820751,-79.7820751,35.3602687600001
32744,09801,"Black Creek Volunteer Fire Department, Inc.",1,114 N Church Street,Black Creek,NC,Wilson,27813,35.63775,-77.936149,-77.9361489999999,35.63775
32745,07435,"Black Jack Volunteer Fire Department, Inc.",1,3020 Black Jack Grimesland Rd,Greenville,NC,Pitt,27858,35.50025217,-77.24776361,-77.2477636099999,35.5002521700001
32746,01105,"Black Mountain Fire Department, Incorporated",1,106 Montreat Road,Black Mountain,NC,Buncombe,28711,35.61893548,-82.3210579,-82.3210579,35.6189354800001
32747,01105,"Black Mountain Fire Department, Incorporated",2,19 White Pine Drive,Black Mountain,NC,Buncombe,28711,35.60465108,-82.33586397,-82.3358639699999,35.6046510800001
32748,01105,"Black Mountain Fire Department, Incorporated",3,49 Wedgewood Terrace,Black Mountain,NC,Buncombe,28711,35.66846997,-82.36905516,-82.36905516,35.66846997
32749,05106,"Blackman's Crossroads Volunteer Fire Department, Inc.",1,5813 NC 96 S,Four Oaks,NC,Johnston,27524,35.3667594,-78.43608239,-78.43608239,35.3667594
32750,00901,Bladenboro Fire Department,1,519 West Seaboard Street,Bladenboro,NC,Bladen,28320,34.54122584,-78.79114939,-78.79114939,34.54122584
32751,00709,"Blounts Creek Volunteer Fire Department, Inc.",1,13965 NC Highway 33 East,Blounts Creek,NC,Beaufort,27814,35.37012625,-76.94917358,-76.94917358,35.3701262500001
32752,09502,Blowing Rock Fire & Rescue,1,8001 Valley Blvd,Blowing Rock,NC,Watauga,28605,36.13010763,-81.67088775,-81.67088775,36.1301076300001
32753,09502,Blowing Rock Fire & Rescue,2,6165 US Hwy 221 S,Blowing Rock,NC,Watauga,28605,36.12057732,-81.74813649,-81.74813649,36.1205773200001
32754,09502,Blowing Rock Fire & Rescue,3,2409 Aho Road,Blowing Rock,NC,Watauga,28605,36.16055,-81.6216,-81.6215999999999,36.1605500000001
32755,00813,"Blue Jay Volunteer Fire Company, Inc.",1,1653 Indianwoods Rd,Windsor,NC,Bertie,27983,35.9996,-77.1085,-77.1084999999999,35.9996
32756,04502,"Blue Ridge Fire & Rescue, Inc.",1,2503 Old Spartanburg Road,East Flat Rock,NC,Henderson,28726,35.29023432,-82.4212414,-82.4212414,35.29023432
32757,04502,"Blue Ridge Fire & Rescue, Inc.",2,77 Village Center Drive,Flat Rock,NC,Henderson,28731,35.274,-82.44080688,-82.44080688,35.2740000000001
32758,01001,Boiling Spring Lakes Fire Rescue,1,3059 George II Hwy ,Southport,NC,Brunswick,28461,34.03184001,-78.06820268,-78.06820268,34.0318400100001
32759,01001,Boiling Spring Lakes Fire Rescue,2,2440 Frink Lake DR,Southport,NC,Brunswick,28461,34.06465777,-78.03118735,-78.03118735,34.0646577700001
32760,01001,Boiling Spring Lakes Fire Rescue,3,900 Fifty Lakes Dr,Southport,NC,Brunswick,28461,34.02854674,-78.03550268,-78.03550268,34.02854674
32761,02304,Boiling Springs Fire and Rescue,1,149 N. Main St.,Boiling Springs,NC,Cleveland,28017,35.253572,-81.667272,-81.667272,35.2535720000001
32762,02304,Boiling Springs Fire and Rescue,2,2479 McCraw Road,Mooresboro,NC,Cleveland,28114,35.1856,-81.7148,-81.7148,35.1856000000001
32763,01002,Bolivia Volunteer Fire Department,1,3848 Old Ocean Hwy,Bolivia,NC,Brunswick,28422,34.065666,-78.1494,-78.1494,34.0656660000001
32764,02402,"Bolton Volunteer Fire and Rescue Department, Inc.",1,225 9th St.,Bolton,NC,Columbus,28423,34.31984683,-78.40740688,-78.4074068799999,34.3198468300001
32765,01902,"Bonlee Fire Department, Inc.",1,185 Bonlee Bennett Rd,Bonlee,NC,Chatham,27213,35.645539,-79.41777551,-79.41777551,35.645539
32766,09702,"Boomer Volunteer Fire Department, Inc.",1,5990 S. NC 18 Hwy.,Boomer,NC,Wilkes,28606,36.05717806,-81.2677502,-81.2677502,36.0571780600001
32767,09503,Boone Fire Department,1,721 West King Street,Boone,NC,Watauga,28607,36.21917882,-81.68519697,-81.6851969699999,36.21917882
32768,09503,Boone Fire Department,2,1075 State Farm Road,Boone,NC,Watauga,28607,36.20258316,-81.65336321,-81.65336321,36.2025831600001
32769,09503,Boone Fire Department,3,3228 Bamboo Road,Boone,NC,Watauga,28607,36.19583549,-81.60665708,-81.6066570799999,36.19583549
32770,04317,"Boone Trail Emergency Services, Inc.",1,7016 US 421 N,Lillington,NC,Harnett,27546,35.4202,-78.9361,-78.9361,35.4202000000001
32771,04317,"Boone Trail Emergency Services, Inc.",2,12140 US 421 N,Broadway,NC,Harnett,27505,35.4372,-79.0252,-79.0252,35.4372000000001
32772,08041,"Bostian Heights Fire Department, Inc.",1,8211 Old Concord Rd,Salisbury,NC,Rowan,28146,35.56103166,-80.51756532,-80.51756532,35.56103166
32773,08101,Bostic Volunteer Fire Department,1,181 North Main Street,Bostic,NC,Rutherford,28018,35.36336377,-81.83622915,-81.83622915,35.36336377
32774,06106,"Bradshaw Volunteer Fire and Rescue, Inc.",1,4256 NC 197 Hwy,Green Mountain,NC,Mitchell,28740,36.036008,-82.267749,-82.267749,36.036008
32775,03914,Brassfield Volunteer Fire Department,1,1680 NC Hwy 96 ,Franklinton,NC,Granville,27525,36.10729535,-78.55283603,-78.55283603,36.1072953500001
32776,01275,"Brendletown Fire Protection and Rescue Association, Inc.",1,5157 US Hwy 64,Morganton,NC,Burke,28655,35.64248203,-81.78048542,-81.7804854199999,35.6424820300001
32777,01275,"Brendletown Fire Protection and Rescue Association, Inc.",2,3646 Bennet Road,Morganton,NC,Burke,28655,35.65974359,-81.7828,-81.7828,35.6597435900001
32778,08802,Brevard Fire Dept.,1,95 West Main Street,Brevard,NC,Transylvania,28712,35.2344,-82.7365,-82.7365,35.2344000000001
32779,07803,"Britts Township Volunteer Fire Department, Inc.",1,9529 NC 72 E,Lumberton,NC,Robeson,28358,34.5474265,-78.96177048,-78.96177048,34.5474265
32780,01613,Broad & Gales Creek Community Association,1,3010 NC 24 Hwy,Newport,NC,Carteret,28570,34.7254,-76.9395,-76.9395,34.7254
32781,01124,"Broad River Volunteer Fire and Rescue Department, Inc.",1,44 Broad River VFD Rd.,Black Mountain,NC,Buncombe,28711,35.5102,-82.2575,-82.2574999999999,35.5102000000001
32782,01124,"Broad River Volunteer Fire and Rescue Department, Inc.",2,525 Shumont Road,Black Mountain,NC,Buncombe,28711,35.4721,-82.2591,-82.2591,35.4721000000001
32783,01124,"Broad River Volunteer Fire and Rescue Department, Inc.",3,2098 NC Hwy 9,Black Mountain,NC,Buncombe,28711,35.5465,-82.2592,-82.2592,35.5465
32784,09703,"Broadway Fire Department, Inc.",1,1690 Statesville Road,North Wilkesboro,NC,Wilkes,28659,36.15305311,-81.11330729,-81.11330729,36.15305311
32785,05107,"Brogden Rural Fire Department, Inc.",1,7236 Brogden Road,Smithfield,NC,Johnston,27577,35.43077868,-78.24880303,-78.24880303,35.4307786800001
32786,02403,"Brunswick Volunteer Fire Department, Inc.",1,1465 Vinson Blvd,Brunswick,NC,Columbus,28424,34.28763795,-78.70132834,-78.70132834,34.28763795
32787,02403,"Brunswick Volunteer Fire Department, Inc.",2,626 Sunset Terrace Ave ,Whiteville,NC,Columbus,28424,34.3421,-78.7326,-78.7325999999999,34.3421000000001
32788,09727,"Brushy Mountain Voluntary Fire Department, Inc.",1,7990 Brushy Mountain Rd.,Moravian Falls,NC,Wilkes,28654,36.07246559,-81.12003219,-81.12003219,36.07246559
32789,08701,Bryson City Fire Department,1,150 Main Street,Bryson City,NC,Swain,28713,35.42703006,-83.44557648,-83.4455764799999,35.42703006
32790,09921,"Buck Shoals Volunteer Fire Department, Inc.",1,6100 Windsor Road,Hamptonville,NC,Yadkin,27020,36.08854939,-80.86363168,-80.86363168,36.08854939
32791,09921,"Buck Shoals Volunteer Fire Department, Inc.",2,5145 Somers Road,Hamptonville ,NC,Yadkin,27020,36.091297,-80.90354,-80.90354,36.0912970000001
32792,02404,"Buckhead Volunteer Fire Department and Rescue Squad, Inc.",1,6810 Old Lake Rd ,Bolton,NC,Columbus,28423,34.37364061,-78.41077125,-78.41077125,34.3736406100001
32793,04304,"Buies Creek Rural Fire Department, Incorporated",1,112 Marshbanks St,Lillington,NC,Harnett,27546,35.40539944,-78.73703411,-78.73703411,35.4053994400001
32794,06102,"Buladean Fire Department, Inc.",1,28 Firehouse Road,Bakersville,NC,Mitchell,28705,36.10543499,-82.1940502,-82.1940501999999,36.10543499
32795,04002,"Bull Head Rural Fire Association, Inc.",1,7553 Highway 58 North,Stantonsburg,NC,Greene,27883,35.5296,-77.7896,-77.7896,35.5296000000001
32796,03902,Bullock Volunteer Fire Department,1,8677 US Hwy 15 North,Bullock,NC,Granville,27507,36.49089414,-78.5453469,-78.5453469,36.4908941400001
32797,03501,"Bunn Rural Fire Association, Incorporated of Bunn, N.C.",1,505 Main St,Bunn,NC,Franklin,27508,35.95641712,-78.24819615,-78.24819615,35.95641712
32798,03501,"Bunn Rural Fire Association, Incorporated of Bunn, N.C.",2,2882 NC 98 W,Louisburg,NC,Franklin,27549,35.97399162,-78.34396012,-78.34396012,35.97399162
32799,03501,"Bunn Rural Fire Association, Incorporated of Bunn, N.C.",3,1520 Baptist Rd,Bunn,NC,Franklin,27508,35.96946527,-78.21040729,-78.21040729,35.9694652700001
32800,00713,"Bunyan Volunteer Fire Department, Inc.",1,8264 Broad Creek Rd.,Washington,NC,Beaufort,27889,35.52778608,-76.95012146,-76.9501214599999,35.5277860800001
32801,07102,Burgaw Fire Department,1,109 N Walker St.,Burgaw,NC,Pender,28425,34.5526,-77.9261,-77.9261,34.5526
32802,00102,Burlington Fire Department,1,215 South Church Street,Burlington,NC,Alamance,27215,36.0959,-79.438,-79.438,36.0959
32803,00102,Burlington Fire Department,2,1136 East Webb Street,Burlington,NC,Alamance,27215,36.08286127,-79.42394484,-79.42394484,36.0828612700001
32804,00102,Burlington Fire Department,3,1906 Wlkins Street,Burlington,NC,Alamance,27215,36.10598298,-79.40416245,-79.4041624499999,36.1059829800001
32805,00102,Burlington Fire Department,4,2743 South Church St.,Burlington,NC,Alamance,27215,36.08022658,-79.48883563,-79.48883563,36.08022658
32806,00102,Burlington Fire Department,5,1575 Industry Drive,Burlington,NC,Alamance,27215,36.05986326,-79.44833065,-79.4483306499999,36.05986326
32807,00102,Burlington Fire Department,6,3644 Bonnar Bridge Parkway,Burlington,NC,Alamance,27215,36.06120968,-79.51534939,-79.51534939,36.06120968
32808,00402,"Burnsville Fire and Rescue Ambulance Service, Inc.",1,13380 Hwy 742 N,Polkton,NC,Anson,28135,35.11310532,-80.24429615,-80.24429615,35.11310532
32809,10011,"Burnsville Volunteer Fire Department, Inc.",1,305 Pineola Street,Burnsville,NC,Yancey,28714,35.91314,-82.30635,-82.30635,35.9131400000001
32810,07818,Burnt Swamp- Philadelphus Rural Fire Department,4,2111 Buie Philadelphus Rd,Red Springs,NC,Robeson,28377,34.7351,-79.140316,-79.140316,34.7351
32811,03903,Butner Public Safety,1,611 Central Ave.,Butner,NC,Granville,27509,36.13977942,-78.76463522,-78.7646352199999,36.13977942
32812,02802,"Buxton Fire Prevention Association, Inc.",1,47095 NC Hwy 12,Buxton,NC,Dare,27920,35.26485916,-75.52782227,-75.5278222699999,35.2648591600001
32813,08665,"C. C. Camp Volunteer Fire Department, Inc.",1,1971 CC Camp Road,Elkin,NC,Surry,28621,36.28245243,-80.77625516,-80.7762551599999,36.28245243
32814,08665,"C. C. Camp Volunteer Fire Department, Inc.",2,9259 NC 268 Hwy.,Elkin,NC,Surry,28621,36.29910489,-80.747,-80.747,36.29910489
32815,01003,"Calabash Fire Department, Inc.",1,892 Persimmon Rd,Calabash,NC,Brunswick,28467,33.89295992,-78.56668344,-78.56668344,33.8929599200001
32816,01003,"Calabash Fire Department, Inc.",2,8995 No. 5 School Rd,Calabash,NC,Brunswick,28467,33.95371844,-78.57517711,-78.57517711,33.95371844
32817,06809,"Caldwell Fire Department, Inc.",1,7020 Guess Road,Rougemont,NC,Orange,27572,36.18746795,-79.01491149,-79.01491149,36.18746795
32818,06809,"Caldwell Fire Department, Inc.",2,3726 Hunt Road,Hillsborough,NC,Orange,27278,36.142841,-79.02548,-79.02548,36.142841
32819,03103,"Calypso Volunteer Fire Department, Inc.",1,109 S E Center St,Calypso,NC,Duplin,28325,35.15316053,-78.10551265,-78.10551265,35.15316053
32820,05004,Canada Volunteer Fire Department,1,149 Charley's Creek Road,Tuckasegee,NC,Jackson,28783,35.2640219,-83.02504443,-83.02504443,35.2640219
32821,06205,Candor Volunteer Fire Department,1,215 North School Street,Candor,NC,Montgomery,27229,35.2972,-79.7469,-79.7469,35.2972
32822,04401,Canton Fire Department,1,21 Adams Street,Canton,NC,Haywood,28716,35.53287025,-82.84017988,-82.8401798799999,35.53287025
32823,05301,"Cape Fear Rural Fire Department, Inc.",1,100 Johnson St.,Sanford,NC,Lee,27330,35.46296314,-79.0584249,-79.0584249,35.4629631400001
32824,05301,"Cape Fear Rural Fire Department, Inc.",2,5713 Buckhorn Rd,Sanford,NC,Lee,27330,35.49872923,-79.05364676,-79.0536467599999,35.49872923
32825,06501,Carolina Beach Fire Department,1,9 S Dow  Rd,Carolina Beach,NC,New Hanover,28428,34.03622227,-77.90667318,-77.90667318,34.0362222700001
32826,07423,"Carolina Township Volunteer Fire Department, Inc.",1,3624 NC 30,Stokes,NC,Pitt,27884,35.71718258,-77.26265172,-77.26265172,35.71718258
32827,07423,"Carolina Township Volunteer Fire Department, Inc.",2,4371 NC 903 N,Robersonville,NC,Pitt,27871,35.7536,-77.2315,-77.2315,35.7536000000001
32828,05307,"Carolina Trace Volunteer Fire Department, Inc.",1,37-A Indian Trail,Sanford,NC,Lee,27332,35.41516231,-79.11692449,-79.11692449,35.41516231
32829,06001,"Carolina Volunteer Fire Department, Inc.",1,9937 Providence Road West,Charlotte,NC,Mecklenburg,28277,35.03702853,-80.83127995,-80.83127995,35.03702853
32830,02705,"Carova Beach Volunteer Fire and Rescue, Inc.",1,2169 Ocean Pearl Road,Corolla,NC,Currituck,27927,36.51709784,-75.86548355,-75.86548355,36.5170978400001
32831,06801,Carrboro Fire Department,1,301 West Main Street,Carrboro,NC,Orange,27510,35.91187407,-79.07787854,-79.07787854,35.9118740700001
32832,06801,Carrboro Fire Department,2,1411 Homestead Rd,Chapel Hill,NC,Orange,27516,35.94533965,-79.08337703,-79.08337703,35.9453396500001
32833,06331,Carthage Fire Department,1,4396 Hwy 15-501,Carthage,NC,Moore,28327,35.32776102,-79.40629271,-79.4062927099999,35.32776102
32834,00911,"Carvers Creek Volunteer Fire Department, Inc.",1,2095 S. Elwell Ferry Rd,Council,NC,Bladen,28434,34.4397177,-78.43767469,-78.4376746899999,34.4397177000001
32835,09203,Cary Fire Department,1,1501 N Harrison Ave,Cary,NC,Wake,27513,35.81872555,-78.77281691,-78.77281691,35.8187255500001
32836,09203,Cary Fire Department,2,601 E. Chatham Street,Cary,NC,Wake,27511,35.792262,-78.768121,-78.768121,35.7922620000001
32837,09203,Cary Fire Department,3,1807 Kildaire Farm Rd,Cary,NC,Wake,27511,35.741843,-78.779861,-78.779861,35.7418430000001
32838,09203,Cary Fire Department,4,1401 Old Apex Rd,Cary,NC,Wake,27511,35.7698913,-78.80705749,-78.80705749,35.7698913
32839,09203,Cary Fire Department,5,2101 High House Rd,Cary,NC,Wake,27513,35.78921724,-78.85177125,-78.85177125,35.78921724
32840,09203,Cary Fire Department,6,3609 Ten-Ten Rd,Cary,NC,Wake,27518,35.70265586,-78.78811417,-78.78811417,35.70265586
32841,09203,Cary Fire Department,7,6900 Carpenter Fire Station Rd,Cary,NC,Wake,27519,35.82438707,-78.87595668,-78.8759566799999,35.8243870700001
32842,09203,Cary Fire Department,8,408 Mills Park Drive,Cary,NC,Wake,27511,35.812593,-78.902564,-78.902564,35.812593
32843,09203,Cary Fire Department,9,875 SE Maynard Road,Cary,NC,Wake,27511,35.777222,-78.764708,-78.764708,35.7772220000001
32844,02305,"Casar Volunteer Fire Department, Inc.",1,5765 Casar Road,Casar,NC,Cleveland,28020,35.51176636,-81.61839848,-81.6183984799999,35.51176636
32845,05001,"Cashiers-Glenville Volunteer Fire Department, Inc.",1,579 Frank Allen Rd,Cashiers,NC,Jackson,28717,35.1124,-83.10671073,-83.10671073,35.1124
32846,05001,"Cashiers-Glenville Volunteer Fire Department, Inc.",2,19 Catfish Run,Glenville,NC,Jackson,28736,35.18791315,-83.13408886,-83.13408886,35.18791315
32847,05001,"Cashiers-Glenville Volunteer Fire Department, Inc.",3,4323 Hwy. 64 East Sapphire,Sapphire,NC,Jackson,28774,35.11851224,-83.03809808,-83.0380980799999,35.11851224
32848,05001,"Cashiers-Glenville Volunteer Fire Department, Inc.",4,3590 Yellow Mountian Road,Cullowhee,NC,Jackson,28723,35.1596978,-83.17244781,-83.1724478099999,35.1596978000001
32849,05001,"Cashiers-Glenville Volunteer Fire Department, Inc.",5,97 N. Norton Rd,Cashiers,NC,Jackson,28717,35.13056142,-83.1210165,-83.1210164999999,35.13056142
32850,05001,"Cashiers-Glenville Volunteer Fire Department, Inc.",6,1416 Flat Creek Rd.,Glenville,NC,Jackson,28736,35.1685,-83.0472,-83.0472,35.1685000000001
32851,05001,"Cashiers-Glenville Volunteer Fire Department, Inc.",7,2877 NC 107 South,Cashiers,NC,Jackson,28717,35.083128,-83.068477,-83.068477,35.083128
32852,06403,"Castalia Volunteer Fire Department, Inc.",1,11065 Lancaster Store Road,Castalia,NC,Nash,27816,36.08089567,-78.05773259,-78.0577325899999,36.0808956700001
32853,06403,"Castalia Volunteer Fire Department, Inc.",2,3868 Taylor's Gin Road,Nashville,NC,Nash,27856,36.09046936,-77.99048927,-77.99048927,36.09046936
32854,04003,"Castoria Rural Fire Association, Incorporated",1,5118 Hwy 91,Snow Hill,NC,Greene,28580,35.5356,-77.6756,-77.6756,35.5356
32855,01701,"Casville Volunteer Fire Department, Inc.",1,10886 US Hwy 158 W,Ruffin,NC,Caswell,27326,36.3892119,-79.50375314,-79.50375314,36.3892119000001
32856,01802,"Catawba Volunteer Fire Department, Inc.",1,108 N Main St ,Catawba,NC,Catawba,28609,35.7090903,-81.07544833,-81.07544833,35.7090903000001
32857,01802,"Catawba Volunteer Fire Department, Inc.",2,5715 Hudson Chapel Road,Catawba,NC,Catawba,28609,35.698621,-81.064984,-81.064984,35.6986210000001
32858,06808,Cedar Grove Fire Department ,1,5912 Pentecost Road,Cedar Grove,NC,Orange,27231,36.18277752,-79.20859119,-79.2085911899999,36.1827775200001
32859,06808,Cedar Grove Fire Department ,2,720 Hawkins Rd,Cedar Grove,NC,Orange,27231,36.204668,-79.128987,-79.1289869999999,36.204668
32860,01617,Cedar Island Community Center and Volunteer Fire Department,1,2208 Cedar Isl. Rd,Cedar Island,NC,Carteret,28520,34.9747,-76.299,-76.299,34.9747
32861,08812,"Cedar Mountain Volunteer Fire Rescue, Inc.",1,8725 Cascade Lake Road,Cedar Mountain,NC,Transylvania,28718,35.1484,-82.6465,-82.6464999999999,35.1484
32862,07306,Ceffo Volunteer Fire and Rescue Department,1,1291 Concord-Ceffo Road,Roxboro,NC,Person,27574,36.45679061,-79.04745557,-79.04745557,36.45679061
32863,07306,Ceffo Volunteer Fire and Rescue Department,2,625 Ephesus Church Rd,Semora,NC,Person,27343,36.54215239,-79.04416523,-79.04416523,36.5421523900001
32864,02101,Center Hill-Cross Roads Fire District.,1,105 Center Hill Rd,Tyner,NC,Chowan,27980,36.22619304,-76.65521149,-76.6552114899999,36.2261930400001
32865,02101,Center Hill-Cross Roads Fire District.,2,1414 Rocky Hock Landing Rd,Edenton,NC,Chowan,27932,36.18224,-76.69214,-76.6921399999999,36.18224
32866,04402,"Center Pigeon Volunteer Fire Department, Incorporated",1,2412 Pisgah Drive,Canton,NC,Haywood,28716,35.50443582,-82.855533,-82.855533,35.50443582
32867,08406,"Center Rural Volunteer Fire and Rescue Department, Inc.",1,116 South Main St. ,Norwood,NC,Stanly,28128,35.2232,-80.1187,-80.1187,35.2232000000001
32868,08406,"Center Rural Volunteer Fire and Rescue Department, Inc.",2,16161 Indian Mound Rd,Norwood,NC,Stanly,28128,35.2607,-80.1197,-80.1197,35.2607
32869,03013,"Center Volunteer Fire Department, Inc.",1,2265 US Hwy. 64 West,Mocksville,NC,Davie,27028,35.92192623,-80.63328198,-80.6332819799999,35.9219262300001
32870,00206,"Central Alexander Fire Department, Inc.",1,173 Emergency Street,Taylorsville,NC,Alexander,28681,35.9215,-81.173,-81.1729999999999,35.9215
32871,02902,"Central Fire Department of Davidson County, Inc.",1,572 Becks Church Road,Lexington,NC,Davidson,27292,35.78758242,-80.2187,-80.2187,35.78758242
32872,04901,"Central School Volunteer Fire Department, Inc.",1,4634 Wilkesboro Hwy,Statesville,NC,Iredell,28625,35.956,-80.9545,-80.9544999999999,35.9560000000001
32873,04901,"Central School Volunteer Fire Department, Inc.",2,117 Barkers Grove Rd.,Union Grove,NC,Iredell,28689,36.02263884,-81.00480385,-81.00480385,36.0226388400001
32874,08677,"Central Surry Volunteer Fire Department, Inc.",1,611 S. Main Street,Dobson,NC,Surry,27017,36.38598273,-80.7154191,-80.7154191,36.3859827300001
32875,08677,"Central Surry Volunteer Fire Department, Inc.",2,2325 White Dirt Road,Dobson,NC,Surry,27017,36.39827046,-80.78908927,-80.78908927,36.39827046
32876,02405,Cerro Gordo Volunteer Fire Department and Rescue Squad,1,75 Railroad E,Cerro Gordo,NC,Columbus,28430,34.3224,-78.9251,-78.9251,34.3224000000001
32877,09704,"Champion Volunteer Fire Department, Inc.",41,439 Champion-Mt. Pleasant Rd.,Ferguson,NC,Wilkes,28624,36.14816572,-81.32391609,-81.32391609,36.1481657200001
32878,09704,"Champion Volunteer Fire Department, Inc.",48,3044 Mt. Zion Rd.,Ferguson,NC,Wilkes,28624,36.1325,-81.396,-81.396,36.1325000000001
32879,09704,"Champion Volunteer Fire Department, Inc.",49,137 Siffords Branch Rd.,Purlear,NC,Wilkes,28665,36.17479784,-81.37824175,-81.37824175,36.1747978400001
32880,06802,Chapel Hill Fire Department,1,403 Martin Luther King Jr Blvd,Chapel Hill,NC,Orange,27514,35.91599762,-79.05725899,-79.05725899,35.91599762
32881,06802,Chapel Hill Fire Department,2,1003 S Hamilton St,Chapel Hill,NC,Orange,27517,35.90692773,-79.02347881,-79.02347881,35.9069277300001
32882,06802,Chapel Hill Fire Department,3,1615 E Franklin Street,Chapel Hill,NC,Orange,27514,35.93477424,-79.03023487,-79.03023487,35.93477424
32883,06802,Chapel Hill Fire Department,4,101 Weaver Dairy Road,Chapel Hill,NC,Orange,27514,35.96368291,-79.05911417,-79.05911417,35.96368291
32884,06802,Chapel Hill Fire Department,5,100 Bennett Road,Chapel Hill,NC,Orange,27514,35.88539996,-79.06038968,-79.06038968,35.88539996
32885,06002,Charlotte Fire Department,1,221 N Myers St,Charlotte,NC,Mecklenburg,28202,35.22285,-80.834493,-80.834493,35.2228500000001
32886,06002,Charlotte Fire Department,2,1817 South Blvd,Charlotte,NC,Mecklenburg,28203,35.210944,-80.858066,-80.858066,35.210944
32887,06002,Charlotte Fire Department,3,6512 Monroe Rd,Charlotte,NC,Mecklenburg,28212,35.179592,-80.757531,-80.757531,35.1795920000001
32888,06002,Charlotte Fire Department,4,"2325 W. Mallard Creek Church Rd,.",Charlotte,NC,Mecklenburg,28262,35.33775754,-80.76126052,-80.76126052,35.33775754
32889,06002,Charlotte Fire Department,5,525 N Church St,Charlotte,NC,Mecklenburg,28202,35.23205,-80.839118,-80.839118,35.2320500000001
32890,06002,Charlotte Fire Department,6,249 S Laurel Ave,Charlotte,NC,Mecklenburg,28207,35.202616,-80.822264,-80.822264,35.202616
32891,06002,Charlotte Fire Department,7,224 Wesley Heights Way,Charlotte,NC,Mecklenburg,28202,35.237136,-80.86133,-80.86133,35.2371360000001
32892,06002,Charlotte Fire Department,8,1201 The Plaza,Charlotte,NC,Mecklenburg,28205,35.218706,-80.811234,-80.811234,35.2187060000001
32893,06002,Charlotte Fire Department,9,4529 Mckee Rd,Charlotte,NC,Mecklenburg,28270,35.064645,-80.760987,-80.7609869999999,35.064645
32894,06002,Charlotte Fire Department,10,2810 Wilkinson Blvd,Charlotte,NC,Mecklenburg,28208,35.224683,-80.887573,-80.887573,35.224683
32895,06002,Charlotte Fire Department,11,3210 N Davidson St,Charlotte,NC,Mecklenburg,28205,35.247103,-80.805131,-80.805131,35.247103
32896,06002,Charlotte Fire Department,12,420 Inwood Dr,Charlotte,NC,Mecklenburg,28209,35.173546,-80.875099,-80.875099,35.173546
32897,06002,Charlotte Fire Department,13,4337 Glenwood Dr,Charlotte,NC,Mecklenburg,28208,35.257657,-80.89202,-80.8920199999999,35.2576570000001
32898,06002,Charlotte Fire Department,14,114 N Sharon Amity Rd,Charlotte,NC,Mecklenburg,28211,35.175898,-80.797385,-80.797385,35.1758980000001
32899,06002,Charlotte Fire Department,15,3617 Frontenac Ave,Charlotte,NC,Mecklenburg,28215,35.237517,-80.775222,-80.775222,35.237517
32900,06002,Charlotte Fire Department,16,6623 Park South Dr,Charlotte,NC,Mecklenburg,28210,35.140027,-80.847579,-80.8475789999999,35.140027
32901,06002,Charlotte Fire Department,17,5308 Morris Field Dr,Charlotte,NC,Mecklenburg,28208,35.213401,-80.932548,-80.9325479999999,35.213401
32902,06002,Charlotte Fire Department,18,2337 Keller Ave,Charlotte,NC,Mecklenburg,28216,35.265226,-80.856159,-80.8561589999999,35.265226
32903,06002,Charlotte Fire Department,19,1016 Sardis Ln,Charlotte,NC,Mecklenburg,28270,35.138291,-80.782322,-80.782322,35.138291
32904,06002,Charlotte Fire Department,20,9400 Nations Ford Rd,Charlotte,NC,Mecklenburg,28273,35.129496,-80.89279,-80.8927899999999,35.1294960000001
32905,06002,Charlotte Fire Department,21,1023 Little Rock Rd,Charlotte,NC,Mecklenburg,28214,35.264954,-80.940207,-80.940207,35.264954
32906,06002,Charlotte Fire Department,22,1917 W Sugar Creek Rd,Charlotte,NC,Mecklenburg,28262,35.289114,-80.795862,-80.7958619999999,35.289114
32907,06002,Charlotte Fire Department,23,7400 E W T Harris Blvd,Charlotte,NC,Mecklenburg,28272,35.219422,-80.723539,-80.723539,35.2194220000001
32908,06002,Charlotte Fire Department,24,7132 Pineville Matthews Rd,Charlotte,NC,Mecklenburg,28226,35.087557,-80.838993,-80.838993,35.0875570000001
32909,06002,Charlotte Fire Department,25,6741 Pleasant Grove Rd,Charlotte,NC,Mecklenburg,28216,35.308062,-80.911565,-80.9115649999999,35.3080620000001
32910,06002,Charlotte Fire Department,26,9231 S Tryon St,Charlotte,NC,Mecklenburg,28273,35.132085,-80.94018,-80.9401799999999,35.1320850000001
32911,06002,Charlotte Fire Department,27,111 Ken Hoffman Dr,Charlotte,NC,Mecklenburg,28262,35.30306,-80.750122,-80.750122,35.3030600000001
32912,06002,Charlotte Fire Department,28,8031 Old Statesville Rd,Charlotte,NC,Mecklenburg,28269,35.33194,-80.826299,-80.8262989999999,35.33194
32913,06002,Charlotte Fire Department,29,620 W 28 St,Charlotte,NC,Mecklenburg,28206,35.251694,-80.824739,-80.824739,35.251694
32914,06002,Charlotte Fire Department,30,4707 Belle Oaks Dr,Charlotte,NC,Mecklenburg,28217,35.192098,-80.935788,-80.9357879999999,35.192098
32915,06002,Charlotte Fire Department,31,3820 Ridge Rd.,Charlotte,NC,Mecklenburg,28269,35.37420256,-80.7642751,-80.7642751,35.3742025600001
32916,06002,Charlotte Fire Department,32,9225 Bryant Farm Rd,Charlotte,NC,Mecklenburg,28277,35.044825,-80.825615,-80.825615,35.0448250000001
32917,06002,Charlotte Fire Department,33,2001 Mt Holly Huntersville Rd,Charlotte,NC,Mecklenburg,28214,35.315216,-80.965093,-80.965093,35.3152160000001
32918,06002,Charlotte Fire Department,34,2824 Rocky River Rd.,Charlotte,NC,Mecklenburg,28215,35.27577007,-80.71765901,-80.71765901,35.2757700700001
32919,06002,Charlotte Fire Department,35,1120 Pavilion Blvd,Charlotte,NC,Mecklenburg,28262,35.32190371,-80.71239312,-80.7123931199999,35.3219037100001
32920,06002,Charlotte Fire Department,37,13828 S Tryon St,Charlotte,NC,Mecklenburg,28278,35.096425,-81.002462,-81.002462,35.0964250000001
32921,06002,Charlotte Fire Department,38,12100 Shopton Rd W,Charlotte,NC,Mecklenburg,28278,35.144929,-81.004132,-81.004132,35.144929
32922,06002,Charlotte Fire Department,39,8325 Providence Rd,Charlotte,NC,Mecklenburg,28277,35.094258,-80.77626,-80.77626,35.094258
32923,06002,Charlotte Fire Department,40,9720 Harrisburg Rd,Charlotte,NC,Mecklenburg,28227,35.239745,-80.665652,-80.665652,35.239745
32924,06002,Charlotte Fire Department,41,5740 - B West Blvd,Charlotte,NC,Mecklenburg,28208,35.208422,-80.958952,-80.958952,35.208422
32925,06002,Charlotte Fire Department,42,5620 Central Ave,Charlotte,NC,Mecklenburg,28205,35.205725,-80.751452,-80.751452,35.205725
32926,08702,Cherokee Fire and Rescue,1,825 Acquoni Road,Cherokee,NC,Swain,28719,35.487456,-83.313928,-83.313928,35.4874560000001
32927,08702,Cherokee Fire and Rescue,2,2305 Old Mission Road,Cherokee,NC,Swain,28719,35.465657,-83.275748,-83.275748,35.4656570000001
32928,08702,Cherokee Fire and Rescue,3,45 Old School Loop,Cherokee,NC,Swain,28719,35.553744,-83.260103,-83.260103,35.5537440000001
32929,01708,Cherry Grove Volunteer Fire and Rescue Department,1,7074 Cherry Grove Road,Reidsville,NC,Caswell,27320,36.3069,-79.4667,-79.4666999999999,36.3069
32930,00305,"Cherry Lane Fire Department and First Responders, Inc.",1,8378 US Hwy 21 S.,Glade Valley,NC,Alleghany,28627,36.43176189,-81.0121502,-81.0121502,36.4317618900001
32931,08106,"Cherry Mountain Volunteer Fire Department, Inc.",1,5841 Bostic Sunshine Highway,Bostic,NC,Rutherford,28018,35.47729706,-81.7845751,-81.7845751,35.4772970600001
32932,08106,"Cherry Mountain Volunteer Fire Department, Inc.",2,141 Toney Road,Bostic,NC,Rutherford,28018,35.44923008,-81.81013603,-81.81013603,35.4492300800001
32933,03607,Cherryville Fire Department,73,411 East Church St,Cherryville,NC,Gaston,28021,35.38394077,-81.37572553,-81.37572553,35.38394077
32934,01276,"Chesterfield Fire and Rescue Protection Association, Inc.",1,2160 Hwy. 18 N. and U.S. 64,Morganton,NC,Burke,28655,35.812822,-81.657533,-81.6575329999999,35.812822
32935,02817,Chicamacomico Banks Fire Department,1,24297 Atlantic Dr.,Rodanthe,NC,Dare,27968,35.58390804,-75.46595172,-75.46595172,35.58390804
32936,02817,Chicamacomico Banks Fire Department,2,27209 Roth Rd.,Salvo,NC,Dare,27972,35.54545893,-75.4700706,-75.4700706,35.5454589300001
32937,08108,"Chimney Rock Volunteer Fire Department, Inc.",1,109 Terrace Dr,Chimney Rock,NC,Rutherford,28720,35.4407982,-82.24806867,-82.24806867,35.4407982000001
32938,08043,China Grove Fire Department,1,333 North Main Street,China Grove,NC,Rowan,28023,35.57195708,-80.57722105,-80.5772210499999,35.5719570800001
32939,03104,"Chinquapin Volunteer Fire and Rescue Squad, Inc.",1,2800 South Hwy 41/50,Chinquapin,NC,Duplin,28521,34.83276292,-77.82067125,-77.82067125,34.8327629200001
32940,00704,"Chocowinity Fire District Volunteer Fire Department, Inc.",1,512 Hwy 33 East,Chocowinity,NC,Beaufort,27817,35.50865153,-77.09299656,-77.09299656,35.5086515300001
32941,00704,"Chocowinity Fire District Volunteer Fire Department, Inc.",2,10105 Hwy 17 South,Chocowinity,NC,Beaufort,27817,35.4242694,-77.12999271,-77.12999271,35.4242694000001
32942,09306,"Churchill-Five Forks Volunteer Fire Department, Inc.",1,1168 Church Hill Road,Macon,NC,Warren,27551,36.49424231,-78.04930612,-78.04930612,36.4942423100001
32943,09306,"Churchill-Five Forks Volunteer Fire Department, Inc.",2,549 Nocarva Road,Macon,NC,Warren,27551,36.53867585,-78.07132531,-78.07132531,36.5386758500001
32944,02903,"Churchland Rural Fire Department, Incorporated",1,9752 S Hwy 150,Linwood,NC,Davidson,27299,35.75784329,-80.40251073,-80.40251073,35.75784329
32945,02903,"Churchland Rural Fire Department, Incorporated",2,7171 S Hwy 150,Lexington,NC,Davidson,27295,35.78915205,-80.41445324,-80.4144532399999,35.78915205
32946,08503,City Of King Fire Department,1,302 W King Street,King,NC,Stokes,27021,36.28357623,-80.3622,-80.3622,36.2835762300001
32947,02707,City Of Virginia Beach FD (Blackwater Station),1,6009 Blackwater Rd,Virginia Beach,VA,Currituck,23457,36.58485876,-76.08330454,-76.08330454,36.58485876
32948,01004,"Civietown Volunteer Fire Department, Inc.",1,2227 Civietown Road,Supply,NC,Brunswick,28462,33.9677,-78.3287,-78.3287,33.9677
32949,01803,Claremont Fire Department,1,2850 Fire House Lane,Claremont,NC,Catawba,28610,35.71294392,-81.14137166,-81.1413716599999,35.71294392
32950,05701,"Clarks Chapel Fire and Rescue Department, Inc.",1,270 Fulcher Road,Franklin,NC,Macon,28734,35.1308125,-83.3616483,-83.3616483,35.1308125
32951,05701,"Clarks Chapel Fire and Rescue Department, Inc.",2,290 Middle Skeenah Road,Franklin,NC,Macon,28734,35.11462009,-83.40332871,-83.40332871,35.1146200900001
32952,07425,"Clarks Neck Fire and Rescue Department, Inc.",1,5440 Clarks Neck Rd,Washington,NC,Pitt,27889,35.5884,-77.1391,-77.1391,35.5884
32953,07425,"Clarks Neck Fire and Rescue Department, Inc.",2,3797 Wharton Station Rd,Washington,NC,Pitt,27889,35.60544798,-77.11830344,-77.11830344,35.6054479800001
32954,00902,Clarkton Fire Department,1,205 West Peach St,Clarkton,NC,Bladen,28433,34.4862966,-78.66005172,-78.66005172,34.4862966000001
32955,02201,"Clay County Fire and Rescue Squad, Inc.",1,30 May Street,Hayesville,NC,Clay,28904,35.0459,-83.8204,-83.8203999999999,35.0459000000001
32956,02201,"Clay County Fire and Rescue Squad, Inc.",2,42 Cold Branch Road,Hayesville,NC,Clay,28904,35.02946925,-83.73576245,-83.73576245,35.02946925
32957,02201,"Clay County Fire and Rescue Squad, Inc.",3,45 Rebel Lane,Hayesville,NC,Clay,28904,35.07769464,-83.88114216,-83.88114216,35.0776946400001
32958,02201,"Clay County Fire and Rescue Squad, Inc.",4,6674 Tusquittee Road,Hayesville,NC,Clay,28904,35.08817709,-83.73940233,-83.73940233,35.08817709
32959,02201,"Clay County Fire and Rescue Squad, Inc.",6,18 Eagle Fork Road,Hayesville,NC,Clay,28904,35.0236,-83.661,-83.6609999999999,35.0236
32960,02201,"Clay County Fire and Rescue Squad, Inc.",7,4787 Old Hwy 64 West,Warne,NC,Clay,28909,34.9949,-83.8946,-83.8946,34.9949
32961,02201,"Clay County Fire and Rescue Squad, Inc.",14,10560 Old Hwy. 64 West,Brasstown,NC,Clay,28902,35.0426,-83.9595,-83.9594999999999,35.0426
32962,05108,Clayton Fire Department,1,325 W Horne St,Clayton,NC,Johnston,27520,35.65373386,-78.46419697,-78.46419697,35.65373386
32963,05108,Clayton Fire Department,2,800 NC Hwy 42 E,Clayton,NC,Johnston,27520,35.64173089,-78.43145732,-78.4314573199999,35.6417308900001
32964,10016,"Clearmont Volunteer Fire Department, Inc.",1,4150 NC 197 North,Burnsville,NC,Yancey,28714,35.97092185,-82.28440688,-82.2844068799999,35.97092185
32965,10016,"Clearmont Volunteer Fire Department, Inc.",2,2645 Jacks Creek Road,Burnsville,NC,Yancey,28714,35.93974767,-82.33929848,-82.33929848,35.93974767
32966,08202,"Clement Volunteer Fire Department, Inc.",1,3384 Maxwell Road,Autryville,NC,Sampson,28318,35.104122,-78.591774,-78.591774,35.1041220000001
32967,08045,"Cleveland Community Volunteer Fire Department, Inc.",1,11170 Statesville Blvd,Cleveland,NC,Rowan,27013,35.72742466,-80.68145794,-80.68145794,35.7274246600001
32968,08045,"Cleveland Community Volunteer Fire Department, Inc.",2,3360 Third Creek Church Road,Cleveland,NC,Rowan,27013,35.75630305,-80.70843667,-80.70843667,35.75630305
32969,02306,"Cleveland County Volunteer Fire Department, Inc.",1,221 E Graham Street,Shelby,NC,Cleveland,28150,35.2896716,-81.53800729,-81.5380072899999,35.2896716000001
32970,02306,"Cleveland County Volunteer Fire Department, Inc.",2,1751 E Marion Street,Shelby,NC,Cleveland,28150,35.28031,-81.487234,-81.4872339999999,35.28031
32971,05109,"Cleveland Fire Department, Incorporated",1,9039 Cleveland Rd,Clayton,NC,Johnston,27520,35.56661309,-78.53103067,-78.53103067,35.56661309
32972,05109,"Cleveland Fire Department, Incorporated",2,13279 Cleveland RD,Garner,NC,Johnston,27529,35.60876044,-78.58003178,-78.58003178,35.60876044
32973,05109,"Cleveland Fire Department, Incorporated",3,5180 Cornwallis Rd,Garner,NC,Johnston,27529,35.613065,-78.53534,-78.53534,35.6130650000001
32974,08102,"Cliffside Area Fire Department, Inc.",1,4600 Hwy 221 A,Cliffside,NC,Rutherford,28024,35.232,-81.7697,-81.7696999999999,35.232
32975,08102,"Cliffside Area Fire Department, Inc.",2,3300 US 221-A,Cliffside,NC,Rutherford,28024,35.2597,-81.7796,-81.7796,35.2597000000001
32976,08102,"Cliffside Area Fire Department, Inc.",3,508 Hicks Grove Road,Cliffside,NC,Rutherford,28024,35.1893,-81.8483,-81.8482999999999,35.1893000000001
32977,08203,Clinton Fire Department,1,222 Wall St.,Clinton,NC,Sampson,28328,34.99598457,-78.32283603,-78.32283603,34.9959845700001
32978,08203,Clinton Fire Department,2,1000 Beaman St,Clinton,NC,Sampson,28328,35.0123,-78.32504029,-78.3250402899999,35.0123
32979,04404,"Clyde Volunteer Fire Department, Incorporated",1,8531 Carolina Blvd.,Clyde,NC,Haywood,28721,35.53238254,-82.91390233,-82.91390233,35.5323825400001
32980,04305,"Coats-Grove Fire & Rescue, Inc.",1,91 North McKinley,Coats,NC,Harnett,27521,35.4096,-78.6728,-78.6727999999999,35.4096000000001
32981,09108,"Cokesbury Volunteer Fire Department, Inc.",1,1516 South Cokesbury Rd,Henderson,NC,Vance,27537,36.33654632,-78.30209423,-78.30209423,36.33654632
32982,01302,"Cold Water Volunteer Fire Department, Inc.",1,1830 Gold Hill Road,Concord,NC,Cabarrus,28025,35.4206,-80.5468,-80.5468,35.4206
32983,00803,Colerain Fire Department,1,110 Winton Street,Colerain,NC,Bertie,27924,36.20147447,-76.76873452,-76.76873452,36.2014744700001
32984,07602,"Coleridge Volunteer Fire Department, Inc.",1,4495 NC Hwy 22 S,Ramseur,NC,Randolph,27316,35.64592206,-79.61571761,-79.61571761,35.64592206
32985,07602,"Coleridge Volunteer Fire Department, Inc.",2,7718 Erect Road,Seagrove,NC,Randolph,27341,35.55875162,-79.66018583,-79.66018583,35.5587516200001
32986,02816,"Colington Volunteer Fire Department, Inc.",1,108 Schoolhouse Rd,Kill Devil Hills,NC,Dare,27948,36.00801592,-75.70153959,-75.70153959,36.00801592
32987,01401,"Collettsville Volunteer Fire and Rescue Department, Inc.",1,5430 Adako Road,Collettsville,NC,Caldwell,28611,35.92441729,-81.6754751,-81.6754751,35.9244172900001
32988,01401,"Collettsville Volunteer Fire and Rescue Department, Inc.",2,6370 Globe Creek Place,Lenoir,NC,Caldwell,28645,36.03884264,-81.7098126,-81.7098126,36.03884264
32989,05201,"Comfort Rural Fire Department, Inc.",1,4255 Hwy 41 W,Trenton,NC,Jones,28585,35.00553303,-77.50763563,-77.50763563,35.00553303
32990,03608,"Community Volunteer Fire Department, Inc.",1,1873 Perfection Road,Belmont,NC,Gaston,28012,35.27754235,-81.05460729,-81.05460729,35.27754235
32991,04603,"Como Volunteer Fire Department, Inc.",1,1201 US Hwy 258,Como,NC,Hertford,27818,36.49973368,-77.00992338,-77.00992338,36.4997336800001
32992,01303,Concord Fire Department,1,31 Church Street N.,Concord,NC,Cabarrus,28027,35.41196065,-80.58136286,-80.58136286,35.41196065
32993,01303,Concord Fire Department,2,42 Palaside Dr.,Concord,NC,Cabarrus,28027,35.42930821,-80.5964337,-80.5964337,35.42930821
32994,01303,Concord Fire Department,3,100 Warren C. Coleman Blvd.,Concord,NC,Cabarrus,28027,35.39839068,-80.60680263,-80.6068026299999,35.39839068
32995,01303,Concord Fire Department,4,1165 Warren C. Coleman Blvd. N.,Concord,NC,Cabarrus,28027,35.37936441,-80.55349808,-80.5534980799999,35.3793644100001
32996,01303,Concord Fire Department,5,170 Pitts School Rd.,Concord,NC,Cabarrus,28027,35.37556561,-80.67306781,-80.67306781,35.37556561
32997,01303,Concord Fire Department,6,9101-B Aviation Blvd.,Concord,NC,Cabarrus,28027,35.3864,-80.7133,-80.7132999999999,35.3864
32998,01303,Concord Fire Department,7,250 International Dr.,Concord,NC,Cabarrus,28025,35.4185,-80.6536,-80.6536,35.4185000000001
32999,01303,Concord Fire Department,8,1485 Old Charlotte Rd.,Concord,NC,Cabarrus,28027,35.36189377,-80.5954498,-80.5954498,35.3618937700001
33000,01303,Concord Fire Department,9,1020 Ivey Cline Rd.,Concord,NC,Cabarrus,28027,35.40221369,-80.70189312,-80.70189312,35.4022136900001
33001,01303,Concord Fire Department,10,9880 Poplar Tent Road,Concord,NC,Cabarrus,28027,35.4176,-80.7428,-80.7428,35.4176
33002,01303,Concord Fire Department,11,8695 Weddington Road,Concord,NC,Cabarrus,28027,35.37315812,-80.70308208,-80.7030820799999,35.37315812
33003,01303,Concord Fire Department,12,33600 Roberta Road,Concord,NC,Cabarrus,28027,35.366034,-80.631585,-80.631585,35.3660340000001
33004,03301,Conetoe Volunteer Fire/EMS Company,1,115 South Canal Street,Conetoe,NC,Edgecombe,27819,35.816975,-77.450916,-77.4509159999999,35.8169750000001
33005,08809,"Connestee Fire Rescue, Incorporated",1,400 East Fork Rd,Brevard,NC,Transylvania,28712,35.1492,-82.7085,-82.7085,35.1492000000001
33006,08809,"Connestee Fire Rescue, Incorporated",2,2047 Walnut Hollow Rd,Brevard,NC,Transylvania,28712,35.15353158,-82.77104291,-82.7710429099999,35.15353158
33007,01804,Conover Fire Department,1,1225 Conover Blvd E,Conover,NC,Catawba,28613,35.70332652,-81.20101498,-81.20101498,35.7033265200001
33008,01804,Conover Fire Department,2,1011 1st Street W,Conover,NC,Catawba,28613,35.71766063,-81.23381114,-81.2338111399999,35.7176606300001
33009,01804,Conover Fire Department,3,1776 Village Square NW,Conover,NC,Catawba,28613,35.74928259,-81.19836093,-81.19836093,35.7492825900001
33010,09811,"Contentnea Volunteer Fire Department, Inc.",1,4146 Hwy 42 W,Wilson,NC,Wilson,27893,35.72078241,-77.98813755,-77.98813755,35.72078241
33011,06601,"Conway Volunteer Fire Department, Inc.",1,113 White Street,Conway,NC,Northampton,27820,36.43548347,-77.22973026,-77.2297302599999,36.4354834700001
33012,06003,"Cooks Community Volunteer Fire Department, Inc.",1,3122 Mt. Holley - Huntersville Road,Charlotte,NC,Mecklenburg,28216,35.32191313,-80.95086933,-80.95086933,35.32191313
33013,01805,Cooksville Volunteer Fire Department No. 8,1, 6942 Old Shelby Road,Vale,NC,Catawba,28168,35.58886175,-81.47687125,-81.47687125,35.58886175
33014,04902,"Cool Springs Volunteer Fire Department, Inc.",1,672 Mocksville Highway,Statesville,NC,Iredell,28625,35.806729,-80.802379,-80.802379,35.8067290000001
33015,04902,"Cool Springs Volunteer Fire Department, Inc.",2,144 Fifth Creek Rd,Statesville,NC,Iredell,28625,35.83178698,-80.74985708,-80.74985708,35.8317869800001
33016,03014,"Cooleemee Volunteer Fire Department, Inc.",1,174 Marginal Street,Cooleemee,NC,Davie,27014,35.8154,-80.5539,-80.5538999999999,35.8154000000001
33017,06404,"Coopers Volunteer Fire Department and Rescue Squad, Inc.",1,3628 Volunteer Road,Elm City,NC,Nash,27822,35.88056948,-77.95028047,-77.9502804699999,35.8805694800001
33018,06404,"Coopers Volunteer Fire Department and Rescue Squad, Inc.",2,7943 Old Bailey Highway,Elm City,NC,Nash,27822,35.86930217,-78.00553294,-78.00553294,35.86930217
33019,07701,Cordova Fire and Rescue Inc.,1,108 7th Street,Cordova,NC,Richmond,28330,34.9134176,-79.82139656,-79.82139656,34.9134176000001
33020,03904,Corinth Volunteer Fire Department,1,3660 Hwy 96,Oxford,NC,Granville,27565,36.21641884,-78.58169517,-78.58169517,36.2164188400001
33021,05110,"Corinth-Holder Volunteer Fire Department, Inc.",1,5734 Lake Wendell Rd,Zebulon,NC,Johnston,27597,35.73255599,-78.30102592,-78.30102592,35.73255599
33022,05110,"Corinth-Holder Volunteer Fire Department, Inc.",2,11432 NC Hwy 39 N ,Zebulon,NC,Johnston,27597,35.74276517,-78.25688198,-78.2568819799999,35.74276517
33023,03019,"Cornatzer-Dulin Volunteer Fire Department, Inc.",1,1522 Cornatzer Road,Mocksville,NC,Davie,27028,35.92637403,-80.47668198,-80.47668198,35.92637403
33024,06004,"Cornelius-Lemley Volunteer Fire Department, Inc.",1,19729 S Main Street,Cornelius,NC,Mecklenburg,28031,35.47820997,-80.85650845,-80.85650845,35.4782099700001
33025,06004,"Cornelius-Lemley Volunteer Fire Department, Inc.",2,19230 Charlestowne Lane,Cornelius,NC,Mecklenburg,28031,35.47812526,-80.89595324,-80.89595324,35.4781252600001
33026,03916,Cornwall Volunteer Fire Department,1,8114 Cornwall Rd,Oxford,NC,Granville,27565,36.45503883,-78.66187318,-78.66187318,36.45503883
33027,02704,"Corolla Fire and Rescue Squad, Inc. ",1,827 Whalehead Dr.,Corolla,NC,Currituck,27927,36.33175186,-75.81347125,-75.81347125,36.3317518600001
33028,02704,"Corolla Fire and Rescue Squad, Inc. ",2,470 Ocean Trail,Corolla,NC,Currituck,27927,36.27651081,-75.79615825,-75.79615825,36.27651081
33029,02603,"Cotton Volunteer Fire Department, Inc.",1,4618 Calico St.,Hope Mills,NC,Cumberland,28348,34.96122913,-78.92460536,-78.92460536,34.96122913
33030,03018,"County Line Volunteer Fire Department, Inc.",1,1819 Ridge Road,Mocksville,NC,Davie,27028,35.88156092,-80.70070688,-80.70070688,35.88156092
33031,09919,"Courtney Volunteer Fire Department, Inc.",1,2604 Courtney-Huntsville Road,Yadkinville,NC,Yadkin,27055,36.0652981,-80.60110805,-80.6011080499999,36.0652981000001
33032,02503,"Cove City Fire Department, Inc",1,425 South Main St,Cove City,NC,Craven,28523,35.1817,-77.3189,-77.3189,35.1817
33033,09504,"Cove Creek Volunteer Fire Department, Inc.",1,193 Smith Street,Vilas,NC,Watauga,28692,36.2568,-81.7788,-81.7788,36.2568000000001
33034,05705,"Cowee Volunteer Fire/Rescue, Inc",1,1309 Ruby Mine Road,Franklin,NC,Macon,28734,35.2706,-83.3695,-83.3695,35.2706000000001
33035,05705,"Cowee Volunteer Fire/Rescue, Inc",2,226 Oak Grove Church Road,Franklin,NC,Macon,28734,35.2801781,-83.44402419,-83.4440241899999,35.2801781000001
33036,05705,"Cowee Volunteer Fire/Rescue, Inc",3,208 Mason Branch Rd,Franklin,NC,Macon,28734,35.24540115,-83.39112094,-83.39112094,35.2454011500001
33037,05705,"Cowee Volunteer Fire/Rescue, Inc",4,30 Daves Creek Road,Franklin,NC,Macon,28734,35.2375,-83.4774,-83.4774,35.2375000000001
33038,05705,"Cowee Volunteer Fire/Rescue, Inc",5,2016 Iotla Church Road,Franklin,NC,Macon,28734,35.22373,-83.4257,-83.4256999999999,35.22373
33039,04405,"Crabtree-Ironduff Volunteer Fire Department, Inc.",1,99 Susie Nolan Road,Clyde,NC,Haywood,28721,35.5964,-82.9364,-82.9363999999999,35.5964000000001
33040,06323,"Crains Creek Volunteer Fire Department, Inc.",1,4525 Lobelia Rd,Vass,NC,Moore,28354,35.20062302,-79.16498927,-79.16498927,35.2006230200001
33041,03617,Cramerton Fire Department,1,141 Eighth Avenue,Cramerton,NC,Gaston,28032,35.236947,-81.071854,-81.071854,35.236947
33042,02702,"Crawford Township V. F. D., Inc.",1,121 Shawboro Rd,Moyock,NC,Currituck,27958,36.450926,-76.07619003,-76.07619003,36.450926
33043,02702,"Crawford Township V. F. D., Inc.",2,2950-A Caratoke Hwy,Currituck,NC,Currituck,27929,36.44566191,-76.01468816,-76.0146881599999,36.4456619100001
33044,02702,"Crawford Township V. F. D., Inc.",3,613 Shortcut Rd,Maple,NC,Currituck,27956,36.38911876,-76.0186,-76.0185999999999,36.38911876
33045,03905,Creedmoor Volunteer Fire Department,1,101 South Elm Street,Creedmoor,NC,Granville,27522,36.11815483,-78.68857469,-78.6885746899999,36.11815483
33046,00501,"Creston Volunteer Fire Department, Inc.",1,157 Worth Chapel Road,Creston,NC,Ashe,28615,36.42975757,-81.62008006,-81.62008006,36.42975757
33047,00501,"Creston Volunteer Fire Department, Inc.",2,481 Sutherlands Road,Creston,NC,Ashe,28615,36.3899,-81.6876,-81.6876,36.3899000000001
33048,09705,"Cricket Volunteer Fire Department, Inc.",1,2011 Boone Trail Rd.,North Wilkesboro,NC,Wilkes,28659,36.16890393,-81.19312064,-81.19312064,36.1689039300001
33049,00602,"Crossnore Volunteer Fire Department, Incorporated",1,125 East Crossnore Dr,Crossnore,NC,Avery,28616,36.02224837,-81.9301592,-81.9301591999999,36.0222483700001
33050,00602,"Crossnore Volunteer Fire Department, Incorporated",2,1940 Linville Falls Highway,Newland,NC,Avery,28657,36.04173277,-81.88706321,-81.88706321,36.0417327700001
33051,09815,"Crossroads Volunteer Fire Department, Inc.",1,102 Grove St.,Lucama,NC,Wilson,27851,35.64528724,-78.00897655,-78.0089765499999,35.6452872400001
33052,05502,"Crouse Volunteer Fire Department, Inc.",1,2764 W. Old NC 150 Hwy.,Crouse,NC,Lincoln,28033,35.4207235,-81.30529615,-81.3052961499999,35.4207235000001
33053,03629,"Crowders Mountain Volunteer Fire & Rescue, Inc.",1,480 Bethany Road,Gastonia,NC,Gaston,28052,35.18928413,-81.25453219,-81.25453219,35.18928413
33054,03629,"Crowders Mountain Volunteer Fire & Rescue, Inc.",2,215 E Virgina Ave,Bessemer City,NC,Gaston,28016,35.28431166,-81.2799337,-81.2799337,35.2843116600001
33055,03629,"Crowders Mountain Volunteer Fire & Rescue, Inc.",3,280 Olney Rd. ,Gastonia,NC,Gaston,28052,35.21415,-81.19754,-81.1975399999999,35.2141500000001
33056,04412,Cruso Volunteer Fire Department,1,13264 Cruso Road,Canton,NC,Haywood,28716,35.41829126,-82.81196437,-82.8119643699999,35.41829126
33057,04412,Cruso Volunteer Fire Department,2,770 Old Michael Road,Canton,NC,Haywood,28716,35.45806,-82.8403,-82.8403,35.45806
33058,02011,"Culberson Volunteer Fire Department, Inc.",1,10877 US Hwy 64,Culberson,NC,Cherokee,28903,35.0163,-84.1849,-84.1849,35.0163000000001
33059,05706,"Cullasaja Gorge Fire and Rescue, Inc.",1,104 River Road,Franklin,NC,Macon,28734,35.1628,-83.3156,-83.3156,35.1628000000001
33060,05706,"Cullasaja Gorge Fire and Rescue, Inc.",2,4889 Elijay Road,Franklin,NC,Macon,28734,35.20215,-83.26777,-83.26777,35.2021500000001
33061,05003,"Cullowhee Volunteer Fire Department, Inc.",1,4277 Little Savannah Road,Cullowhee,NC,Jackson,28723,35.30544378,-83.19811265,-83.19811265,35.3054437800001
33062,05003,"Cullowhee Volunteer Fire Department, Inc.",2,10587 NC Hwy 107 S,Tuckasegee,NC,Jackson,28783,35.26372264,-83.12487166,-83.1248716599999,35.26372264
33063,05003,"Cullowhee Volunteer Fire Department, Inc.",3,4201 Caney Fork Road,Cullowhee,NC,Jackson,28723,35.295,-83.09865172,-83.09865172,35.2950000000001
33064,05003,"Cullowhee Volunteer Fire Department, Inc.",4,275 Driving Range Road,Tuckasegee,NC,Jackson,28783,35.21900226,-83.0611598,-83.0611598,35.21900226
33065,02604,"Cumberland Road Volunteer Fire Department, Inc.",1,3543 Cumberland Rd.,Fayetteville,NC,Cumberland,28306,35.013871,-78.934927,-78.934927,35.0138710000001
33066,02708,Currituck County Fire and EMS,1,327 Knotts Island Rd,Knotts Island,NC,Currituck,27950,36.53550776,-75.92665598,-75.92665598,36.53550776
33067,06321,Cypress Pointe Fire and Rescue,1,131 Alma St,Vass,NC,Moore,28394,35.25501965,-79.28083907,-79.28083907,35.2550196500001
33068,06321,Cypress Pointe Fire and Rescue,2,170 Red Hill Rd,Cameron,NC,Moore,28326,35.32698382,-79.2715,-79.2714999999999,35.3269838200001
33069,06321,Cypress Pointe Fire and Rescue,3,205 Murdock C Rd,Cameron,NC,Moore,28326,35.24919191,-79.19760966,-79.19760966,35.24919191
33070,06321,Cypress Pointe Fire and Rescue,4,295 Youngs Road,Vass,NC,Moore,28394,35.20902,-79.325399,-79.3253989999999,35.2090200000001
33071,03610,Dallas Volunteer Fire Department,1,209 W Main Street,Dallas,NC,Gaston,28034,35.31510506,-81.17821802,-81.17821802,35.3151050600001
33072,04503,"Dana Volunteer Fire and Rescue Department, Inc.",1,2001 Dana Road,Hendersonville,NC,Henderson,28792,35.3294,-82.3761,-82.3761,35.3294000000001
33073,08501,"Danbury Volunteer Fire Department and Rescue Squad, Inc.",1,102 Old Church Rd,Danbury,NC,Stokes,27016,36.40940502,-80.20258006,-80.2025800599999,36.4094050200001
33074,04201,Darlington Fire Department,1,2611 Hedgepeth Rd,Halifax,NC,Halifax,27839,36.31944696,-77.71771953,-77.71771953,36.3194469600001
33075,06005,Davidson Fire Department,1,216 South Main Street,Davidson,NC,Mecklenburg,28036,35.49825061,-80.85,-80.85,35.4982506100001
33076,06005,Davidson Fire Department,2,19436 Davidson-Concord Rd.,Davidson,NC,Mecklenburg,28036,35.474223,-80.817276,-80.8172759999999,35.4742230000001
33077,04202,"Davie Volunteer Fire Department, Inc.",1,3155 US Hwy 158 ,Roanoke Rapids,NC,Halifax,27870,36.44908953,-77.7250474,-77.7250473999999,36.44908953
33078,04202,"Davie Volunteer Fire Department, Inc.",2,6092 Thelma Road ,Roanoke Rapids,NC,Halifax,27870,36.47101216,-77.79429808,-77.79429808,36.47101216
33079,07804,Deep Branch Fire/Rescue Inc.,1,3129 Deep Branch Rd,Lumberton,NC,Robeson,28360,34.62614492,-79.13089724,-79.13089724,34.6261449200001
33080,09505,"Deep Gap Volunteer Fire Department, Inc.",1,6583 Old US 421 Hwy South,Deep Gap,NC,Watauga,28618,36.24252114,-81.53715213,-81.53715213,36.2425211400001
33081,05302,"Deep River Rural Fire Department, Inc.",1,5107 Deep River Rd.,Sanford,NC,Lee,27330,35.60497517,-79.13350041,-79.13350041,35.60497517
33082,05302,"Deep River Rural Fire Department, Inc.",2,3316 Lower Moncure Rd,Sanford,NC,Lee,27330,35.53868294,-79.09897125,-79.09897125,35.5386829400001
33083,05422,"Deep Run Volunteer Fire Department, Inc.",1,3582 Old Hwy 11 South,Deep Run,NC,Lenoir,28525,35.1392,-77.7061,-77.7060999999999,35.1392000000001
33084,02904,Denton Fire Department,1,101 W Newsome Street,Denton,NC,Davidson,27239,35.63209508,-80.1149663,-80.1149662999999,35.6320950800001
33085,05503,"Denver Volunteer Fire Department, Inc.",1,3956 NC HWY 16 N.  ,Denver,NC,Lincoln,28037,35.5345,-81.0356,-81.0356,35.5345
33086,05503,"Denver Volunteer Fire Department, Inc.",2,6625 Kidville Road,Denver,NC,Lincoln,28037,35.5032,-81.0507,-81.0506999999999,35.5032
33087,05503,"Denver Volunteer Fire Department, Inc.",3,7748 Tree Farm Lane,Denver,NC,Lincoln,28037,35.5224,-80.9884,-80.9884,35.5224000000001
33088,07709,"Derby Volunteer Fire Department, Inc.",1,2179 Derby Rd,Ellerbe,NC,Richmond,28338,35.14351687,-79.63394082,-79.63394082,35.14351687
33089,08667,Dobson Fire Department,1,212 N. Crutchfield,Dobson,NC,Surry,27017,36.39696909,-80.72420688,-80.7242068799999,36.39696909
33090,08511,"Double Creek Volunteer Fire Department, Inc.",1,2863 Hwy 268 E,Pinnacle,NC,Stokes,27043,36.41218705,-80.39396741,-80.39396741,36.4121870500001
33091,10018,"Double Island Volunteer Fire Department, Inc.",1,5360 Double Island Road,Green Mountain,NC,Yancey,28740,35.95755645,-82.20589808,-82.2058980799999,35.95755645
33092,10018,"Double Island Volunteer Fire Department, Inc.",2,8609 Double Island Road,Green Mountain,NC,Yancey,28740,35.98318641,-82.2125131,-82.2125131,35.98318641
33093,01615,Down East Fire Department Inc,1,967 Sea Shore Dr,Atlantic,NC,Carteret,28511,34.88150759,-76.34021417,-76.34021417,34.8815075900001
33094,01615,Down East Fire Department Inc,2,647 Highway 70,Sea Level,NC,Carteret,28577,34.87711516,-76.39032834,-76.3903283399999,34.8771151600001
33095,01615,Down East Fire Department Inc,3,595 Hwy 70,Davis,NC,Carteret,28524,34.7994,-76.4625,-76.4625,34.7994
33096,07910,"Draper Volunteer Fire Department, Inc.",1,213 Main Street,Eden,NC,Rockingham,27288,36.5184,-79.6959,-79.6958999999999,36.5184
33097,07910,"Draper Volunteer Fire Department, Inc.",2,554 Morgan Rd,Eden,NC,Rockingham,27288,36.51633623,-79.76022063,-79.7602206299999,36.51633623
33098,09303,"Drewry Volunteer Fire Department, Inc.",1,125 Firefighter Drive,Manson,NC,Warren,27553,36.46040786,-78.30695516,-78.30695516,36.46040786
33099,09303,"Drewry Volunteer Fire Department, Inc.",2,7054 Drewry Virginia Line Road,Manson,NC,Warren,27553,36.52618191,-78.2904088,-78.2904088,36.52618191
33100,01266,Drexel Fire Department,1,202 Church Street,Drexel,NC,Burke,28619,35.75713413,-81.60643889,-81.6064388899999,35.7571341300001
33101,01278,"Drowning Creek Volunteer Fire Department, Inc.",1,1630 Airport Rhodhiss Road,Hickory,NC,Burke,28601,35.760803,-81.427675,-81.427675,35.7608030000001
33102,00903,Dublin Fire Department,1,324 3rd St,Dublin,NC,Bladen,28332,34.65527352,-78.7298751,-78.7298751,34.65527352
33103,02814,"Duck Volunteer Fire Department, Inc.",1,1259 Duck Rd.,Duck,NC,Dare,27949,36.1828532,-75.75645668,-75.75645668,36.1828532000001
33104,09604,Dudley Volunteer Fire Department,1,4533 Hwy 117 A,Dudley,NC,Wayne,28333,35.2655,-78.0423,-78.0423,35.2655
33105,04306,"Dunn Emergency Services, Inc.",1,101 W. Cumberland St.,Dunn,NC,Harnett,28334,35.30726455,-78.61177166,-78.61177166,35.3072645500001
33106,04306,"Dunn Emergency Services, Inc.",2,110 E Harnett St.,Dunn,NC,Harnett,28334,35.30937183,-78.60827972,-78.60827972,35.30937183
33107,07206,Durants Neck Volunteer Fire Department,2,3100 New Hope Rd,Hertford,NC,Perquimans,27944,36.133458,-76.245871,-76.245871,36.1334580000001
33108,03203,Durham Fire Department,1,139 E. Morgan Street,Durham,NC,Durham,27701,35.9965,-78.8977,-78.8977,35.9965
33109,03203,Durham Fire Department,2,1001 9th Street,Durham,NC,Durham,27705,36.0142,-78.9221,-78.9220999999999,36.0142000000001
33110,03203,Durham Fire Department,3,822 N. Miami Boulveard,Durham,NC,Durham,27703,35.99089132,-78.86715749,-78.86715749,35.9908913200001
33111,03203,Durham Fire Department,4,1818 Riddle Road,Durham,NC,Durham,27707,35.95575261,-78.88972875,-78.88972875,35.95575261
33112,03203,Durham Fire Department,5,2212 Chapel Hill Road,Durham,NC,Durham,27707,35.98349984,-78.93083755,-78.93083755,35.98349984
33113,03203,Durham Fire Department,6,3700 Swarthmore Road,Durham,NC,Durham,27707,35.93354334,-78.95112029,-78.9511202899999,35.93354334
33114,03203,Durham Fire Department,7,3919 N. Duke Road,Durham,NC,Durham,27704,36.05443686,-78.90438239,-78.90438239,36.0544368600001
33115,03203,Durham Fire Department,8,225 Lick Creek Lane,Durham,NC,Durham,27703,35.97851799,-78.80834251,-78.80834251,35.9785179900001
33116,03203,Durham Fire Department,9,1648 Midland Terrace,Durham,NC,Durham,27704,36.018,-78.868,-78.8679999999999,36.018
33117,03203,Durham Fire Department,10,1805 Cole Mill Road,Durham,NC,Durham,27705,36.04190915,-78.96152531,-78.96152531,36.04190915
33118,03203,Durham Fire Department,11,2800 Cornwallis Road,Durham,NC,Durham,27705,35.99021668,-78.96835172,-78.96835172,35.9902166800001
33119,03203,Durham Fire Department,12,1230  Carpenter Fletcher Road,Durham,NC,Durham,27713,35.91517423,-78.89747813,-78.89747813,35.91517423
33120,03203,Durham Fire Department,13,2901 S. Miami Boulevard,Durham,NC,Durham,27713,35.92786968,-78.84428886,-78.8442888599999,35.9278696800001
33121,03203,Durham Fire Department,14,1327 Umstead Road,Durham,NC,Durham,27712,36.08268569,-78.94008198,-78.9400819799999,36.0826856900001
33122,03203,Durham Fire Department,15,2060 Torredge Road,Durham,NC,Durham,27712,36.09694921,-78.86196245,-78.86196245,36.09694921
33123,03203,Durham Fire Department,16,6303 Farrington Road,Chapel Hill,NC,Durham,27514,35.90574773,-78.98271376,-78.98271376,35.90574773
33124,03203,Durham Fire Department,17,5503 Leesville Road,Durham,NC,Durham,27703,35.94113,-78.796378,-78.7963779999999,35.94113
33125,03203,Durham Fire Department,18,1409 Seaton Road,Durham,NC,Durham,27703,35.89528906,-78.91190844,-78.9119084399999,35.89528906
33126,03203,Durham Fire Department,19,4716 Old Page Road,Durham,NC,Durham,27703,35.88381412,-78.84657859,-78.84657859,35.8838141200001
33127,09204,"Durham Highway Fire Protection Asso., Inc.",1,11905 Norwood Rd,Raleigh,NC,Wake,27613,35.93016525,-78.72084251,-78.72084251,35.9301652500001
33128,09204,"Durham Highway Fire Protection Asso., Inc.",2,8312 Pinecrest Rd,Raleigh,NC,Wake,27613,35.8969,-78.72667545,-78.72667545,35.8969000000001
33129,05602,"Dysartsville Volunteer Fire Department, Inc.",1,9184 NC Hwy 226 South,Nebo,NC,McDowell,28761,35.631,-81.8866,-81.8866,35.631
33130,05602,"Dysartsville Volunteer Fire Department, Inc.",2,72 Clubhouse Road,Nebo,NC,McDowell,28761,35.5996,-81.87175,-81.87175,35.5996000000001
33131,00103,E. M. Holt Community Volunteer Fire Department,1,2172 Belmont Alamance Road,Burlington,NC,Alamance,27215,36.02116137,-79.46126589,-79.4612658899999,36.0211613700001
33132,00103,E. M. Holt Community Volunteer Fire Department,2,4853 Friendship-Rock Creek Road,Burlington,NC,Alamance,27215,35.97662485,-79.48344432,-79.48344432,35.9766248500001
33133,06362,"Eagle Springs Volunteer Fire Department, Inc.",1,1932 NC Hwy 211,Eagle Springs,NC,Moore,27242,35.29260367,-79.65390729,-79.6539072899999,35.2926036700001
33134,09914,"East Bend Volunteer Fire Department, Inc.",1,200 School Street,East Bend,NC,Yadkin,27018,36.21466629,-80.5085,-80.5085,36.21466629
33135,09914,"East Bend Volunteer Fire Department, Inc.",2,3246 Apperson Road,East Bend,NC,Yadkin,27018,36.2193,-80.4505,-80.4505,36.2193
33136,03611,"East Gaston Volunteer Fire Department, Inc.",1,PO Box 288,Mount Holly,NC,Gaston,28120,35.31342491,-81.04257166,-81.04257166,35.31342491
33137,08046,"East Gold Hill Volunteer Fire Department, Inc.",1,820 Old US 80 Hwy,Gold Hill,NC,Rowan,28071,35.52138564,-80.34065364,-80.34065364,35.5213856400001
33138,07805,"East Howellsville Volunteer Fire Department, Inc.",1,1000 Pridgen Rd,Lumberton,NC,Robeson,28358,34.6599,-78.9001,-78.9001,34.6599000000001
33139,05504,"East Lincoln Fire Department, Inc.",1,406 S. Pilot Knob Rd.,Stanley,NC,Lincoln,28164,35.4402,-80.9991,-80.9990999999999,35.4402000000001
33140,05504,"East Lincoln Fire Department, Inc.",2,7803 Commerce Dr.,Denver,NC,Lincoln,28037,35.48460827,-80.99908735,-80.99908735,35.48460827
33141,05504,"East Lincoln Fire Department, Inc.",3,5873 NC 73 Hwy,Iron Station,NC,Lincoln,28080,35.4556,-81.0437,-81.0436999999999,35.4556000000001
33142,09802,"East Nash Volunteer Fire Department, Inc.",1,4117 US 264 Highway Alternate East,Wilson,NC,Wilson,27893,35.697071,-77.846184,-77.8461839999999,35.6970710000001
33143,09802,"East Nash Volunteer Fire Department, Inc.",2,3343 US 301 Highway North,Wilson,NC,Wilson,27893,35.737981,-77.877589,-77.8775889999999,35.737981
33144,07704,"East Rockingham Fire Department, Inc.",1,487 Airport Road,Rockingham,NC,Richmond,28379,34.90599036,-79.76316589,-79.76316589,34.90599036
33145,07704,"East Rockingham Fire Department, Inc.",2,216 Homeplace Road,Rockingham,NC,Richmond,28379,34.855121,-79.776412,-79.7764119999999,34.8551210000001
33146,08407,"East Side Volunteer Fire Department, Incorporated",1,805 Laton Rd,Albemarle,NC,Stanly,28001,35.36336125,-80.15375364,-80.1537536399999,35.36336125
33147,08407,"East Side Volunteer Fire Department, Incorporated",2,44604 NC 24-27 73 HWY,Albemarle,NC,Stanly,28001,35.32402055,-80.12863947,-80.1286394699999,35.3240205500001
33148,07603,"East Side Volunteer Fire Protection Association, Inc.",1,614 Daniel Road,Asheboro,NC,Randolph,27205,35.69307611,-79.77319081,-79.77319081,35.69307611
33149,07603,"East Side Volunteer Fire Protection Association, Inc.",2,3033 Old Hwy 13,Asheboro,NC,Randolph,27205,35.64510824,-79.71242798,-79.71242798,35.6451082400001
33150,07603,"East Side Volunteer Fire Protection Association, Inc.",3,2444 Buffalo Ford Road,Asheboro,NC,Randolph,27205,35.68158431,-79.73900805,-79.7390080499999,35.6815843100001
33151,08047,East Spencer Fire Department,1,201 S. LONG ST,East Spencer,NC,Rowan,28039,35.6835915,-80.4351495,-80.4351495,35.6835915
33152,07434,"Eastern Pines Fire-Rescue, Inc.",1,5473 Eastern Pines Rd.,Greenville,NC,Pitt,27858,35.55420218,-77.2992793,-77.2992793,35.5542021800001
33153,02605,"Eastover Volunteer Fire Department, Inc.",1,3405 Dunn Rd,Eastover,NC,Cumberland,28312,35.09066951,-78.78884898,-78.78884898,35.0906695100001
33154,06352,"Eastwood Volunteer Fire Department, Inc.",1,980 Hwy 73,West End,NC,Moore,27376,35.25044019,-79.47076093,-79.47076093,35.2504401900001
33155,05807,"Ebbs Chapel Volunteer Fire Department, Inc.",1,680 Puncheon Fork Road,Mars Hill,NC,Madison,28754,35.91735671,-82.54527895,-82.54527895,35.91735671
33156,05807,"Ebbs Chapel Volunteer Fire Department, Inc.",2,11101 Big Laurel Road,Mars Hill,NC,Madison,28754,35.91706434,-82.61382076,-82.61382076,35.91706434
33157,04915,"Ebenezer Volunteer Fire Department, Inc.",1,1002 Turnerburg Hwy,Statesville,NC,Iredell,28625,35.85307391,-80.85288583,-80.8528858299999,35.85307391
33158,09316,Ebony Volunteer Fire Deparment,1,497 Robinson Ferry Road,Ebony,NC,Warren,23845,36.58208,-77.99094,-77.99094,36.5820800000001
33159,07902,Eden Fire Department,1,623 Henry St,Eden,NC,Rockingham,27288,36.49034043,-79.76536974,-79.76536974,36.4903404300001
33160,07902,Eden Fire Department,2,1431 Fieldcrest Rd,Eden,NC,Rockingham,27288,36.518,-79.6954,-79.6953999999999,36.518
33161,07902,Eden Fire Department,3,554 Morgan Rd,Eden,NC,Rockingham,27288,36.51625557,-79.76022704,-79.76022704,36.5162555700001
33162,07902,Eden Fire Department,4,135 E Stadium Dr,Eden,NC,Rockingham,27288,36.50207064,-79.74034251,-79.7403425099999,36.5020706400001
33163,02102,Edenton Fire Department,1,704 N Broad St.,Edenton,NC,Chowan,27932,36.06795311,-76.60523866,-76.6052386599999,36.0679531100001
33164,04504,"Edneyville Volunteer Fire and Rescue Department, Inc.",1,1 Firehouse Drive,Hendersonville,NC,Henderson,28792,35.38905408,-82.34584251,-82.34584251,35.3890540800001
33165,04504,"Edneyville Volunteer Fire and Rescue Department, Inc.",2,3101 Fruitland Road,Hendersonville,NC,Henderson,28792,35.3951,-82.3941,-82.3941,35.3951000000001
33166,04504,"Edneyville Volunteer Fire and Rescue Department, Inc.",3,21 SugarLoaf Mountain Road,Hendersonville,NC,Henderson,28792,35.38149304,-82.31034099,-82.31034099,35.3814930400001
33167,06803,"Efland Volunteer Fire Company, Inc.",1,3900 US 70 W,Efland,NC,Orange,27243,36.08080867,-79.17807166,-79.1780716599999,36.0808086700001
33168,06803,"Efland Volunteer Fire Company, Inc.",2,5800 US Hwy 70,Mebane,NC,Orange,27302,36.08709537,-79.21689615,-79.21689615,36.08709537
33169,06803,"Efland Volunteer Fire Company, Inc.",3,4111 Harmony Church Road,Efland,NC,Orange,27243,36.1207,-79.1838,-79.1838,36.1207000000001
33170,10015,"Egypt - Ramseytown Volunteer Fire Department, Inc.",1,8635 US Hwy 19 W,Burnsville,NC,Yancey,28714,35.9921,-82.3926,-82.3926,35.9921000000001
33171,10015,"Egypt - Ramseytown Volunteer Fire Department, Inc.",2,14530 US Hwy 19 W,Burnsville,NC,Yancey,28714,36.0084927,-82.34712781,-82.34712781,36.0084927
33172,05111,"Elevation Fire Department, Incorporated",1,1825 Federal Rd,Benson,NC,Johnston,27504,35.45415681,-78.52839271,-78.5283927099999,35.45415681
33173,00104,"Eli Whitney Volunteer Fire Department, Inc.",1,7618 Hwy NC 87 South,Graham,NC,Alamance,27253,35.90609131,-79.30644595,-79.30644595,35.9060913100001
33174,00104,"Eli Whitney Volunteer Fire Department, Inc.",2,4606 Hwy 87 South,Graham,NC,Alamance,27253,35.96704762,-79.37579959,-79.37579959,35.9670476200001
33175,07001,Elizabeth City Fire Department,1,902 Halstead Blvd,Elizabeth City,NC,Pasquotank,27909,36.28761516,-76.24071265,-76.24071265,36.28761516
33176,07001,Elizabeth City Fire Department,2,410 Harney St,Elizabeth City,NC,Pasquotank,27909,36.30509568,-76.22510461,-76.22510461,36.3050956800001
33177,00904,Elizabethtown Fire Department,1,300 East Broad St,Elizabethtown,NC,Bladen,28337,34.627747,-78.604287,-78.6042869999999,34.6277470000001
33178,00904,Elizabethtown Fire Department,2,401 West Swanzy St.,Elizabethtown,NC,Bladen,28337,34.6275,-78.6114,-78.6113999999999,34.6275000000001
33179,00607,"Elk Park Volunteer Fire Department, Inc.",1,7771 N. US 19-E,Elk Park,NC,Avery,28622,36.1580739,-81.98211843,-81.98211843,36.1580739
33180,08616,Elkin Fire Department,1,304 North Front Street,Elkin,NC,Surry,28621,36.24670433,-80.85562758,-80.85562758,36.2467043300001
33181,08104,"Ellenboro Volunteer Fire Department, Inc.",1,175 Depot St,Ellenboro,NC,Rutherford,28040,35.32705318,-81.75823178,-81.75823178,35.3270531800001
33182,00202,"Ellendale Community Volunteer Fire Department, Inc.",1,30 Ellendale Road,Taylorsville,NC,Alexander,28681,35.92123902,-81.26202875,-81.26202875,35.92123902
33183,07702,Ellerbe Fire Department,1,108 West Page Street,Ellerbe,NC,Richmond,28338,35.0715,-79.7619586,-79.7619586,35.0715000000001
33184,08048,"Ellis Cross-Country Fire Department, Inc.",1,3420 Old Mocksville Road,Salisbury,NC,Rowan,28144,35.7252,-80.4649,-80.4648999999999,35.7252
33185,00105,Elon Fire / Rescue,1,219 South Williamson Ave.,Elon,NC,Alamance,27244,36.09779133,-79.50678274,-79.5067827399999,36.0977913300001
33186,00105,Elon Fire / Rescue,2,2110 Power Line Road,Elon,NC,Alamance,27244,36.11209198,-79.49570536,-79.49570536,36.1120919800001
33187,09606,"Elroy Volunteer Fire Fighters, Incorporated",1,4720 Hwy 70 East,Goldsboro,NC,Wayne,27534,35.3397,-77.9022,-77.9021999999999,35.3397000000001
33188,09606,"Elroy Volunteer Fire Fighters, Incorporated",2,1561 Dollard Town Rd,Goldsboro,NC,Wayne,27534,35.2899,-77.8811,-77.8810999999999,35.2899
33189,01645,Emerald Isle Fire Department,1,7516 Emerald Isle Dr.,Emerald Isle,NC,Carteret,28594,34.66630962,-77.02920132,-77.02920132,34.66630962
33190,01645,Emerald Isle Fire Department,2,2810 Emerald Dr.,Emerald Isle,NC,Carteret,28594,34.67712343,-76.95891562,-76.95891562,34.6771234300001
33191,08408,"Endy Volunteer Fire Department, Incorporated",1,25045 24/27 Hwy,Albemarle,NC,Stanly,28001,35.3048,-80.2796,-80.2796,35.3048000000001
33192,04203,"Enfield Fire Department, Inc.",1,12719 NC Hwy 481 Business,Enfield,NC,Halifax,27823,36.18146454,-77.68007813,-77.68007813,36.18146454
33193,04203,"Enfield Fire Department, Inc.",2,9768 Ringwood Rd.,Enfield,NC,Halifax,27823,36.21643076,-77.8304949,-77.8304949,36.21643076
33194,04801,"Engelhard Volunteer Fire Department, Inc.",1,34545 US 264,Engelhard,NC,Hyde,27824,35.51026987,-76.00704636,-76.0070463599999,35.5102698700001
33195,01106,"Enka Candler Fire and Rescue Department, Incorporated",1,85 Pisgah Hwy.,Candler,NC,Buncombe,28715,35.53953968,-82.68446052,-82.68446052,35.5395396800001
33196,01106,"Enka Candler Fire and Rescue Department, Incorporated",2,2332 Smokey Park Hwy.,Candler,NC,Buncombe,28715,35.5426,-82.7427,-82.7427,35.5426
33197,01106,"Enka Candler Fire and Rescue Department, Incorporated",3,125 Jacob Holm Way,Candler,NC,Buncombe,28715,35.5434,-82.64018,-82.64018,35.5434000000001
33198,06804,"Eno Fire and Emergency Services, Inc.",1,5019 US 70 East,Durham,NC,Orange,27705,36.0397,-79.0139,-79.0139,36.0397
33199,06804,"Eno Fire and Emergency Services, Inc.",2,5501 St Mary Road,Hillsborough,NC,Orange,27278,36.1155,-79.003,-79.003,36.1155000000001
33200,08049,"Enochville Fire and Rescue Department, Inc.",1,808 N. Enochville Ave,China Grove,NC,Rowan,28023,35.53055568,-80.66686437,-80.66686437,35.5305556800001
33201,01259,Enola Volunteer Fire Rescue,1,2559 Enola Road,Morganton,NC,Burke,28655,35.6621954,-81.64997207,-81.64997207,35.6621954
33202,03511,"Epsom Fire and Rescue Association, Incorporated, Henderson, North Carolina",1,8120 Hwy 39 South ,Henderson,NC,Franklin,27537,36.24236588,-78.32545825,-78.3254582499999,36.2423658800001
33203,04307,"Erwin Fire Department and Rescue Squad, Inc.",1,200 South 13th St,Erwin,NC,Harnett,28339,35.32668992,-78.67646478,-78.6764647799999,35.32668992
33204,04505,"Etowah-Horseshoe Volunteer Fire & Rescue Department, Inc.",1,15 Morgan Road,Etowah,NC,Henderson,28729,35.32503474,-82.57840688,-82.57840688,35.32503474
33205,04505,"Etowah-Horseshoe Volunteer Fire & Rescue Department, Inc.",2,3559 Hebron Road,Hendersonville,NC,Henderson,28739,35.30328479,-82.55807854,-82.5580785399999,35.3032847900001
33206,04505,"Etowah-Horseshoe Volunteer Fire & Rescue Department, Inc.",3,3712 Brevard Road,Hendersonville,NC,Henderson,28792,35.3406,-82.5445,-82.5445,35.3406000000001
33207,04505,"Etowah-Horseshoe Volunteer Fire & Rescue Department, Inc.",4,744 Brickyard Road,Etowah,NC,Henderson,28729,35.32000236,-82.61410385,-82.6141038499999,35.32000236
33208,03704,"Eure Volunteer Fire Department, Inc.",1,1210 Hwy 137,Eure,NC,Gates,27935,36.4271331,-76.85310344,-76.85310344,36.4271331
33209,07806,"Evans Cross Road Voluntary Fire Department, Inc.",1,3440 Elrod Rd.,Maxton,NC,Robeson,28364,34.67382721,-79.29204099,-79.29204099,34.6738272100001
33210,02407,Evergreen Volunteer Fire Dept.,1,7606 Old 74 Hwy,Evergreen,NC,Columbus,28438,34.4094,-78.9048,-78.9048,34.4094000000001
33211,02407,Evergreen Volunteer Fire Dept.,2,850 Rossie O'Berry Rd,Whiteville,NC,Columbus,28472,34.431681,-78.847678,-78.847678,34.431681
33212,02408,"Fair Bluff Fire Department and Rescue Squad, Inc.",1,152 Main St.,Fair Bluff,NC,Columbus,28439,34.31981,-79.020315,-79.020315,34.3198100000001
33213,02408,"Fair Bluff Fire Department and Rescue Squad, Inc.",2,185 McNeill Rd,Fair Bluff,NC,Columbus,28439,34.24068026,-78.97157854,-78.9715785399999,34.24068026
33214,02905,"Fair Grove Fire Department, Inc.",1,211 Cedar Lodge Road,Thomasville,NC,Davidson,27360,35.85018696,-80.07799079,-80.0779907899999,35.85018696
33215,02905,"Fair Grove Fire Department, Inc.",2,7261 Welborne,Trinity,NC,Davidson,27370,35.86234348,-80.0284586,-80.0284586,35.86234348
33216,02905,"Fair Grove Fire Department, Inc.",3,760 Lee Road,Thomasville,NC,Davidson,27360,35.81038559,-80.0859,-80.0859,35.8103855900001
33217,04805,Fairfield Volunteer Fire Department,1,6680 NC 94,Fairfield,NC,Hyde,27826,35.53746944,-76.22241224,-76.22241224,35.5374694400001
33218,07807,Fairmont Fire Department,1,103 Cottage St.,Fairmont,NC,Robeson,28340,34.49444162,-79.11328357,-79.11328357,34.49444162
33219,07808,"Fairmont Rural Fire Department, Incorporated",1,203 Mulberry St,Fairmont,NC,Robeson,28340,34.49606737,-79.1105586,-79.1105585999999,34.49606737
33220,09004,Fairview Fire & Rescue Association,1,7402 Concord Highway,Monroe,NC,Union,28110,35.13585084,-80.53719271,-80.5371927099999,35.13585084
33221,09206,"Fairview Rural Fire Department, Inc.",1,4501 Ten-Ten Rd,Apex,NC,Wake,27502,35.69416971,-78.77001761,-78.77001761,35.69416971
33222,09206,"Fairview Rural Fire Department, Inc.",2,7401 Ten-Ten Rd ,Apex,NC,Wake,27502,35.6722,-78.7075,-78.7075,35.6722
33223,01107,"Fairview Volunteer Fire Department, Incorporated (Buncombe County)",1,1586 Charlotte Hwy.,Fairview,NC,Buncombe,28730,35.51526113,-82.39768542,-82.39768542,35.5152611300001
33224,01107,"Fairview Volunteer Fire Department, Incorporated (Buncombe County)",2,799 Old Fort Road,Fairview,NC,Buncombe,28730,35.5432258,-82.38247662,-82.38247662,35.5432258000001
33225,01107,"Fairview Volunteer Fire Department, Incorporated (Buncombe County)",3,133 Upper Brush Creek Rd.,Fletcher,NC,Buncombe,28732,35.48151529,-82.42713983,-82.42713983,35.4815152900001
33226,03106,"Faison Fire and Rescue, Inc.",1,108 South West Center St,Faison,NC,Duplin,28341,35.11612633,-78.13649656,-78.13649656,35.11612633
33227,08054,Faith Fire Department,1,"1005 Raney St. Faith, NC",Faith,NC,Rowan,28041,35.58767315,-80.46347125,-80.4634712499999,35.5876731500001
33228,07412,"Falkland Volunteer Fire Department, Inc.",1,3620 West Ave.,Falkland,NC,Pitt,27827,35.69931287,-77.51687813,-77.51687813,35.69931287
33229,07412,"Falkland Volunteer Fire Department, Inc.",2,4207 NC 43 North,Falkland,NC,Pitt,27827,35.649596,-77.463822,-77.4638219999999,35.649596
33230,00608,"Fall Creek Volunteer Fire Department of Avery County, Inc.",1,4296 Beech Mountain Rd,Elk Park,NC,Avery,28622,36.2051727,-81.93732752,-81.9373275199999,36.2051727
33231,00608,"Fall Creek Volunteer Fire Department of Avery County, Inc.",2,2525 Buckeye Rd,Elk Park,NC,Avery,28622,36.24658259,-81.90003102,-81.90003102,36.2465825900001
33232,02308,"Fallston Community Volunteer Fire Department, Inc.",1,4632 Fallston Rd.,Fallston,NC,Cleveland,28042,35.4248,-81.5006,-81.5006,35.4248000000001
33233,02308,"Fallston Community Volunteer Fire Department, Inc.",2,142 Carpenters Grove Church Road,Lawndale,NC,Cleveland,28090,35.47995,-81.5206,-81.5205999999999,35.47995
33234,07604,"Farmer Volunteer Fire Department, Inc.",1,6881 S Old NC 49 Hwy,Denton,NC,Randolph,27239,35.63952098,-79.99607854,-79.99607854,35.63952098
33235,07418,Farmville Fire Department,1,3713 N Main St,Farmville,NC,Pitt,27828,35.59762116,-77.5847291,-77.5847290999999,35.5976211600001
33236,00106,"Faucette Township Volunteer Fire Department, Inc.",1,2164 Carolina Road,Burlington,NC,Alamance,27217,36.13323536,-79.41466052,-79.41466052,36.1332353600001
33237,00106,"Faucette Township Volunteer Fire Department, Inc.",2,3173 Mansfield Rd,Burlington,NC,Alamance,27217,36.15175631,-79.46001569,-79.46001569,36.1517563100001
33238,02607,Fayetteville Fire Department,1,607 Person St.,Fayetteville,NC,Cumberland,28301,35.04893175,-78.86655213,-78.8665521299999,35.0489317500001
33239,02607,Fayetteville Fire Department,2,101 N. Olive St,Fayetteville,NC,Cumberland,28301,35.0575024,-78.90128886,-78.90128886,35.0575024
33240,02607,Fayetteville Fire Department,3,3225 Rose Hill Rd,Fayetteville,NC,Cumberland,28301,35.10178589,-78.89784142,-78.89784142,35.10178589
33241,02607,Fayetteville Fire Department,4,406 Stamper Rd,Fayetteville,NC,Cumberland,28303,35.07106488,-78.92349079,-78.92349079,35.0710648800001
33242,02607,Fayetteville Fire Department,5,3040 Boone Trail Ext.,Fayetteville,NC,Cumberland,28303,35.02992842,-78.92675364,-78.92675364,35.02992842
33243,02607,Fayetteville Fire Department,6,4439 Cliffdale Rd,Fayetteville,NC,Cumberland,28303,35.0594,-78.9512,-78.9512,35.0594
33244,02607,Fayetteville Fire Department,7,301 Stacey Weaver Rd,Fayetteville,NC,Cumberland,28311,35.13143148,-78.88503603,-78.88503603,35.1314314800001
33245,02607,Fayetteville Fire Department,8,1116 71st School Rd,Fayetteville,NC,Cumberland,28314,35.0528096,-79.01213528,-79.0121352799999,35.0528096
33246,02607,Fayetteville Fire Department,9,5091 Santa Fe Dr,Fayetteville,NC,Cumberland,28314,35.08783128,-78.98557166,-78.9855716599999,35.08783128
33247,02607,Fayetteville Fire Department,10,3059 Control Tower Rd,Fayetteville,NC,Cumberland,28306,34.99130663,-78.88548542,-78.88548542,34.9913066300001
33248,02607,Fayetteville Fire Department,11,7690 Raeford Rd,Fayetteville,NC,Cumberland,28314,35.03096033,-79.05216781,-79.05216781,35.03096033
33249,02607,Fayetteville Fire Department,12,911 Hope Mills Rd,Fayetteville,NC,Cumberland,28314,35.0319,-78.9606,-78.9605999999999,35.0319000000001
33250,02607,Fayetteville Fire Department,14,632 Langdon St,Fayetteville,NC,Cumberland,28301,35.07797755,-78.89442531,-78.89442531,35.0779775500001
33251,02607,Fayetteville Fire Department,15,8434 Cliffdale Rd,Fayetteville,NC,Cumberland,28314,35.05748803,-79.05635289,-79.05635289,35.0574880300001
33252,02607,Fayetteville Fire Department,16,1126 Cedar Creek Rd,Fayetteville,NC,Cumberland,28312,35.02469896,-78.84265364,-78.84265364,35.0246989600001
33253,02607,Fayetteville Fire Department,17,6701 Bailey Lake Rd,Fayetteville,NC,Cumberland,28314,35.02318706,-78.99582531,-78.99582531,35.0231870600001
33254,02607,Fayetteville Fire Department,19,3481 Walsh Parkway,Fayetteville,NC,Cumberland,28311,35.15458746,-78.89222959,-78.8922295899999,35.1545874600001
33255,09723,"Ferguson Volunteer Fire Department, Inc.",1,12660 W. NC 268 Hwy. ,Ferguson,NC,Wilkes,28624,36.08483989,-81.37125102,-81.37125102,36.0848398900001
33256,09723,"Ferguson Volunteer Fire Department, Inc.",2,7262 Elk Creek - Darby Rd.,Ferguson,NC,Wilkes,28624,36.12110467,-81.49545364,-81.4954536399999,36.1211046700001
33257,06405,"Ferrells Volunteer Fire and Rescue Department, Inc.",1,9589 West NC 97 Highway,Middlesex,NC,Nash,27557,35.8598,-78.1777,-78.1777,35.8598000000001
33258,04414,"Fines Creek Volunteer Fire Department, Inc.",1,244 Fines Creek Road,Clyde,NC,Haywood,28721,35.6825,-82.9553,-82.9553,35.6825000000001
33259,04108,"Fire District #28, Inc.",1,6619 NC Hwy 61 North,Gibsonville,NC,Guilford,27249,36.16035669,-79.56978583,-79.5697858299999,36.1603566900001
33260,04106,"Fire District Number Thirteen, Incorporated",1,2505 Lees Chapel Rd,Greensboro,NC,Guilford,27405,36.14909604,-79.75430536,-79.75430536,36.1490960400001
33261,04106,"Fire District Number Thirteen, Incorporated",2,4629 Hicone Rd.,Greensboro,NC,Guilford,27405,36.15304332,-79.71323219,-79.71323219,36.1530433200001
33262,04106,"Fire District Number Thirteen, Incorporated",3,6912 Spencer Dixson Rd.,Greensboro,NC,Guilford,27455,36.1919,-79.7927,-79.7927,36.1919
33263,03502,"Fire and Rescue Association, Incorporated, Centerville, North Carolina",1,5939 NC 561 ,Louisburg,NC,Franklin,27549,36.18665587,-78.10616245,-78.1061624499999,36.18665587
33264,04308,"Flat Branch Volunteer Fire Department, Inc.",1,2098 Elliot Bridge,Bunnlevel,NC,Harnett,28323,35.31241615,-78.88315364,-78.88315364,35.31241615
33265,00507,"Fleetwood Volunteer Fire and Rescue Department,Inc.",1,9026 Highway 221 South,Fleetwood,NC,Ashe,28626,36.310744,-81.509609,-81.509609,36.3107440000001
33266,04506,"Fletcher Fire and Rescue Department, Inc.",1,49 East Fanning Bridge Rd.,Fletcher,NC,Henderson,28732,35.431101,-82.500282,-82.500282,35.4311010000001
33267,04506,"Fletcher Fire and Rescue Department, Inc.",2,458 Hoopers Creek Road,Fletcher,NC,Henderson,28732,35.4376,-82.4426,-82.4426,35.4376
33268,04506,"Fletcher Fire and Rescue Department, Inc.",3,5399 Asheville Hwy.,Hendersonville,NC,Henderson,28791,35.3894,-82.5027,-82.5026999999999,35.3894000000001
33269,06909,"Florence-Whortonsville Volunteer Fire Department, Inc.",1,5208 Florence Rd.,Merritt,NC,Pamlico,28556,35.14345963,-76.6517337,-76.6517337,35.1434596300001
33270,01304,"Flowe's Store Volunteer Fire Department, Inc.",1,8623 Flowe's Store Rd.,Concord,NC,Cabarrus,28025,35.2979198,-80.55813907,-80.55813907,35.2979198
33271,09911,"Forbush Volunteer Fire Department, Inc.",1,4725 East Old Hwy 421,Yadkinville,NC,Yadkin,27055,36.1147,-80.5191,-80.5191,36.1147
33272,09911,"Forbush Volunteer Fire Department, Inc.",2,1340 Flint Hill Rd.,Yadkinville,NC,Yadkin,27055,36.1495,-80.4671,-80.4671,36.1495
33273,08105,Forest City Fire Department,1,186 S. Church St,Forest City,NC,Rutherford,28043,35.33259738,-81.86966781,-81.86966781,35.33259738
33274,06109,"Fork Mountain Volunteer Fire and Rescue, Inc.",1,2699 Fork Mountain Road,Bakersville,NC,Mitchell,28705,36.05242094,-82.17772146,-82.17772146,36.05242094
33275,02505,"Fort Barnwell Rural Volunteer Fire Department, Inc.",1,9327 NC Hwy 55 West,Dover,NC,Craven,28526,35.28930901,-77.33505129,-77.33505129,35.2893090100001
33276,02505,"Fort Barnwell Rural Volunteer Fire Department, Inc.",2,102 William Pierce Rd,Dover,NC,Craven,28526,35.32345045,-77.41462653,-77.41462653,35.3234504500001
33277,04005,Fort Run Rural Fire & Ems Association Inc.,1,2985 Fort Run Rd,Snow Hill,NC,Greene,28580,35.49,-77.7751,-77.7751,35.4900000000001
33278,09506,"Foscoe Volunteer Fire Department, Inc.",1,9230 Hwy 105 South,Banner Elk,NC,Watauga,28604,36.1568228,-81.77641994,-81.77641994,36.1568228
33279,09506,"Foscoe Volunteer Fire Department, Inc.",2,120 Lance Trail,Banner Elk,NC,Watauga,28604,36.21004149,-81.76424169,-81.7642416899999,36.21004149
33280,07454,"Fountain Rural Fire Association, Inc.",1,3642 Lynch St,Fountain,NC,Pitt,27829,35.672,-77.64092875,-77.6409287499999,35.672
33281,03105,Fountaintown Fire Department,1,1698 Fountain Rd,Chinquapin,NC,Duplin,28521,34.8407,-77.6724,-77.6724,34.8407
33282,05113,"Four Oaks Volunteer Fire Department, Inc.",1,100 Keen St,Four Oaks,NC,Johnston,27524,35.44263059,-78.4265249,-78.4265248999999,35.4426305900001
33283,05113,"Four Oaks Volunteer Fire Department, Inc.",2,825 Lassiter Road,Four Oaks,NC,Johnston,27524,35.48212137,-78.46483685,-78.46483685,35.4821213700001
33284,08668,"Four-Way Volunteer Fire Department, Inc.",1,116 McBride Road,Mount Airy,NC,Surry,27030,36.5128,-80.5702,-80.5701999999999,36.5128
33285,08502,"Francisco Volunteer Fire Department, Inc.",1,7100 Hwy 89,Westfield,NC,Stokes,27053,36.5109,-80.3537,-80.3536999999999,36.5109
33286,08502,"Francisco Volunteer Fire Department, Inc.",2,1075 Collinstown Road,Westfield,NC,Stokes,27053,36.5214,-80.3874,-80.3874,36.5214
33287,00605,"Frank Volunteer Fire Department, Inc.",1,699 N US 19E Hwy,Newland,NC,Avery,28657,36.07883581,-82.00204099,-82.00204099,36.07883581
33288,08671,"Franklin Community Volunteer Fire Department, Inc.",1,2136 W. Pine Street,Mount Airy,NC,Surry,27030,36.50297807,-80.66288735,-80.6628873499999,36.50297807
33289,08671,"Franklin Community Volunteer Fire Department, Inc.",2,1889 Greenhill Road,Mount Airy,NC,Surry,27030,36.54332761,-80.63954711,-80.63954711,36.5433276100001
33290,05702,Franklin Fire And Rescue Department,1,49 Maple Street,Franklin,NC,Macon,28734,35.1786,-83.3879,-83.3878999999999,35.1786000000001
33291,05702,Franklin Fire And Rescue Department,2,305 NP&L Loop,Franklin,NC,Macon,28734,35.21633,-83.358911,-83.358911,35.21633
33292,08055,"Franklin Township Fire Department, Incorporated",1,4370 US 601 Hwy,Salisbury,NC,Rowan,28144,35.72041776,-80.49819539,-80.49819539,35.72041776
33293,08055,"Franklin Township Fire Department, Incorporated",2,4370 US 70 Hwy,Salisbury,NC,Rowan,28147,35.71056497,-80.55956052,-80.5595605199999,35.7105649700001
33294,03505,"Franklinton Fire Department, Inc.",1,9 South Hillsboro St.,Franklinton,NC,Franklin,27525,36.10316193,-78.45860688,-78.4586068799999,36.1031619300001
33295,07605,Franklinville Fire Protection Assn. Inc.,1,146 W. Main St,Franklinville,NC,Randolph,27248,35.74446517,-79.69340688,-79.6934068799999,35.7444651700001
33296,07605,Franklinville Fire Protection Assn. Inc.,2,2452 Ramseur Julian Rd,Liberty,NC,Randolph,27298,35.79816084,-79.64280035,-79.64280035,35.79816084
33297,07605,Franklinville Fire Protection Assn. Inc.,3,2426 Whites Memorial Road,Franklinville,NC,Randolph,27248,35.784345,-79.722909,-79.722909,35.784345
33298,07605,Franklinville Fire Protection Assn. Inc.,4,1288 NC Hwy 22 South,Ramseur,NC,Randolph,27316,35.71868241,-79.6354663,-79.6354663,35.71868241
33299,09610,Fremont Fire Department,1,401 N Sycamore St,Fremont,NC,Wayne,27830,35.5476389,-77.97213947,-77.9721394699999,35.5476389
33300,01108,"French Broad Volunteer Fire & Rescue, Inc.",1,572 Fletcher Martin Road,Alexander,NC,Buncombe,28701,35.70043505,-82.63994332,-82.63994332,35.7004350500001
33301,02810,"Frisco Fire Prevention Association, Inc.",1,52470 NC Hwy 12,Frisco,NC,Dare,27936,35.24694305,-75.61316636,-75.61316636,35.24694305
33302,09208,Fuquay-Varina Fire Department,1,301 S Fuquay-Varina Ave ,Fuquay Varina,NC,Wake,27526,35.58167784,-78.79779079,-78.79779079,35.5816778400001
33303,09208,Fuquay-Varina Fire Department,2,5617 Hilltop Rd,Fuquay Varina,NC,Wake,27526,35.61996135,-78.72316741,-78.72316741,35.61996135
33304,09208,Fuquay-Varina Fire Department,3,2474 Budd Libscomb Rd ,Willow Spring,NC,Wake,27592,35.55904763,-78.69835516,-78.6983551599999,35.5590476300001
33305,09208,Fuquay-Varina Fire Department,4,4821 Wade Nash Rd,Holly Springs,NC,Wake,27540,35.615813,-78.813639,-78.813639,35.6158130000001
33306,07445,"Gardnerville Volunteer Fire Department, Inc.",1,9521 County Home Rd,Ayden,NC,Pitt,28513,35.39139125,-77.30440192,-77.30440192,35.39139125
33307,08204,"Garland Volunteer Fire & Rescue Department, Inc.",1,375 West 2nd St.,Garland,NC,Sampson,28441,34.790323,-78.398075,-78.3980749999999,34.7903230000001
33308,09209,Garner Fire-Rescue,1,503 West Main St,Garner,NC,Wake,27529,35.70955209,-78.61336933,-78.61336933,35.70955209
33309,09209,Garner Fire-Rescue,2,9115 Sauls Rd,Garner,NC,Wake,27529,35.63064825,-78.6411249,-78.6411249,35.63064825
33310,09209,Garner Fire-Rescue,3,1695 Timber Dr.,Garner,NC,Wake,27529,35.69238237,-78.6358088,-78.6358087999999,35.6923823700001
33311,09209,Garner Fire-Rescue,4,125 Spaceway ,Garner,NC,Wake,27529,35.6775,-78.5498,-78.5497999999999,35.6775000000001
33312,09209,Garner Fire-Rescue,5,7816 Caddy Rd,Raleigh,NC,Wake,27603,35.666269,-78.691953,-78.691953,35.6662690000001
33313,01123,"Garren Creek Volunteer Fire Department, Inc.",1,10 Flat Creek Road,Fairview,NC,Buncombe,28730,35.5591,-82.31611376,-82.31611376,35.5591000000001
33314,01123,"Garren Creek Volunteer Fire Department, Inc.",2,1364 Garren Creek Road,Fairview,NC,Buncombe,28730,35.53075239,-82.31011761,-82.31011761,35.53075239
33315,06608,"Garysburg Volunteer Fire Department, Inc.",1,506 Old Hwy,Garysburg,NC,Northampton,27831,36.44920356,-77.56615708,-77.56615708,36.4492035600001
33316,06602,"Gaston Volunteer Fire Department, Inc.",1,210 Old Emporia Road,Gaston,NC,Northampton,27832,36.50362504,-77.64598274,-77.64598274,36.50362504
33317,06602,"Gaston Volunteer Fire Department, Inc.",2,1524 NC Highway 48,Garysburg,NC,Northampton,27831,36.51743223,-77.60397433,-77.60397433,36.5174322300001
33318,03612,Gastonia Fire Department,1,260 North Myrtle School Road,Gastonia,NC,Gaston,28052,35.26256281,-81.22223866,-81.22223866,35.2625628100001
33319,03612,Gastonia Fire Department,2,510 New Way Drive,Gastonia,NC,Gaston,28052,35.27858393,-81.18910344,-81.1891034399999,35.27858393
33320,03612,Gastonia Fire Department,3,717 Wellons Drive,Gastonia,NC,Gaston,28056,35.2438,-81.1725,-81.1725,35.2438000000001
33321,03612,Gastonia Fire Department,4,900 Armstrong Park Road,Gastonia,NC,Gaston,28054,35.2406,-81.1347,-81.1347,35.2406
33322,03612,Gastonia Fire Department,5,900 Hudson Boulevard,Gastonia,NC,Gaston,28052,35.2353,-81.2024,-81.2024,35.2353000000001
33323,03612,Gastonia Fire Department,6,1335 East Ozark Street,Gastonia,NC,Gaston,28054,35.27048759,-81.16200729,-81.16200729,35.2704875900001
33324,03612,Gastonia Fire Department,7,3811 Gaston Day School Road,Gastonia,NC,Gaston,28056,35.22138258,-81.13507166,-81.1350716599999,35.2213825800001
33325,03612,Gastonia Fire Department,8,613 Carson Road,Gastonia,NC,Gaston,28052,35.24594349,-81.25255143,-81.25255143,35.2459434900001
33326,03701,"Gates Volunteer Fire Department, Inc.",1,459 Gates School Rd.,Gates,NC,Gates,27937,36.50361271,-76.76949067,-76.76949067,36.50361271
33327,03702,Gatesville Fire Department,1,127 Main St.,Gatesville,NC,Gates,27938,36.40271727,-76.75151417,-76.75151417,36.40271727
33328,01273,George Hildebran Fire and Rescue Department Inc.,1,7470 George Hildebran School Road,Connelly Springs,NC,Burke,28612,35.65056975,-81.50407166,-81.50407166,35.65056975
33329,01305,"Georgeville Volunteer Fire Department, Inc.",1,6916 NC 200 Hwy,Concord,NC,Cabarrus,28025,35.3129,-80.4596,-80.4596,35.3129000000001
33330,04511,"Gerton Volunteer Fire Department and Rescue, Inc.",1,4975 Gerton Highway,Gerton,NC,Henderson,28735,35.478385,-82.34698735,-82.3469873499999,35.4783850000001
33331,08301,"Gibson/Southwest District Fire Department, Inc.",1,6280 Gibson Rd,Gibson,NC,Scotland,28343,34.76259456,-79.5949923,-79.5949922999999,34.76259456
33332,04109,Gibsonville Fire Dept.,1,218 Piedmont Ave,Gibsonville,NC,Guilford,27249,36.10710803,-79.53995668,-79.53995668,36.1071080300001
33333,00302,"Glade Creek Volunteer Fire Department, Incorporated",1,6374 Glade Valley Rd.  ,Ennice,NC,Alleghany,28623,36.49976978,-80.97779312,-80.9777931199999,36.4997697800001
33334,00302,"Glade Creek Volunteer Fire Department, Incorporated",2,2547 Barrett Rd,Ennice,NC,Alleghany,28623,36.521867,-80.991538,-80.9915379999999,36.521867
33335,01269,Glen Alpine Volunteer Fire Department,1,104 Catawba Street,Glen Alpine,NC,Burke,28628,35.7293658,-81.77902146,-81.77902146,35.7293658
33336,00506,"Glendale Springs Volunteer Fire Department, Inc.",1,7479 Hwy 16 South,Jefferson ,NC,Ashe,28629,36.3442,-81.3809,-81.3808999999999,36.3442000000001
33337,05603,Glenwood Volunteer Fire Department,1,1745 Old Highway 221 South,Marion,NC,McDowell,28752,35.61190467,-81.98149959,-81.9814995899999,35.6119046700001
33338,02606,"Godwin-Falcon Fire Department, Inc.",1,7723 Godwin Falcon Rd,Falcon,NC,Cumberland,28342,35.198332,-78.659032,-78.659032,35.1983320000001
33339,03512,"Gold Sand Rural Fire Department, Inc.",1,2295 Person Rd,Louisburg,NC,Franklin,27549,36.20720866,-78.19385364,-78.19385364,36.20720866
33340,09611,Goldsboro Fire Department,1,204 South Center St.,Goldsboro,NC,Wayne,27530,35.38046382,-77.99770729,-77.9977072899999,35.38046382
33341,09611,Goldsboro Fire Department,2,1901 Royal Ave,Goldsboro,NC,Wayne,27534,35.3872996,-77.96288698,-77.96288698,35.3872996000001
33342,09611,Goldsboro Fire Department,3,100 E Patetown Rd,Goldsboro,NC,Wayne,27530,35.40941835,-77.98238123,-77.98238123,35.4094183500001
33343,09611,Goldsboro Fire Department,4,1300 Poplar St,Goldsboro,NC,Wayne,27530,35.36459877,-77.98716589,-77.98716589,35.36459877
33344,09611,Goldsboro Fire Department,5,3521 Central Heights Rd,Goldsboro,NC,Wayne,27534,35.38421649,-77.91035279,-77.9103527899999,35.38421649
33345,01903,Goldston Rural Fire Department,1,468 South Church St,Goldston,NC,Chatham,27252,35.58974564,-79.33261265,-79.33261265,35.58974564
33346,06908,"Goose Creek Island Volunteer Fire Department, Inc.",1,5906 Lowland Rd,Lowland,NC,Pamlico,28552,35.30356775,-76.57979697,-76.57979697,35.3035677500001
33347,09706,"Goshen Volunteer Fire Department, Inc.",1,5450 W. NC 268 Hwy.,Wilkesboro,NC,Wilkes,28697,36.11685797,-81.25473178,-81.25473178,36.1168579700001
33348,01403,Grace Chapel Volunteer Fire Department,1,4548 Grace Chapel Road,Granite Falls,NC,Caldwell,28630,35.8146826,-81.36531376,-81.3653137599999,35.8146826
33349,03801,"Graham County Fire and Rescue, Inc.",1,70 West Fort Hill,Robbinsville,NC,Graham,28771,35.32067307,-83.79684053,-83.7968405299999,35.3206730700001
33350,03801,"Graham County Fire and Rescue, Inc.",2,141 Cornsilk Branch,Robbinsville,NC,Graham,28771,35.3050788,-83.87595703,-83.8759570299999,35.3050788
33351,03801,"Graham County Fire and Rescue, Inc.",3,4497 Tapoco Road,Robbinsville,NC,Graham,28771,35.3666944,-83.83902338,-83.83902338,35.3666944
33352,03801,"Graham County Fire and Rescue, Inc.",4,262 Meadow Branch Road,Robbinsville,NC,Graham,28771,35.44313341,-83.93209067,-83.93209067,35.44313341
33353,00107,Graham Fire Department,1,201 S Main Street,Graham,NC,Alamance,27253,36.06757018,-79.40101184,-79.40101184,36.0675701800001
33354,01404,Granite Falls Fire Department,1,119 North Main Street,Granite Falls,NC,Caldwell,28630,35.802612,-81.44038,-81.4403799999999,35.8026120000001
33355,08057,Granite Quarry Fire Department,1,143 North Salisbury Avenue,Granite Quarry,NC,Rowan,28072,35.61443895,-80.44749079,-80.44749079,35.6144389500001
33356,09612,"Grantham Volunteer Fire Department, Inc.",1,3430 US 13 S,Goldsboro,NC,Wayne,27530,35.2968,-78.1658,-78.1657999999999,35.2968000000001
33357,06907,"Grantsboro-Silverhill Volunteer Fire Department and Emergency Services, Inc.",1,35 NC Highway 306 South,Grantsboro,NC,Pamlico,28529,35.13998755,-76.84210729,-76.8421072899999,35.1399875500001
33358,03907,Granville Rural Fire Department,1,6619 Hwy 15 North,Oxford,NC,Granville,27565,36.37503924,-78.5946077,-78.5946077,36.37503924
33359,02007,"Grape Creek Volunteer Fire Dept., Inc.",1,5930 Joe Brown Hwy.,Murphy,NC,Cherokee,28906,35.1192,-84.0922,-84.0921999999999,35.1192
33360,02609,"Grays Creek Volunteer Fire Department, Inc.",1,6975 Fire Department Rd,Hope Mills,NC,Cumberland,28348,34.8656,-78.8776,-78.8776,34.8656
33361,02609,"Grays Creek Volunteer Fire Department, Inc.",2,2661 Sand Hill Rd,Fayetteville,NC,Cumberland,28306,34.93104304,-78.85415172,-78.8541517199999,34.9310430400001
33362,07502,"Green Creek Volunteer Fire Department, Inc.",1,8645 Hwy 9 South,Columbus,NC,Polk,28722,35.22607528,-82.05642105,-82.05642105,35.22607528
33363,07502,"Green Creek Volunteer Fire Department, Inc.",2,2840 Chesnee Road,Columbus,NC,Polk,28722,35.21065975,-82.00482146,-82.00482146,35.21065975
33364,07502,"Green Creek Volunteer Fire Department, Inc.",3,5547 Pea Ridge Rd.,Coloumbus,NC,Polk,28722,35.27918,-82.042885,-82.042885,35.2791800000001
33365,08116,Green Hill Volunteer Fire Department,1,2711 US Hwy 64 /74A,Rutherfordton,NC,Rutherford,28139,35.41,-82.0442,-82.0442,35.41
33366,08116,Green Hill Volunteer Fire Department,2,643 Mountain Creek Road,Rutherfordton,NC,Rutherford,28139,35.425896,-81.997412,-81.9974119999999,35.4258960000001
33367,04507,"Green River Volunteer Fire & Rescue Department, Inc.",1,1524 Old US Hwy 25,Zirconia,NC,Henderson,28790,35.2247,-82.4329,-82.4329,35.2247
33368,04507,"Green River Volunteer Fire & Rescue Department, Inc.",2,3288 Cabin Creek Road,Zirconia,NC,Henderson,28790,35.22638186,-82.49894367,-82.49894367,35.2263818600001
33369,04507,"Green River Volunteer Fire & Rescue Department, Inc.",3,4364 Bobs Creek Road,Zirconia,NC,Henderson,28790,35.18747478,-82.49453445,-82.4945344499999,35.1874747800001
33370,04507,"Green River Volunteer Fire & Rescue Department, Inc.",4,4466 Pinnacle Mountain Road,Zirconia,NC,Henderson,28790,35.240014,-82.484939,-82.4849389999999,35.240014
33371,00603,"Green Valley Volunteer Fire Department, Inc.",1,8602 South US 19 E Hwy.,Newland,NC,Avery,28657,35.98036914,-82.01592875,-82.0159287499999,35.9803691400001
33372,03119,"Greenevers Volunteer Fire Department, Inc.",1,317 E Charity Rd,Rose Hill,NC,Duplin,28458,34.82296356,-77.93087515,-77.93087515,34.8229635600001
33373,04110,Greensboro Fire Department,1,1514 N Church St,Greensboro,NC,Guilford,27405,36.097071,-79.782167,-79.782167,36.097071
33374,04110,Greensboro Fire Department,2,5111 N Church St,Greensboro,NC,Guilford,27455,36.151425,-79.791745,-79.7917449999999,36.1514250000001
33375,04110,Greensboro Fire Department,4,401 Gorrell St,Greensboro,NC,Guilford,27406,36.067029,-79.784922,-79.7849219999999,36.067029
33376,04110,Greensboro Fire Department,5,1401 Westover Ter,Greensboro,NC,Guilford,27403,36.09022,-79.814375,-79.814375,36.09022
33377,04110,Greensboro Fire Department,7,1064 Gatewood Ave,Greensboro,NC,Guilford,27405,36.086849,-79.76039,-79.76039,36.086849
33378,04110,Greensboro Fire Department,8,2201 Coliseum Blvd,Greensboro,NC,Guilford,27403,36.048713,-79.821909,-79.8219089999999,36.0487130000001
33379,04110,Greensboro Fire Department,10,4208 West Gate City Blvd,Greensboro,NC,Guilford,27407,36.036883,-79.862647,-79.862647,36.036883
33380,04110,Greensboro Fire Department,11,2602 S Elm Eugene St,Greensboro,NC,Guilford,27406,36.042263,-79.792732,-79.7927319999999,36.042263
33381,04110,Greensboro Fire Department,14,3633 Summit Ave,Greensboro,NC,Guilford,27405,36.131157,-79.76161,-79.76161,36.131157
33382,04110,Greensboro Fire Department,17,6405 Old Oak Ridge Road,Greensboro,NC,Guilford,27410,36.12786933,-79.9346923,-79.9346922999999,36.1278693300001
33383,04110,Greensboro Fire Department,18,5903 Ballinger Rd.,Greensboro,NC,Guilford,27410,36.09898792,-79.89229271,-79.8922927099999,36.0989879200001
33384,04110,Greensboro Fire Department,19,6900 Downwind Road,Greensboro,NC,Guilford,27409,36.082183,-79.927425,-79.927425,36.082183
33385,04110,Greensboro Fire Department,20,8404 W Market St.,Greensboro,NC,Guilford,27409,36.09363064,-79.96090536,-79.96090536,36.0936306400001
33386,04110,Greensboro Fire Department,21,2870 Horse Pen Creek Rd,Greensboro,NC,Guilford,27455,36.133194,-79.886341,-79.886341,36.1331940000001
33387,04110,Greensboro Fire Department,40,1805 Pisgah Church Rd,Greensboro,NC,Guilford,27408,36.119234,-79.822773,-79.822773,36.1192340000001
33388,04110,Greensboro Fire Department,41,4504 Lake Brandt Rd,Greensboro,NC,Guilford,27455,36.145018,-79.842176,-79.8421759999999,36.1450180000001
33389,04110,Greensboro Fire Department,43,4854 Lake Jeanette Rd,Greensboro,NC,Guilford,27455,36.142614,-79.813626,-79.8136259999999,36.142614
33390,04110,Greensboro Fire Department,48,1400 W Vandalia Rd,Greensboro,NC,Guilford,27406,36.021711,-79.830673,-79.830673,36.021711
33391,04110,Greensboro Fire Department,49,4302 W Friendly Ave,Greensboro,NC,Guilford,27410,36.091637,-79.863513,-79.863513,36.091637
33392,04110,Greensboro Fire Department,50,6498 Franz Warner Pkwy,Greensboro,NC,Guilford,27377,36.05281,-79.60121,-79.60121,36.0528100000001
33393,04110,Greensboro Fire Department,52,1000 Meadowood Rd,Greensboro,NC,Guilford,27409,36.060308,-79.886725,-79.886725,36.0603080000001
33394,04110,Greensboro Fire Department,53,2013 Willow Road,Greensboro,NC,Guilford,27406,36.04194,-79.761429,-79.761429,36.0419400000001
33395,04110,Greensboro Fire Department,56,821 Franklin Blvd,Greensboro,NC,Guilford,27401,36.064532,-79.74165364,-79.74165364,36.064532
33396,04110,Greensboro Fire Department,57,1539 Mt. Hope Chruch Rd.,Mc Leansville,NC,Guilford,27301,36.0709225,-79.67851802,-79.67851802,36.0709225000001
33397,04110,Greensboro Fire Department,59,3803 Reedy Fork Pkwy,Greensboro,NC,Guilford,27405,36.17634,-79.710198,-79.7101979999999,36.17634
33398,04110,Greensboro Fire Department,61,105 W Vandalia Rd,Greensboro,NC,Guilford,27406,36.014639,-79.795713,-79.795713,36.014639
33399,04110,Greensboro Fire Department,63,4306 Burlington Rd,Greensboro,NC,Guilford,27405,36.086918,-79.708725,-79.708725,36.086918
33400,07455,Greenville Fire And Rescue Department,1,500 S Green St ,Greenville,NC,Pitt,27835,35.6115,-77.3758,-77.3758,35.6115
33401,07455,Greenville Fire And Rescue Department,2,2490 Hemby Ln,Greenville,NC,Pitt,27834,35.6022,-77.41,-77.41,35.6022
33402,07455,Greenville Fire And Rescue Department,3,2400 S Charles Blvd,Greenville,NC,Pitt,27858,35.5833,-77.3615,-77.3615,35.5833000000001
33403,07455,Greenville Fire And Rescue Department,4,200 Staton Rd,Greenville,NC,Pitt,27834,35.6516,-77.3626,-77.3626,35.6516
33404,07455,Greenville Fire And Rescue Department,5,255 Rollins Dr,Greenville,NC,Pitt,27834,35.5731,-77.4074,-77.4073999999999,35.5731000000001
33405,07455,Greenville Fire And Rescue Department,6,3375 E 10 th St,Greenville,NC,Pitt,27834,35.5982,-77.3262,-77.3262,35.5982000000001
33406,07455,Greenville Fire And Rescue Department,7,"4170 Bayswater Rd		",Winterville,NC,Pitt,28590,35.553742,-77.367746,-77.367746,35.5537420000001
33407,05902,"Griffins Township Fire Department, Inc.",1,5120 Fire Department Road,Williamston,NC,Martin,27892,35.74036125,-77.0346,-77.0346,35.74036125
33408,09018,"Griffith Road Volunteer Fire Department, Inc.",13,3310 Griffith Road,Monroe,NC,Union,28112,34.92382368,-80.5596699,-80.5596699,34.9238236800001
33409,03406,"Griffith Volunteer Fire Department, Inc.",1,5190 Peters Creek Parkway,Winston Salem,NC,Forsyth,27127,36.00059234,-80.2647705,-80.2647704999999,36.00059234
33410,07431,"Grimesland Volunteer Fire Department, Inc.",1,4669 First Street,Grimesland,NC,Pitt,27837,35.56199745,-77.19171377,-77.19171377,35.56199745
33411,01018,"Grissettown-longwood Fire & Rescue, Inc.",1,758 Longwood Rd,Ocean Isle Beach,NC,Brunswick,28469,33.9666,-78.5166,-78.5166,33.9666
33412,02309,Grover Rural Volunteer Fire Department,1,206 S. Main St.,Grover,NC,Cleveland,28073,35.16957016,-81.44938239,-81.44938239,35.16957016
33413,07606,"Guil-Rand Fire Protective Association, Inc.",1,10506 South Main Street,Archdale,NC,Randolph,27263,35.89400869,-79.94015749,-79.94015749,35.8940086900001
33414,07606,"Guil-Rand Fire Protective Association, Inc.",2,8401 Hillsville Road,Sophia,NC,Randolph,27350,35.83353914,-79.94017166,-79.94017166,35.83353914
33415,07606,"Guil-Rand Fire Protective Association, Inc.",3,5711 Surrett Drive,Trinity,NC,Randolph,27370,35.89785649,-80.00111802,-80.00111802,35.89785649
33416,07606,"Guil-Rand Fire Protective Association, Inc.",4,7616 Harlow Road,Archdale,NC,Randolph,27263,35.88814346,-79.87083178,-79.8708317799999,35.88814346
33417,07606,"Guil-Rand Fire Protective Association, Inc.",5,6258 Welborn,Trinity,NC,Randolph,27370,35.86169565,-80.00702146,-80.00702146,35.8616956500001
33418,00408,"Gulledge Volunteer Fire Department, Inc.",1,2855 Gulledge Road,Wadesboro,NC,Anson,28170,34.8656,-80.1416,-80.1416,34.8656
33419,06705,"Half Moon Volunteer Fire Department, Inc.",1,4835 Gum Branch Rd ,Jacksonville,NC,Onslow,28540,34.83297984,-77.46237854,-77.46237854,34.8329798400001
33420,04204,"Halifax Fire and Rescue, Inc.",1,110 S Bradley Dr.,Halifax,NC,Halifax,27839,36.32352555,-77.59295137,-77.59295137,36.3235255500001
33421,04204,"Halifax Fire and Rescue, Inc.",2,71 Industrial Dr.,Halifax,NC,Halifax,27839,36.36310432,-77.66845573,-77.6684557299999,36.36310432
33422,08205,"Halls Fire & Rescue Department, Inc.",1,7730 Hobbton Highway,Clinton,NC,Sampson,28328,35.113196,-78.318307,-78.3183069999999,35.1131960000001
33423,02416,"Hallsboro Voluntary Fire Department, Inc.",1,754 Hallsboro Rd S,Hallsboro,NC,Columbus,28442,34.32163165,-78.59939434,-78.5993943399999,34.32163165
33424,05903,"Hamilton District Volunteer Fire-Ems Dept., Inc.",1,408 S. Front St.,Hamilton,NC,Martin,27840,35.93861145,-77.20430688,-77.2043068799999,35.9386114500001
33425,07703,Hamlet Fire Department,1,302 Champlain Street,Hamlet,NC,Richmond,28345,34.88461078,-79.70291913,-79.7029191299999,34.8846107800001
33426,02012,"Hanging Dog Volunteer Fire Department, Inc.",1,3839 Hanging Dog Road,Murphy,NC,Cherokee,28906,35.1568,-84.0444,-84.0443999999999,35.1568
33427,05612,Hankins-North Fork Volunteer Fire Department,1,3220 Hankins Road,Marion,NC,McDowell,28752,35.73046469,-81.99537125,-81.9953712499999,35.7304646900001
33428,05202,"Hargett's Crossroads Volunteer Fire Department, Inc.",1,8114 Hwy 41 W,Richlands,NC,Jones,28574,35.00331857,-77.63785137,-77.63785137,35.00331857
33429,01641,"Harkers Island Fire and Rescue Department, Inc.",1,1219 Island Rd,Harkers Island,NC,Carteret,28531,34.69320608,-76.54952875,-76.54952875,34.69320608
33430,02508,"Harlowe Volunteer Fire Department of Craven and Carteret Counties, N.C.",1,3930 Hwy 101,Havelock,NC,Craven,28532,34.8588,-76.7715,-76.7714999999999,34.8588
33431,02508,"Harlowe Volunteer Fire Department of Craven and Carteret Counties, N.C.",2,5161 Adams Creek Rd,Havelock,NC,Craven,28532,34.9206,-76.6839,-76.6838999999999,34.9206
33432,02508,"Harlowe Volunteer Fire Department of Craven and Carteret Counties, N.C.",3,801 Ferry Rd,Havelock,NC,Craven,28532,34.8954,-76.822,-76.8219999999999,34.8954000000001
33433,04903,"Harmony Volunteer Fire Department, Inc.",1,3351 Harmony Hwy,Harmony,NC,Iredell,28634,35.957074,-80.772083,-80.772083,35.957074
33434,04903,"Harmony Volunteer Fire Department, Inc.",2,645 Olin Loop Road,Olin,NC,Iredell,28660,35.9521,-80.8406,-80.8405999999999,35.9521
33435,08206,"Harrells Volunteer Fire Department, Inc.",1,606 Tomahawk Hwy,Harrells,NC,Sampson,28444,34.72789118,-78.20104898,-78.2010489799999,34.72789118
33436,08206,"Harrells Volunteer Fire Department, Inc.",2,4146 Ivanhoe Rd,Ivanhoe,NC,Sampson,28447,34.6107699,-78.24236838,-78.24236838,34.6107699
33437,08206,"Harrells Volunteer Fire Department, Inc.",3,1881 Scronce Rd,Harrells,NC,Sampson,28444,34.695,-78.2884,-78.2884,34.6950000000001
33438,04604,"Harrellsville Volunteer Fire Department, Inc.",1,227 E Main St,Harrellsville,NC,Hertford,27942,36.30141241,-76.78645708,-76.7864570799999,36.3014124100001
33439,01306,Harrisburg Fire Department,1,6450 Morehead Rd.,Harrisburg,NC,Cabarrus,28075,35.32438316,-80.66270385,-80.66270385,35.32438316
33440,01306,Harrisburg Fire Department,2,9045 Rocky River Rd.,Harrisburg,NC,Cabarrus,28075,35.2914,-80.6521,-80.6521,35.2914000000001
33441,01306,Harrisburg Fire Department,3,8045 Rocky River Road,Harrisburg,NC,Cabarrus,28075,35.3029188,-80.60477551,-80.60477551,35.3029188
33442,02916,"Hasty Fire & Rescue, Inc",1,1306 Joe Moore Road,Thomasville,NC,Davidson,27360,35.93984147,-80.07148466,-80.07148466,35.93984147
33443,02803,"Hatteras Fire Protective Association, Inc.",1,57717 NC Hwy 12,Hatteras,NC,Dare,27943,35.2193,-75.6904,-75.6904,35.2193
33444,02510,Havelock Fire And Rescue Department,1,2 Governmental Ave,Havelock,NC,Craven,28532,34.87578949,-76.90219155,-76.9021915499999,34.87578949
33445,02510,Havelock Fire And Rescue Department,2,859 Hwy 70 West,Havelock,NC,Craven,28532,34.92634606,-76.94643988,-76.94643988,34.9263460600001
33446,00108,Haw River Fire Department,1,403 East Main,Haw River,NC,Alamance,27258,36.09170157,-79.36344367,-79.36344367,36.0917015700001
33447,06706,"Haws Run Volunteer Fire Department, Inc.",1,904 Haws Run Rd,Jacksonville,NC,Onslow,28540,34.69549118,-77.55139271,-77.55139271,34.69549118
33448,09304,"Hawtree Volunteer Fire Department, Inc.",1,1724 US Highway 1,Norlina,NC,Warren,27563,36.48862884,-78.17070461,-78.17070461,36.48862884
33449,02906,"Healing Springs Fire Department, Inc.",1,18694 NC Highway 8,Denton,NC,Davidson,27239,35.61630812,-80.17721458,-80.1772145799999,35.61630812
33450,03311,"Heartsease Volunteer Fire Department, Inc.",1,8736 Hwy 64 Alt,Tarboro,NC,Edgecombe,27886,35.93353475,-77.66088542,-77.6608854199999,35.93353475
33451,09005,"Hemby Bridge Volunteer Fire Department, Inc.",1,6628 Mill Grove Road,Indian Trail,NC,Union,28079,35.11583,-80.6194,-80.6194,35.1158300000001
33452,09104,Henderson Fire Department,1,211 Dabney Dr,Henderson,NC,Vance,27536,36.32032478,-78.41689178,-78.41689178,36.3203247800001
33453,09104,Henderson Fire Department,2,205 North Garnett St,Henderson,NC,Vance,27536,36.32817861,-78.40194152,-78.40194152,36.3281786100001
33454,04508,Hendersonville Fire Department,1,851 North Main Street,Hendersonville,NC,Henderson,28739,35.3219042,-82.46224828,-82.46224828,35.3219042000001
33455,04508,Hendersonville Fire Department,2,632 Sugarloaf Road,Hendersonville,NC,Henderson,28792,35.33907862,-82.43118477,-82.43118477,35.3390786200001
33456,08215,"Herring Volunteer Fire & Rescue, Inc.",1,2021 Rabbit St,Clinton,NC,Sampson,28328,35.119774,-78.451342,-78.451342,35.1197740000001
33457,07203,Hertford Fire Department,1,328 Grubb St,Hertford,NC,Perquimans,27944,36.19018306,-76.4731077,-76.4731077,36.19018306
33458,01807,Hickory Fire Department,1,19 2nd Street NE,Hickory,NC,Catawba,28601,35.7328,-81.3348,-81.3348,35.7328000000001
