name,x,y
Hickory Fire Department,-81.31276437,35.7413261300001
Hickory Fire Department,-81.3573,35.7344000000001
Hickory Fire Department,-81.3879429099999,35.7425181900001
Hickory Fire Department,-81.2790839099999,35.70363601
Hickory Fire Department,-81.3283,35.7736
Hickory Fire Department,-81.3287999999999,35.7039
"Hickory Grove Volunteer Fire Department, Inc. of Bladen County",-78.4235356299999,34.7493440800001
Hicksboro Fire Department,-78.5010697399999,36.43088705
Hicksboro Fire Department,-78.39959656,36.4409455800001
"Hiddenite Fire Department, Inc.",-81.09282875,35.9021977400001
"Hiddenite Fire Department, Inc.",-81.0426068799999,35.9348131300001
High Point Fire Department,-80.0017,35.9658673000001
High Point Fire Department,-80.00621761,35.9502651400001
High Point Fire Department,-80.03419195,35.9543127800001
High Point Fire Department,-80.03289076,35.9995411
High Point Fire Department,-80.01449697,36.0176041400001
High Point Fire Department,-79.98772682,35.9309564700001
High Point Fire Department,-79.9792321899999,35.9787431
High Point Fire Department,-80.0241233799999,35.9393219300001
High Point Fire Department,-79.96632686,35.9552586200001
High Point Fire Department,-79.97127854,36.0311045600001
High Point Fire Department,-79.94006052,36.0406474800001
High Point Fire Department,-79.9829521299999,36.0556650500001
High Point Fire Department,-79.99304291,35.9977520800001
High Point Fire Department,-80.0065433199999,36.0686869900001
"Highfalls Fire and Rescue, Incorporated",-79.5214,35.4753200000001
"Highfalls Fire and Rescue, Incorporated",-79.407506,35.467132
Highlands Fire & Rescue,-83.2033749999999,35.0557370000001
Highlands Fire & Rescue,-83.1740753299999,35.08759974
Hillcrest Fire Department,-79.1858999999999,34.9931
"Hiwassee Dam Volunteer Fire Department, Inc.",-84.224777,35.1051340000001
"Hiwassee Dam Volunteer Fire Department, Inc.",-84.2524843099999,35.0918360700001
"Hiwassee Dam Volunteer Fire Department, Inc.",-84.1754994999999,35.1466126400001
"Hobbsville Volunteer Fire Department, Inc.",-76.6044256,36.3469304000001
"Hobgood Volunteer Fire Department, Incorporated",-77.39733755,36.02986724
"Hoffman Fire Department and Rescue Squad, Inc.",-79.5601,35.0259
"Hoffman Fire Department and Rescue Squad, Inc.",-79.5963,34.9807000000001
"Holly Grove Fire Department, Inc.",-80.1872,35.8161218000001
"Holly Ridge Volunteer Fire & Rescue Department, Inc.",-77.5542302599999,34.4964237900001
Holly Springs Fire-Rescue,-78.8199999999999,35.65639
Holly Springs Fire-Rescue,-78.8448,35.63831
Hookerton Volunteer Fire Department and Ems,-77.5864999999999,35.4243000000001
Hope Mills Fire Department,-78.95920956,34.9735088
"Hopkins Rural Fire Department, Inc.",-78.35462146,35.8850478100001
"Horneytown Volunteer Fire Department of Forsyth County, Inc.",-80.0603993399999,36.0185241300001
Hot Springs Fire Department,-82.831,35.888
"Howard's Creek Volunteer Fire Dept., Inc.",-81.3596916,35.4815950300001
"Howard's Creek Volunteer Fire Dept., Inc.",-81.34420192,35.4780495300001
"Hubert Volunteer Fire Department, Inc.",-77.25710822,34.7110910800001
"Hubert Volunteer Fire Department, Inc.",-77.250997969,34.7929101490001
"Hudlow Volunteer Fire Department, Inc.",-81.9120425099999,35.4142000000001
"Hudlow Volunteer Fire Department, Inc.",-81.88605061,35.45635731
"Hugh's Pond Volunteer Fire Department, Inc.",-81.3997502,35.4108000000001
"Hugo Volunteer Fire Department and Rescue, Inc.",-77.5329356299999,35.39068746
"Hugo Volunteer Fire Department and Rescue, Inc.",-77.56283487,35.3152299600001
"Hugo Volunteer Fire Department and Rescue, Inc.",-77.50401068,35.3396033600001
"Hugo Volunteer Fire Department and Rescue, Inc.",-77.466239,35.3734380000001
"Huntersville Fire Department, Inc.",-80.8430004099999,35.40947377
"Huntersville Fire Department, Inc.",-80.9154,35.4238
"Huntersville Fire Department, Inc.",-80.7816333499999,35.3896333800001
"Huntersville Fire Department, Inc.",-80.88575,35.3896300000001
"Huntsville Volunteer Fire Department, Inc.",-79.975,36.3384074200001
"Huntsville Volunteer Fire Department, Inc.",-79.8727720699999,36.3795102300001
Hurdle Mills Volunteer Fire Department,-79.05198927,36.27342974
Hurdle Mills Volunteer Fire Department,-79.1300475799999,36.32976411
"Icard Township Fire Rescue, Inc.",-81.42441417,35.7159560900001
"Icard Township Fire Rescue, Inc.",-81.467365,35.717992
"Idlewild Volunteer Fire Department, Incorporated",-80.7013551599999,35.16818418
Indian Beach-Salter Path Fire Department,-76.8904034399999,34.6874853100001
"Indian Springs Volunteer Fire Department, Inc.",-77.9612,35.2393000000001
"Inez Volunteer Fire Department, Inc.",-78.0976249,36.27826866
"Inter-County Volunteer Fire Department, Inc.",-76.3265502,36.2350615400001
"Jackson Community Volunteer Fire and Rescue, Inc.",-80.6949999999999,34.864
"Jackson Volunteer Fire Department, Incorporated",-77.41921761,36.3892431800001
Jacksonville Fire & Emergency Services,-77.4286999999999,34.7537
Jacksonville Fire & Emergency Services,-77.428018,34.7879080000001
Jacksonville Fire & Emergency Services,-77.37886,34.7603070000001
Jacksonville Fire & Emergency Services,-77.401,34.796
"Jamesville Community Volunteer Fire Department, Inc.",-76.90382262,35.8099587300001
"Jefferson Volunteer Fire Department, Inc.",-81.48211265,36.4250000000001
"Jerusalem Township Volunteer Fire Department, Inc.",-80.5355337,35.83110867
"Jonas Ridge Volunteer Fire & Rescue Department, Inc.",-81.89587976,35.97453892
"Jonathan Creek Volunteer Fire and Rescue, Inc.",-83.0174,35.5755
"Jordans Chapel Fire Department, Inc.",-78.2592999999999,35.2704000000001
Jot-Um-Down Volunteer Fire Department,-80.77938583,36.334079
"Julian Volunteer Fire and Rescue Department, Inc.",-79.65774519,35.9046804500001
"Junaluska Community Volunteer Fire Department, Inc.",-82.9585,35.5276000000001
"Jupiter Volunteer Fire Department, Incorporated",-82.5674999999999,35.7591
"Justice Rural Volunteer Fire Association, Inc.",-78.1699207,36.05518291
"Justice Rural Volunteer Fire Association, Inc.",-78.18825364,35.99742839
Kannapolis Fire Department,-80.6079999999999,35.5039
Kannapolis Fire Department,-80.6308,35.4838
Kannapolis Fire Department,-80.6066,35.4636
Kannapolis Fire Department,-80.6199,35.4461000000001
Kannapolis Fire Department,-80.6827,35.4435
Kelford Volunteer Fire Dept. Inc.,-77.2250999999999,36.1812
"Kelly Volunteer Fire Department, Inc.",-78.32199464,34.46603808
"Kelly Volunteer Fire Department, Inc.",-78.27858774,34.53595943
Kenansville Fire Department,-77.96156245,34.96286703
"Kenly Volunteer Fire Department, Incorporated",-78.125259,35.5942010000001
Kernersville Fire Department,-80.07414519,36.12665946
Kernersville Fire Department,-80.0616976219999,36.098981897
Kernersville Fire Department,-80.12098557,36.1322890800001
Kernersville Fire Department,-80.0997,36.08608
Kernersville Fire Department,-80.01685901,36.11369231
Kill Devil Hills Fire Department,-75.671547,36.0304776500001
"Kimesville Community Fire Department and Rescue, Inc.",-79.57279119,35.93629566
"King's Creek Volunteer Fire Department, Inc.",-81.41344291,35.9826482300001
Kings Mountain Fire Department,-81.34287743,35.2371255100001
Kings Mountain Fire Department,-81.36916437,35.2391051500001
Kinston Department of Fire and Rescue,-77.5752586,35.2684
Kinston Department of Fire and Rescue,-77.61793474,35.29838224
Kinston Department of Fire and Rescue,-77.6482545,35.26557748
"Kittrell Volunteer Fire Department, Incorporated",-78.44145324,36.2226925800001
Kitty Hawk Fire Department,-75.7100984799999,36.06483982
"Klondyke-Chadbourn Volunteer Fire & Rescue, Inc.",-78.8247732899999,34.3244082200001
Knightdale Fire Department,-78.4735939999999,35.8056060000001
Knightdale Fire Department,-78.47844787,35.7892521300001
Knightdale Fire Department,-78.4959210499999,35.75265647
Knightdale Fire Department,-78.5236409999999,35.78788
"Knotville Volunteer Fire Department, Inc.",-81.0907,36.2008000000001
"Kure Beach Volunteer Fire Department, Inc.",-77.910363,33.999264
La Grange Fire Department,-77.7869249,35.30679493
"Lake Gaston Volunteer Fire Department, Inc.",-78.09026822,36.5661508000001
"Lake James Fire and Rescue, Inc.",-81.81283603,35.77293503
"Lake Logan-Cecil Volunteer Fire Department, Inc.",-82.9204999999999,35.4300000000001
"Lake Logan-Cecil Volunteer Fire Department, Inc.",-82.90012899,35.46955717
Lake Lure Fire Department,-82.18784577,35.4203262500001
Lake Lure Fire Department,-82.18825953,35.4622083900001
Lake Norman Volunteer Fire and Rescue Department,-80.9242643699999,35.55577156
Lake Phelps Volunteer Fire Department,-76.4655,35.8304000000001
"Lake Tillery Fire and Rescue, Inc.",-80.07362105,35.3024847900001
"Lake Tillery Fire and Rescue, Inc.",-80.0732,35.2559000000001
"Lake Toxaway Fire Rescue, Inc.",-82.93191458,35.13666232
"Lake Toxaway Fire Rescue, Inc.",-82.9589,35.1049
Lake Waccamaw Fire and Rescue Department,-78.52232005,34.319619
Lake Waccamaw Fire and Rescue Department,-78.55648781,34.2933373600001
"Landis Municipal Fire Department, Inc.",-80.60832146,35.5469214400001
"Landis Municipal Fire Department, Inc.",-80.61340496,35.54460577
"Lanes Creek Volunteer Fire Department, Inc.",-80.43143522,34.8387559700001
"Lansing Volunteer Fire & Rescue, Inc.",-81.5105,36.4983
"Lansing Volunteer Fire & Rescue, Inc.",-81.496613,36.5538260000001
"Lasker Volunteer Fire Department, Incorporated",-77.3085,36.34971296
"Laurel Hill Fire Department, Inc.",-79.5473107299999,34.81340311
"Laurel Springs Volunteer Fire Department, Inc.",-81.263,36.4126000000001
"Laurel Volunteer Fire Department, Inc.",-82.7010160899999,35.96504328
"Laurel Volunteer Fire Department, Inc.",-82.641779,36.007327
"Laurel Volunteer Fire Department, Inc.",-82.6667805,35.9457538
Laurinburg Fire Department,-79.45850303,34.7825480000001
Laurinburg Fire Department,-79.4723482799999,34.7560534900001
Laurinburg Fire Department,-79.5067,34.7275000000001
Lawndale Volunteer Fire Department,-81.5645072899999,35.4130399000001
"Lawsonville Volunteer Fire & Rescue, Inc.",-80.2254766199999,36.48593099
"Leaksville Volunteer Fire Department, Inc.",-79.79539959,36.4788517600001
"Leasburg Volunteer Fire Department, Inc.",-79.2142532399999,36.40365682
"Leasburg Volunteer Fire Department, Inc.",-79.1591,36.3905
"Lebanon Volunteer Fire Department, Inc.",-78.9390999999999,36.11993534
"Lebanon Volunteer Fire Department, Inc.",-78.9129923,36.08855665
"Ledger Fire Department, Inc.",-82.11518047,35.9649649900001
"Leggett Volunteer Fire Department, Inc.",-77.58130041,35.9916956600001
"Leicester Volunteer Fire Department, Incorporated",-82.6960359999999,35.6575510000001
"Leicester Volunteer Fire Department, Incorporated",-82.8118394699999,35.67355688
"Leicester Volunteer Fire Department, Incorporated",-82.7306,35.6060000000001
Lemon Springs Volunteer Fire Department,-79.19281073,35.3892033600001
Lemon Springs Volunteer Fire Department,-79.2307,35.3556
Lenoir Fire Department,-81.5374532399999,35.91490435
Lenoir Fire Department,-81.5171180199999,35.8789086400001
Lenoir Fire Department,-81.50386,35.9254700000001
"Level Cross Voluntary Fire Department, Inc.",-79.8070309999999,35.889152
"Lewis Community Volunteer Fire Department, Inc.",-77.63276974,35.8589565300001
"Lewiston Woodville Volunteer Fire Department, Inc.",-77.17715708,36.1230183500001
Lexington Fire Department,-80.25052834,35.8224957800001
Lexington Fire Department,-80.31396482,35.77682595
Lexington Fire Department,-80.25964332,35.8454956100001
Lexington Fire Department,-80.262238,35.8114650000001
Liberty Fire Department,-79.5805,35.8515999800001
Lilesville Fire Department,-79.98650536,34.96818792
Lillington Fire Department,-78.8161961499999,35.39767641
Lillington Fire Department,-78.79992146,35.3576662500001
Lincolnton Fire Department,-81.258155,35.4719840000001
Lincolnton Fire Department,-81.20157662,35.48756403
"Linville Volunteer Fire Department, Inc.",-81.8699965599999,36.0796056500001
"Linville Volunteer Fire Department, Inc.",-81.8452,36.1245000000001
"Linwood Rural Fire Department, Inc.",-80.3130498,35.7606902200001
"Little Brushy Mountain Volunteer Fire Department, Inc.",-81.0285,36.1253
"Little River Fire Department of Transylvania County, Inc.",-82.6349,35.2572000000001
"Little River Fire Department of Transylvania County, Inc.",-82.66954752,35.2717848200001
"Little River Fire Department, Inc.",-81.403,35.907
"Little River Volunteer Fire Department, Inc.",-78.0708999999999,35.4689000000001
Little Swift Creek Volunteer Fire Department,-77.07002105,35.2276948300001
Little Swift Creek Volunteer Fire Department,-77.0500210499999,35.1678447100001
Little Swift Creek Volunteer Fire Department,-76.99477318,35.25599049
Little Swift Creek Volunteer Fire Department,-77.0845943099999,35.2533696200001
"Littleton Volunteer Fire Department, Inc.",-77.9071,36.4366000000001
"Littleton Volunteer Fire Department, Inc.",-77.85403884,36.4758725400001
"Locke Township Fire Department, Incorporated",-80.58719959,35.6534041
"Locke Township Fire Department, Incorporated",-80.5147137599999,35.66423947
"Locke Township Fire Department, Incorporated",-80.56955364,35.6182351900001
"Lone Hickory Volunteer Fire Department, Inc.",-80.7214262099999,36.06077451
"Long Bridge Volunteer Fire Department, Incorporated",-77.9650869399999,36.4984000000001
"Long Creek Volunteer Fire Department, Inc.",-80.8670999999999,35.3255
Long View Fire Department,-81.3790923,35.72932645
"Longtown Volunteer Fire Department, Inc.",-81.9193,35.7718
Louisburg Fire Department,-78.29895055,36.09716316
"Lovelady Volunteer Fire & Rescue Department, Incorporated",-81.5245249,35.74960844
"Lovelady Volunteer Fire & Rescue Department, Incorporated",-81.5033999999999,35.7403
"Lowell Volunteer Fire Department, Inc.",-81.10041953,35.2653721900001
Lower Currituck V. F. D. Inc.,-75.8868306699999,36.24813794
Lower Currituck V. F. D. Inc.,-75.94455131,36.35382034
Lower Currituck V. F. D. Inc.,-75.8344680499999,36.12230219
"Lucia-Riverbend Volunteer Fire Department, Inc.",-81.00089959,35.3731425300001
"Lumber Bridge Volunteer Fire Department, Inc.",-79.07688425,34.89150333
Lumberton Fire Department,-79.003234,34.6212320000001
Lumberton Fire Department,-79.038754,34.6191850000001
"Lyman Volunteer Fire Department, Inc.",-77.7464375499999,34.8541484200001
Macclesfield Rural Volunteer Fire Department,-77.664305,35.7497980000001
"Macon Rural Fire Department, Inc.",-78.0832831499999,36.4386834200001
Madison Fire Department,-79.9710394699999,36.3881209200001
"Maggie Valley Volunteer Fire Department, Inc.",-83.07754099,35.5120410500001
"Magnolia Volunteer Fire Department, Inc.",-78.05510688,34.8959924000001
Maiden Fire Department,-81.215,35.5766
Maiden Fire Department,-81.2567,35.5899000000001
"Manns Harbor Volunteer Fire Department, Inc.",-75.7683,35.8926000000001
"Mar-Mac Volunteer Fire Department, Inc.",-78.04740041,35.3359800700001
Marion Fire Department,-82.01013411,35.68400043
Mars Hill Volunteer Fire Department,-82.54826437,35.8277825700001
"Marshall Community Volunteer Fire Department, Incorporated",-82.68499079,35.7973672900001
"Marshallberg Voluntary Fire Department, Inc.",-76.5153,34.727
"Marshallberg Voluntary Fire Department, Inc.",-76.5449321899999,34.7274913800001
"Martin's Creek Volunteer Fire Department, Inc.",-84.0325099999999,35.027182
Matthews Fire & EMS,-80.72527658,35.1134484500001
Matthews Fire & EMS,-80.7208137599999,35.12524388
Matthews Fire & EMS,-80.6850689999999,35.132568
"Maury Volunteer Fire and Rescue Association, Inc.",-77.58157055,35.4812636400001
"Maury Volunteer Fire and Rescue Association, Inc.",-77.6137429999999,35.5205740000001
Mayodan Fire Department,-79.9774682199999,36.41477552
"Maysville Fire and EMS, Inc.",-77.23170729,34.90597682
"Maysville Fire and EMS, Inc.",-77.234866,34.8870600000001
"Maysville Fire and EMS, Inc.",-77.3330999999999,34.926
"McGrady Volunteer Fire and Rescue, Inc.",-81.2239,36.3260000000001
"McLeansville Fire Department, Inc.",-79.65926052,36.10643932
"McLeansville Fire Department, Inc.",-79.61120729,36.1351000000001
"McLeansville Fire Department, Inc.",-79.6404839099999,36.0756349600001
"Meadow Volunteer Fire Department, Inc.",-78.45477469,35.32047003
"Meat Camp Volunteer Fire Department, Inc.",-81.65098075,36.2728413500001
"Meat Camp Volunteer Fire Department, Inc.",-81.711674,36.2687230000001
Mebane Fire Department,-79.27085633,36.10193157
Mebane Fire Department,-79.26837756,36.0957803700001
Mebane Fire Department,-79.26824332,36.0634197700001
Merry Hill-Midway Volunteer Fire Department,-76.7852999999999,36.0357000000001
"Micro Volunteer Fire Department, Inc.",-78.2089746899999,35.5609825400001
"Mid-County Volunteer Fire Department, Inc.",-76.4935199399999,35.9507565700001
Middlesex Volunteer Fire Department,-78.2068,35.7911
"Midland Volunteer Fire and Rescue, Inc.",-80.5035999999999,35.2418000000001
"Midland Volunteer Fire and Rescue, Inc.",-80.56739656,35.2496840000001
"Midway Fire & Rescue Department, Inc.",-80.21597358,35.95296067
"Midway Fire & Rescue Department, Inc.",-80.1978536399999,35.9968569600001
"Mill Creek Fire Association, Inc.",-76.7488,34.7752
"Mill Spring Volunteer Fire Department, Inc.",-82.1618448099999,35.29917005
"Millennium Fire Department, Inc.",-77.09824291,36.24710982
"Miller's Ferry Road Fire Department, Incorporated",-80.3699999999999,35.6938000000001
"Miller's Ferry Road Fire Department, Incorporated",-80.3439999999999,35.6781
"Millers Creek Volunteer Fire Department, Inc.",-81.2351,36.188
"Millers Creek Volunteer Fire Department, Inc.",-81.36581761,36.2235216400001
"Millingport Volunteer Fire Department, Inc.",-80.30391602,35.38205873
"Mills River Fire & Rescue Department, Inc.",-82.5768040999999,35.3796245
"Mills River Fire & Rescue Department, Inc.",-82.5488,35.4099000000001
"Mills River Fire & Rescue Department, Inc.",-82.6147999999999,35.3481
"Mills River Fire & Rescue Department, Inc.",-82.6145999999999,35.3959
"Milton Voluntary Fire Department, Inc.",-79.20634448,36.53896202
"Milton Voluntary Fire Department, Inc.",-79.2406999999999,36.50212
"Mineral Springs Volunteer Fire and Rescue Department, Inc.",-80.6673783799999,34.9393119700001
"Mineral Springs Volunteer Fire and Rescue Department, Inc.",-80.62277434,34.93892084
"Mineral Springs Volunteer Fire and Rescue, Inc.",-80.22269195,36.18994372
"Mint Hill Volunteer Fire Department, Inc.",-80.6418321899999,35.17923677
"Mitchiner's Cross Road Rural Fire Department, Inc.",-78.39378198,36.12416066
Mocksville Fire Department,-80.56513603,35.8928390200001
"Momeyer Volunteer Fire-Rescue, Inc.",-78.05097166,35.9615344700001
"Moncure Volunteer Fire Department, Inc.",-79.0516325899999,35.6165367200001
"Moncure Volunteer Fire Department, Inc.",-79.0097194699999,35.5633065700001
Monroe Fire Department,-80.55155708,34.9841792
Monroe Fire Department,-80.52348775,34.9796033000001
Monroe Fire Department,-80.5656980799999,35.00711864
Monroe Fire Department,-80.61090344,35.02872868
Monroe Fire Department,-80.5423,35.0205
Monroe Fire Department,-80.592968,35.0665690000001
"Monroeton Volunteer Fire Department, Inc.",-79.7305459999999,36.2904120000001
"Monroeton Volunteer Fire Department, Inc.",-79.6912,36.2591
"Monticello Volunteer Fire Department, Inc.",-80.94350688,35.80663909
Mooresville Fire Department,-80.80687166,35.5859604
Mooresville Fire Department,-80.86898239,35.5919825500001
Mooresville Fire Department,-80.80893563,35.5519079700001
Mooresville Fire Department,-80.8266781899999,35.62298386
Mooresville Fire Department,-80.84287854,35.57673822
Mooresville Fire Department,-80.78293,35.6204500000001
"Moravian Falls Volunteer Fire Department, Inc.",-81.18239271,36.0930919300001
Morehead City Fire Department,-76.7216658899999,34.72337495
Morehead City Fire Department,-76.76604653,34.7265573
Morehead City Fire Department,-76.8183559999999,34.742826
Morganton Department Of Public Safety,-81.68725912,35.7507398500001
Morganton Department Of Public Safety,-81.73911802,35.7323345300001
Morganton Department Of Public Safety,-81.69291953,35.72530822
Moriah Volunteer Fire and Rescue Department,-78.82698006,36.2689384
Moriah Volunteer Fire and Rescue Department,-78.86201569,36.3167703300001
Morrisville Fire & Rescue Department,-78.8259425099999,35.82313057
Morrisville Fire & Rescue Department,-78.83541953,35.84556092
"Morven Volunteer Fire Department, Inc.",-79.9983,34.8634000000001
Mount Airy Fire Department,-80.60966397,36.49322669
Mount Airy Fire Department,-80.60531417,36.5149000000001
Mount Gilead Volunteer Fire Department,-80.00091953,35.21466494
Mount Holly Fire Department,-81.01308542,35.3048848
Mount Holly Fire Department,-81.02797125,35.2749124100001
Mount Holly Fire Department,-80.991730761,35.358008269
"Mount Mourne Volunteer Fire Department, Inc.",-80.84723522,35.53970794
Mount Olive Fire Department,-78.0644,35.1993000000001
Mount Pleasant Fire And Rescue Department,-80.4349,35.4005000000001
"Mountain Creek Fire Department, Inc.",-79.77450688,35.12592103
"Mountain Home Fire & Rescue Department, Inc.",-82.49346478,35.3720506700001
"Mountain Home Fire & Rescue Department, Inc.",-82.44980729,35.3669437500001
"Mountain Home Fire & Rescue Department, Inc.",-82.51459271,35.34835123
"Mountain Park Volunteer Fire Department, Incorporated",-80.85222834,36.3744259200001
"Mountain View Volunteer Fire Department of Catawba County, Inc.",-81.3405829,35.6730153
"Mountain View Volunteer Fire Department of Catawba County, Inc.",-81.4260336299999,35.66972944
"Mountain View Volunteer Fire Department of Catawba County, Inc.",-81.38598927,35.6755111200001
"Mountain View Volunteer Fire Department, Inc.",-81.1174,36.2487875200001
"Mountain View Volunteer Fire Department, Inc.",-81.1356,36.2998000000001
"Mountain/Valley Volunteer Fire & Rescue, Inc.",-83.3491999999999,35.2349
"Mountain/Valley Volunteer Fire & Rescue, Inc.",-83.3176,35.258
"Moyock Volunteer Fire Department and Rescue Squad, Inc.",-76.1741988799999,36.5236810600001
"Mt. Hope Community Fire Dept., Inc.",-79.6026888599999,35.9951819400001
"Mt. Mitchell Volunteer Fire Department, Inc.",-80.5509502,35.4970825300001
"Mulberry-Fairplains Volunteer Fire Department, Inc.",-81.1695,36.2226000000001
"Mulberry-Fairplains Volunteer Fire Department, Inc.",-81.231990621,36.2891620130001
Murfreesboro Fire Department,-77.09888972,36.4458050700001
Murphy Fire Department,-84.0377808699999,35.0847097400001
Murphy Fire Department,-84.02000315,35.10309561
Murphy Fire Department,-83.99575,35.12246
"N.W. Volunteer Fire/Rescue Department, Inc.",-78.14553567,34.2688773300001
"N.W. Volunteer Fire/Rescue Department, Inc.",-78.1598291,34.31391108
Nags Head Fire And Rescue,-75.61392834,35.93399536
Nags Head Fire And Rescue,-75.5852733099999,35.8862374400001
"Nahunta Volunteer Fire Department, Inc.",-78.0622249,35.50833799
"Nahunta Volunteer Fire Department, Inc.",-78.04839656,35.5844563700001
"Nakina Fire & Rescue Squad, Inc.",-78.6555,34.1028000000001
"Nakina Fire & Rescue Squad, Inc.",-78.64908239,34.0005822100001
"Nantahala Volunteer Fire and Rescue, Inc.",-83.62578315,35.20932401
"Nantahala Volunteer Fire and Rescue, Inc.",-83.63209398,35.25547276
Nashville Fire Department,-77.97077358,35.97084776
Nashville Fire Department,-77.9418039999999,35.96477
Navassa Volunteer Fire Department,-78.0096678099999,34.25648227
Navassa Volunteer Fire Department,-78.0444532399999,34.2966354500001
Nebo Volunteer Fire Department,-81.9311866899999,35.71373598
New Bern Fire Department,-77.0563317799999,35.10864015
New Bern Fire Department,-77.0224517199999,35.03397262
New Bern Fire Department,-77.09414595,35.1165297900001
New Hanover County Fire/Rescue,-77.91996245,34.2883041600001
New Hanover County Fire/Rescue,-77.97373714,34.2956772700001
New Hanover County Fire/Rescue,-77.9066,34.3398
New Hanover County Fire/Rescue,-77.7752336999999,34.29366564
New Hanover County Fire/Rescue,-77.8154249,34.27669752
New Hanover County Fire/Rescue,-77.86642606,34.29190665
New Hanover County Fire/Rescue,-77.8957493899999,34.13459971
New Hanover County Fire/Rescue,-77.90000688,34.0619377800001
"New Hope Fire Department, Inc.",-79.0295,35.97801
"New Hope Fire Department, Inc.",-79.0710605199999,36.01390868
"New Hope Volunteer Fire Department of Randolph County, Inc.",-80.0180590099999,35.5551138500001
"New Hope Volunteer Fire Department of Wayne County, Inc.",-77.8672999999999,35.3868000000001
"New Hope Volunteer Fire Department of Wayne County, Inc.",-77.82733204,35.4437018900001
"New Hope Volunteer Fire Department, Inc.",-81.07333603,35.2034474000001
"New London Volunteer Fire Department, Inc.",-80.21905172,35.44146993
"New River Volunteer Fire and Rescue Department, Inc.",-81.40921802,36.49326253
"New River Volunteer Fire and Rescue Department, Inc.",-81.41879155,36.5619719900001
"New Salem Volunteer Fire Department, Inc.",-80.3704382499999,35.13237716
"New Salem Volunteer Fire Department, Inc.",-80.44452029,35.1400482500001
"New Salem Volunteer Fire Department, Inc.",-80.42018583,35.0856253800001
"New Salem Volunteer Fire Department, Inc.",-80.33557627,35.1473197400001
"Newdale Volunteer Fire Department, Inc.",-82.196312,35.907614
"Newland Volunteer Fire Department, Incorporated",-81.9299030299999,36.08805606
Newport Fire Department,-76.8605497999999,34.7867017400001
Newport Fire Department,-76.93690692,34.8005697200001
Newton Fire Department,-81.2209245399999,35.66044442
Newton Fire Department,-81.22721417,35.68350043
Newton Fire Department,-81.26787166,35.6365348800001
Newton Grove Fire & Rescue,-78.35810729,35.2451479200001
"Nine Mile Volunteer Fire & Rescue, Inc.",-77.62767166,34.77702644
No 7 Township Fire and Rescue Dept of Craven County N C,-77.02347277,35.0722229300001
No 7 Township Fire and Rescue Dept of Craven County N C,-77.07313907,35.0661595
No 7 Township Fire and Rescue Dept of Craven County N C,-76.9944,35.0184
No. 9 Township Fire & Rescue,-77.20510688,35.1994334300001
No. 9 Township Fire & Rescue,-77.2649892699999,35.23710078
"Norlina Volunteer Fire Department, Inc.",-78.19578583,36.4456015000001
"North 321 Volunteer Fire Dept., Inc.",-81.2211287499999,35.5294043700001
"North 321 Volunteer Fire Dept., Inc.",-81.263392,35.5151135
"North Brook Volunteer Fire Department, Inc.",-81.4555999999999,35.4971
"North Brook Volunteer Fire Department, Inc.",-81.44741458,35.48662447
"North Brook Volunteer Fire Department, Inc.",-81.47972834,35.5495605
"North Canton United Fire Department, Incorporated",-82.83272181,35.55876326
"North Catawba Fire-Rescue Department, Inc.",-81.53962146,35.83273468
North Central Alamance Fire Department,-79.41561913,36.20438397
"North Chatham Volunteer Fire Department, Inc.",-79.09509464,35.8013694800001
"North Chatham Volunteer Fire Department, Inc.",-79.01644156,35.8152870000001
"North Chatham Volunteer Fire Department, Inc.",-79.1156605199999,35.84566956
"North Chatham Volunteer Fire Department, Inc.",-79.2108482799999,35.84753477
"North Chatham Volunteer Fire Department, Inc.",-79.00537166,35.73672523
"North Chatham Volunteer Fire Department, Inc.",-78.96677277,35.78362122
"North Chatham Volunteer Fire Department, Inc.",-79.0592675199999,35.7348614200001
"North East Cabarrus Volunteer Fire Department & Community Center, Inc.",-80.36848735,35.4390699300001
"North Eastern Alamance Volunteer Fire Department, Inc.",-79.32754099,36.1869905
"North Eastern Alamance Volunteer Fire Department, Inc.",-79.28392414,36.1987252000001
North Gaston Volunteer Fire & Rescue Inc.,-81.20113259,35.40128829
"North Lenoir Fire Protection Assoc, Inc.",-77.66208886,35.3251437700001
"North Lenoir Fire Protection Assoc, Inc.",-77.64678198,35.3026087600001
"North Lenoir Fire Protection Assoc, Inc.",-77.70844367,35.23589086
"North Lexington Triangle Fire Department, Inc.",-80.19961073,35.85301739
"North Raeford Fire Department, Inc.",-79.245764,34.990127
"North River & Laurel Road Voluntary Fire Department, Inc.",-76.6331226199999,34.8097775800001
"North Scotland Volunteer Fire & Rescue Department, Inc.",-79.36463365,34.8872458600001
"North Side Fire & Rescue, Inc.",-78.37866437,35.6911764500001
"North Side Fire & Rescue, Inc.",-78.3099264099999,35.6598261500001
"North Side Volunteer Fire Department, Inc.",-79.7442,34.9870000000001
"North Side Volunteer Fire Department, Inc.",-79.6895360299999,34.97770989
"North Stoneyview Volunteer Fire Department, Inc.",-79.97229423,36.53272672
North Topsail Beach Fire Department,-77.3563088,34.5229442
North Topsail Beach Fire Department,-77.4925517199999,34.4577636600001
"North Transylvania Fire Rescue, Inc.",-82.67263616,35.3033080700001
"North Transylvania Fire Rescue, Inc.",-76.6734999999999,34.8096
North Whiteville Volunteer Fire Department,-78.74,34.4238
North Wilkesboro Fire Department,-81.1499810299999,36.16456535
"Northeast Guilford Volunteer Fire Department, Inc.",-79.65830303,36.2096952200001
"Northeast Guilford Volunteer Fire Department, Inc.",-79.7586804699999,36.2296865500001
"Northeast Guilford Volunteer Fire Department, Inc.",-79.56460729,36.21676151
"Northeast Stokes Volunteer Fire Department and Rescue Squad, Incorporated",-80.10146781,36.49407575
"Northeast Volunteer Fire Department of Wayne County, Inc.",-77.87825213,35.5414952400001
"Northeast Volunteer Fire Department of Wayne County, Inc.",-77.84622594,35.5124368900001
"Northeast Volunteer Fire Department, Inc.",-77.9102965599999,34.78160574
"Northeast Volunteer Fire Department, Inc.",-77.93876089,34.7640561900001
Northern Wake Volunteer Fire Department,-78.6421999999999,35.9455
Northern Wake Volunteer Fire Department,-78.6095999999999,35.9837000000001
Northern Wake Volunteer Fire Department,-78.6849,35.9429000000001
Northern Wake Volunteer Fire Department,-78.6425,36.0345
Northern Wake Volunteer Fire Department,-78.6623999999999,35.8709000000001
"Northview Fire Department, Inc.",-79.18324291,35.5279332800001
"Northview Fire Department, Inc.",-79.2380513099999,35.5508349200001
"Northwest Harnett Volunteer Fire Department, Inc.",-78.8663999999999,35.5170000000001
"Northwest Harnett Volunteer Fire Department, Inc.",-78.9086,35.5249000000001
"Northwest Harnett Volunteer Fire Department, Inc.",-78.811856,35.5029430000001
"Northwest Rockingham County Fire Protection Association, Inc.",-79.98908542,36.4704792100001
"Northwood's Fire & Rescue Department, Incorporated",-78.98422297,34.6845632600001
"Northwood's Fire & Rescue Department, Incorporated",-78.90828606,34.7321030100001
"Number Seven Volunteer Fire Department, Inc.",-81.657299,35.317707
"Number Three Volunteer Fire Department, Inc.",-81.5300789899999,35.22176331
"Oak Grove Volunteer Fire Department, Inc.",-81.41149312,35.2781875900001
"Oak Hill Fire and Rescue Protection Association, Inc.",-81.7560605199999,35.77887408
"Oak Hill Fire and Rescue Protection Association, Inc.",-81.77078239,35.86997825
"Oak Hill Fire and Rescue Protection Association, Inc.",-81.789089,35.810907
Oak Island Fire Department,-78.1594679999999,33.9200890000001
Oak Island Fire Department,-78.0790949999999,33.909051
Oak Island Fire Department,-78.067965,33.928298
Oak Ridge Fire and Rescue Company,-79.99974251,36.1719094600001
Oak Ridge Fire and Rescue Company,-79.95532338,36.1523952900001
Oak Wolfe Fire Department,-77.9804781299999,35.11216675
"Oakboro Rural Volunteer Fire Department, Incorporated",-80.3278835,35.22415977
"Oakland Volunteer Fire Department, Inc.",-78.1249999999999,35.4085000000001
Ocean Isle Fire Department,-78.43999464,33.8999065
"Ocracoke Fire Protection Association, Inc.",-75.97765609,35.10908669
"Odell Volunteer Fire Department, Inc.",-80.72943522,35.44010281
"Odell Volunteer Fire Department, Inc.",-80.75259878,35.4718039700001
Old Dock/Cypress Creek Volunteer Fire Department and Auxiliary,-78.60398466,34.1904134700001
Old Dock/Cypress Creek Volunteer Fire Department and Auxiliary,-78.56043335,34.16803981
"Old Ford Volunteer Fire Department, Inc.",-77.06322834,35.6369689300001
"Old Fort Volunteer Fire Department, Inc.",-82.1802291499999,35.62945232
"Old Richmond Volunteer Fire Department and Rescue Squad, Inc.",-80.3883946399999,36.2029558300001
Olympia Volunteer Fire Department,-76.967843,35.1462090000001
Onslow County Fire Rescue ,-77.1875819799999,34.6606059000001
Onslow County Fire Rescue ,-77.1796749,34.7147665000001
"Orange Grove Volunteer Fire Company, Inc.",-79.193743,35.9802110000001
"Orange Grove Volunteer Fire Company, Inc.",-79.137928,35.9788520000001
"Orange Grove Volunteer Fire Company, Inc.",-79.23885668,36.0057913200001
"Orange Rural Fire Department No. 1, Inc.",-79.0995,36.0741
"Orange Rural Fire Department No. 1, Inc.",-79.1045379999999,36.137184
"Orange Rural Fire Department No. 1, Inc.",-79.07017,36.129876
"Orange Rural Fire Department No. 1, Inc.",-79.0938,36.0436800000001
"Ore Bank Pumpkin Center Volunteer Fire Dept., Inc.",-81.1200474,35.51337733
"Ore Bank Pumpkin Center Volunteer Fire Dept., Inc.",-81.1166448399999,35.5399432500001
"Oregon Hill Volunteer Fire District, Inc.",-79.6553,36.43588063
"Orrum Township Volunteer Fire Department, Inc.",-79.0371567299999,34.4763668300001
"Orrum Township Volunteer Fire Department, Inc.",-79.051631,34.40779
"Otto Volunteer Fire and Rescue, Inc.",-83.397597,35.059943
"Otto Volunteer Fire and Rescue, Inc.",-83.38477936,35.0893318
"Otway Volunteer Fire and Rescue Department, Incorporated",-76.55717125,34.7761291300001
"Oxford Fire Department, Inc.",-81.1473,35.7701000000001
"Oxford Fire Department, Inc.",-81.1791068799999,35.78895665
Oxford Fire Dept.,-78.5887843099999,36.3134982600001
"P. G. Volunteer Fire Department, Inc.",-82.0735965599999,35.69019087
"Pactolus Fire and Rescue Dept., Inc.",-77.22979807,35.6227452000001
"Pactolus Fire and Rescue Dept., Inc.",-77.29138047,35.6569261500001
Palmer Springs Volunteer Fire Department Incorporated ,-78.2397145799999,36.5606052100001
"Pantego Community Fire Protection Association, Inc.",-76.6631,35.5881000000001
"Parkton Fire and Rescue, Inc",-79.00339615,34.89891219
"Parkway Fire & Rescue, Inc.",-82.057777,35.8820170000001
"Parkway Fire & Rescue, Inc.",-82.023,35.8963000000001
"Parkway Fire & Rescue, Inc.",-82.0962,35.85411
"Pasquotank Providence V. F. D., Inc.",-76.265902,36.348483
"Pasquotank-Newland V. F. D., Inc.",-76.3959390699999,36.4166741000001
Pasquotank-Nixonton,-76.26326822,36.2228000000001
"Patetown Volunteer Fire Department, Inc.",-77.9345,35.4561
"Patetown Volunteer Fire Department, Inc.",-77.90271417,35.48939219
Patterson Fire-Rescue Department Inc.,-81.56365399,35.9984018100001
Patterson Fire-Rescue Department Inc.,-81.6073,36.0626500000001
Peachland Fire District of Anson County,-80.26506397,34.99314235
"Peachtree Fire District, Inc.",-83.9440999999999,35.092
"Pearces Mill Volunteer Fire Department, Inc.",-78.9025317799999,34.9978219700001
Pekin Volunteer Fire Department and First Responders,-79.8704498,35.20548247
"Pelham Volunteer Fire Department of Caswell County, N. C.",-79.47433907,36.5026466100001
Pembroke Fire Dept.,-79.1945467099999,34.67924486
"Pembroke Rural Voluntary Fire Department, Inc.",-79.1956632,34.70356715
"Pender EMS and Fire, Inc",-77.6505084,34.41516017
"Pender EMS and Fire, Inc",-77.69682297,34.37914062
"Pender EMS and Fire, Inc",-77.75057426,34.33276786
"Pender EMS and Fire, Inc",-77.9825999999999,34.4402000000001
"Pender EMS and Fire, Inc",-77.7843999999999,34.3744
"Pender EMS and Fire, Inc",-78.04193345,34.3978345900001
Penderlea Fire Department,-78.04731842,34.6609494200001
Penderlea Fire Department,-77.96352682,34.6452397200001
Penderlea Fire Department,-78.1036658899999,34.59341354
"Pensacola Volunteer Fire Department, Inc.",-82.3054339999999,35.8510263200001
"Perrytown Fire Department, Incorporated",-76.8004536399999,36.13776576
"Phillips Crossroad Fire Department, Inc.",-77.45257825,35.0872739000001
"Pikeville-Pleasant Grove Volunteer Fire Department, Inc.",-77.99311842,35.49659882
"Pilot Fire Department and Community Center of Davidson County, Inc.",-80.13677469,35.8783782400001
"Pilot Fire Department, Inc",-78.26575289,35.8883869200001
"Pilot Knob Volunteer Fire Department, Incorporated",-80.4816456,36.3785922000001
"Pin Hook Volunteer Fire Department, Inc.",-77.77713563,34.7496278200001
"Pine Hill Fire Department, Inc.",-79.3862379999999,35.0546850000001
Pine Knoll Shores Fire Department,-76.82399079,34.69518549
Pine Level Volunteer Fire Department Inc.,-78.2449,35.5135000000001
"Pine Ridge Volunteer Fire Department, Incorporated",-80.7402176099999,36.5113776100001
Pine Terrace Volunteer Fire Dept.,-79.00930117,34.59921195
Pinebluff Fire Department,-79.47516,35.10146
"Pinecroft-Sedgefield Fire District, Inc.",-79.8614951599999,35.9929970700001
"Pinecroft-Sedgefield Fire District, Inc.",-79.8984,35.9640000000001
"Pinecroft-Sedgefield Fire District, Inc.",-79.9010858299999,36.0170611500001
"Pinecroft-Sedgefield Fire District, Inc.",-79.83068542,35.94365234
"Pinecroft-Sedgefield Fire District, Inc.",-79.9358498,35.9978085000001
Pinetops Fire Department,-77.63846052,35.7902716300001
"Pinetown Volunteer Firemen's Association, Inc.",-76.8575999999999,35.6025000000001
"Pinetown Volunteer Firemen's Association, Inc.",-76.7839,35.6780000000001
"Piney Creek Volunteer Fire Department, Incorporated",-81.3024799999999,36.5491280000001
"Piney Green Volunteer Fire Department, Inc.",-77.3207189999999,34.7340790000001
"Piney Grove Volunteer Fire Department, Inc., of Sampson County",-78.219596,35.138853
"Piney Grove Volunteer Fire Department, Inc., of Sampson County",-78.2408799999999,35.203466
Pink Hill Fire Department,-77.74392146,35.05271995
Pittsboro Volunteer Fire and Rescue Department Inc.,-79.1789785399999,35.7182221200001
Pittsboro Volunteer Fire and Rescue Department Inc.,-79.20617125,35.7699566900001
Pittsboro Volunteer Fire and Rescue Department Inc.,-79.1940999999999,35.6118000000001
"Plain View Volunteer Fire Department, Inc.",-78.55139464,35.24351599
"Pleasant Garden Fire Department, Inc DBA as Central Piedmont",-79.762593,35.9634290000001
"Pleasant Garden Fire Department, Inc DBA as Central Piedmont",-79.7122839099999,35.9126435200001
"Pleasant Garden Fire Department, Inc DBA as Central Piedmont",-79.7177712499999,35.84435218
Pleasant Grove Volunteer Fire & EMS Department,-77.87327125,35.11310439
"Pleasant Hill Volunteer Fire Department, Inc.",-80.89156245,36.25936261
Plymouth Fire Department,-76.7329624499999,35.86293477
Pocket Volunteer Fire Department,-79.27859366,35.5010678900001
Pocket Volunteer Fire Department,-79.2848,35.4474000000001
Polkton Fire Department,-80.2044999999999,35.0061572700001
"Polkville Volunteer Fire Department, Inc.",-81.6434866499999,35.4144858400001
"Polkville Volunteer Fire Department, Inc.",-81.73137207,35.4345049
"Pollocksville Volunteer Fire Department, Inc.",-77.2173999999999,35.00206
"Pond Mountain Volunteer Fire and Rescue, Inc.",-81.67140956,36.5319603500001
"Pond Mountain Volunteer Fire and Rescue, Inc.",-81.65054443,36.4892727700001
"Pond Mountain Volunteer Fire and Rescue, Inc.",-81.60731265,36.5496817100001
"Ponzer Volunteer Fire & Rescue, Inc.",-76.46775172,35.57523202
"Pooletown Volunteer Fire Department, Inc.",-80.2440712499999,35.58755638
"Pooletown Volunteer Fire Department, Inc.",-80.25767703,35.52488514
Potters Hill Volunteer Fire Department,-77.7109367899999,34.9703483600001
"Powellsville Volunteer Fire Department, Inc.",-76.932329,36.2252030000001
"Powellsville Volunteer Fire Department, Inc.",-77.028587,36.1945450000001
Price Town Volunteer Fire Department,-77.8937,35.1697
"Princeton Volunteer Fire Department, Incorporated",-78.1629,35.4692000000001
"Princeton Volunteer Fire Department, Incorporated",-78.143339,35.514014
"Princeville Volunteer Fire Department, Inc.",-77.5259414,35.89030439
Propst Cross Roads Volunteer Fire Department No. 5,-81.3752823899999,35.62421361
Prospect Hill Voluntary Fire Department,-79.21373799,36.2985661000001
"Prospect Volunteer Fire Department, Inc.",-79.2306609299999,34.7334374700001
"Providence Community Fire Department, Inc.",-78.65405364,36.2546832
"Providence Fire and Rescue, Inc.",-79.36978542,36.49952074
"Providence Fire and Rescue, Inc.",-79.4125,36.4577
"Pumpkin Center Volunteer Fire Department, Inc.",-77.3701502,34.79405595
"Pungo River Volunteer Fire Department, Inc.",-76.6284663,35.6828871500001
"Puppy Creek Fire Department, Inc.",-79.1180337,35.0259679700001
"Qualla Volunteer Fire & Rescue Department, Incorporated",-83.3244999999999,35.4351
"Qualla Volunteer Fire & Rescue Department, Incorporated",-83.292,35.3995
Queheel Fire Department,-79.34462875,34.7426529000001
Queheel Fire Department,-79.3798750999999,34.6565676800001
Raeford Fire Department,-79.2182999999999,34.9846933800001
"Raft Swamp Fire and Rescue Department, Inc.",-79.0833038499999,34.65334705
Raleigh Durham Airport Fire Department,-78.78723947,35.8808609800001
Raleigh Fire Department,-78.64385982,35.7776161800001
Raleigh Fire Department,-78.6479474499999,35.74831478
Raleigh Fire Department,-78.6319873699999,35.7794778100001
Raleigh Fire Department,-78.64836651,35.88249626
Raleigh Fire Department,-78.66181045,35.7883005900001
Raleigh Fire Department,-78.65576522,35.8090176600001
Raleigh Fire Department,-78.61281143,35.7925826100001
Raleigh Fire Department,-78.70869024,35.7861305600001
Raleigh Fire Department,-78.6433413999999,35.84125162
Raleigh Fire Department,-78.6130588899999,35.74173297
Raleigh Fire Department,-78.60053583,35.8196680400001
Raleigh Fire Department,-78.5625689999999,35.7675130000001
Raleigh Fire Department,-78.70173498,35.81581937
Raleigh Fire Department,-78.60796928,35.8667315800001
Raleigh Fire Department,-78.6731840099999,35.85260563
Raleigh Fire Department,-78.71169274,35.8596406500001
Raleigh Fire Department,-78.68085158,35.89406833
Raleigh Fire Department,-78.57097292,35.85631561
Raleigh Fire Department,-78.69275429,35.7559869400001
Raleigh Fire Department,-78.55611062,35.8109717400001
Raleigh Fire Department,-78.57066639,35.8977755400001
Raleigh Fire Department,-78.72694396,35.8968994900001
Raleigh Fire Department,-78.7967996199999,35.9016746500001
Raleigh Fire Department,-78.55882804,35.9401069
Raleigh Fire Department,-78.55468753,35.7323151300001
Raleigh Fire Department,-78.5415004399999,35.8413190300001
Raleigh Fire Department,-78.51023013,35.8822494
Raleigh Fire Department,-78.7513319999999,35.9190540000001
Ramseur Volunteer Fire Department,-79.64952146,35.73306547
Randleman Fire Department,-79.80488163,35.81734993
Randleman Fire Department,-79.87586967,35.84001377
"Ranger Volunteer Fire Department, Inc.",-84.1258,35.023
"Ranger Volunteer Fire Department, Inc.",-84.1443199999999,35.0388510000001
"Ranlo Volunteer Fire and Rescue, Inc.",-81.129012,35.2885870000001
Raynham-Mcdonald Volunteer Fire Dept.,-79.19451802,34.5746883400001
"Red Oak Community Rural Fire Dept., Inc.",-77.4444521299999,35.5686727400001
"Red Oak District Volunteer Fire Department, Inc.",-77.90281458,36.0346516000001
"Red Oak District Volunteer Fire Department, Inc.",-77.8540459499999,36.0080347200001
Red Springs Fire Department,-79.18215,34.817347
"Redwood Volunteer Fire Department, Inc.",-78.79254787,36.0260000000001
"Redwood Volunteer Fire Department, Inc.",-78.85488198,36.0568005100001
"Redwood Volunteer Fire Department, Inc.",-78.7787751,35.97635674
"Reeds Fire Department, Inc.",-80.3274,35.8501900000001
"Reelsboro Volunteer Fire-Rescue, Inc.",-76.9188061799999,35.1329142000001
"Reems Creek Valley Fire Department, Incorporated",-82.50929195,35.6944089200001
"Reems Creek Valley Fire Department, Incorporated",-82.53156523,35.64187194
Reidsville Fire Department,-79.6646742899999,36.3572747200001
Reidsville Fire Department,-79.65308198,36.3351518600001
Reidsville Fire Department,-79.69653219,36.33669258
Rennert Volunteer Fire Department,-79.07817125,34.81813083
"Reynolds Volunteer Fire Department, Incorporated",-82.4766344499999,35.55165544
"Rheasville Volunteer Fire Department, Inc.",-77.70361918,36.4093280600001
"Rheasville Volunteer Fire Department, Inc.",-77.78648542,36.3858531700001
"Rhems Volunteer Fire Department, Inc.",-77.1807750999999,35.07155269
"Rhems Volunteer Fire Department, Inc.",-77.15158775,35.0760965800001
"Rhodestown Volunteer Fire Department, Inc.",-77.516305,34.8165240000001
Rhodhiss Fire Department,-81.4320999999999,35.7670000000001
"Riceville Volunteer Fire Department, Incorporated",-82.47212029,35.6307681500001
"Rich Square Fire and Rescue, Inc.",-77.28767755,36.27358037
"Richfield-Misenheimer Fire Department, Incorporated",-80.26444595,35.4704446600001
"Richlands Volunteer Fire Department, Inc.",-77.54620729,34.9008088
"Ridgecrest Volunteer Fire Department, Inc.",-80.36255668,35.3194050500001
"Ridgeway Volunteer Rural Fire Association, Inc.",-78.23597166,36.43674242
Rimer Volunteer Fire Department and Medical Responders,-80.48171569,35.4761699000001
"Roanoke Island Volunteer Fire Department, Inc.",-75.6772,35.9161
"Roanoke Island Volunteer Fire Department, Inc.",-75.6405999999999,35.8429
Roanoke Rapids Fire Department,-77.6547528299999,36.4619490000001
Roanoke Rapids Fire Department,-77.6466015199999,36.42468418
"Roanoke-Wildwood Volunteer Fire Department, Incorporated",-77.90629079,36.5307232700001
"Roanoke-Wildwood Volunteer Fire Department, Incorporated",-77.85048047,36.52235689
"Roaring River Volunteer Fire Department, Inc.",-81.0208,36.2071
"Roaring River Volunteer Fire Department, Inc.",-81.0190980799999,36.15230396
Robbins Fire Department,-79.5882999999999,35.4344
Robersonville Fire Department,-77.25341073,35.82292196
"Robinson Volunteer Fire Department and Rescue, Inc.",-80.6575,35.2441000000001
"Rock Ridge Fire Department, Inc.",-78.0663506499999,35.7013970100001
"Rock Ridge Fire Department, Inc.",-78.12904262,35.6806292200001
"Rockfish Fire Department, Inc.",-79.065843,34.991722
Rockingham Fire Department,-79.77185324,34.9368583200001
Rockingham Fire Department,-79.74003515,34.9640093900001
Rockwell City Fire Department,-80.4102552699999,35.55215199
"Rockwell Rural Fire Department, Incorporated",-80.4178854199999,35.5534072900001
"Rockwell Rural Fire Department, Incorporated",-80.4179999999999,35.5205700000001
Rocky Mount Fire Department,-77.79095942,35.9383790000001
Rocky Mount Fire Department,-77.8049766199999,35.9358958600001
Rocky Mount Fire Department,-77.84835242,35.95246252
Rocky Mount Fire Department,-77.7870746899999,36.00452604
Rocky Mount Fire Department,-77.7539678099999,35.94685989
Rocky Mount Fire Department,-77.8152421,35.9657658200001
Rocky Mount Fire Department,-77.7707697399999,36.0479874700001
"Rocky Point Volunteer Fire Department, Inc.",-77.88235557,34.4431929
"Rocky Point Volunteer Fire Department, Inc.",-77.89420224,34.3875452
Rolesville Fire Department,-78.45722146,35.9224567300001
"Ronda Community Volunteer Fire Department, Inc.",-80.94131802,36.21863941
"Ronda Community Volunteer Fire Department, Inc.",-80.92980041,36.17521894
"Roper Fire Department, Inc.",-76.6222658899999,35.8749609000001
Rose Hill Fire & Rescue Dept.,-78.02857778,34.82453486
Roseboro Fire Department,-78.5194,34.9594000000001
"Roseland Volunteer Fire Department, Inc.",-78.8391999999999,34.2330000000001
"Rosewood Volunteer Fire Department, Inc.",-78.0747,35.4145
"Rosman Fire/Rescue, Inc.",-82.82285754,35.1449719
"Rowan-Iredell Voluntary Fire Department, Incorporated",-80.70940111,35.81110446
"Rowland Rural Fire Department, Inc.",-79.29001498,34.5398786900001
"Rowland Rural Fire Department, Inc.",-79.2939927099999,34.5380972200001
Roxboro Fire Department,-78.98522105,36.39421
Roxboro Fire Department,-78.9831249,36.3763505100001
Roxboro Fire Department,-78.96775726,36.4257953600001
"Roxobel Volunteer Fire Department, Inc.",-77.2444,36.2016
"Ruffin Volunteer Fire Department, Inc",-79.5452843099999,36.4470471500001
"Ruffin Volunteer Fire Department, Inc",-79.555369,36.5122253000001
Rural Hall Fire And Rescue,-80.29169924,36.2411020500001
Rutherfordton Fire Department,-81.96047895,35.3685612400001
Rutherfordton Fire Department,-81.989338,35.3144270000001
"Saddletree Volunteer Fire Department, Inc.",-79.0048,34.71266
"Salem Community Fire and Rescue Protection Association, Inc",-81.6999141699999,35.69577467
"Salem Community Fire and Rescue Protection Association, Inc",-81.632312,35.7040379200001
"Salem District Volunteer Fire Department, Inc.",-77.86227166,36.1136740000001
"Salemburg Volunteer Fire Dept., Inc.",-78.5017,35.0219000000001
Salisbury Fire Department,-80.4648999999999,35.6635000000001
Salisbury Fire Department,-80.50252875,35.6490912800001
Salisbury Fire Department,-80.48225324,35.6837605700001
Salisbury Fire Department,-80.52549154,35.69618217
Salisbury Fire Department,-80.529819,35.628156
"Saluda Volunteer Fire & Rescue, Inc.",-82.3505,35.2331
"Sand Hill Volunteer Fire Department, Inc.",-77.4684555699999,35.29839423
Sandy Bottom Volunteer Fire and Rescue Inc.,-77.70693202,35.2049101200001
"Sandy Mush Volunteer Fire Department, Inc.",-81.8457386599999,35.29350141
"Sandy Mush Volunteer Fire Department, Inc.",-81.84405033,35.26874243
"Sandy Ridge Fire and Rescue Department, Inc.",-80.58529464,34.8746310500001
Sanford Fire Department,-79.17932682,35.4878646000001
Sanford Fire Department,-79.15687854,35.45663396
Sanford Fire Department,-79.2196360299999,35.4813427400001
Sanford Fire Department,-79.15236,35.55931
"Sanoca Rural Fire District, Inc.",-77.77169312,35.66015487
Sarecta Fire Department,-77.85763603,34.9790033
"Saulston Volunteer Fire Department, Inc.",-77.8958,35.4389
"Saunook Volunteer Fire Department, Inc.",-83.0560287499999,35.4521
Savannah Volunteer Fire Department,-83.26473907,35.29533135
Savannah Volunteer Fire Department,-83.2816,35.2525000000001
Savannah Volunteer Fire Department,-83.263,35.3294500000001
"Sawmills Volunteer Fire & Rescue, Inc.",-81.4742854199999,35.82496172
"Scotch-Irish Fire Department, Incorporated",-80.62923907,35.81123051
Scotland Neck Fire Department,-77.4209999999999,36.1299700000001
Scotland Neck Fire Department,-77.502189,36.1698420000001
"Scranton Volunteer Fire Department, Inc.",-76.49,35.4646000000001
"Seaboard Volunteer Fire Department, Inc.",-77.4427184199999,36.4904277700001
"Seagrove Rural Volunteer Fire Department, Inc.",-79.77449656,35.5411
Selma Fire Department,-78.2816999999999,35.5365
"Semora Volunteer Fire Department, Inc.",-79.1495854199999,36.4987929000001
Seven Devils Fire Department,-81.7993999999999,36.1559
"Seven Lakes Fire, Rescue, and EMS",-79.57324291,35.27085256
"Seven Springs Community Volunteer Fire Department, Inc.",-77.852592,35.2231109000001
"Severn Volunteer Fire Department, Incorporated",-77.18207854,36.51666383
Shallotte Fire Department,-78.3810658899999,33.9743178000001
Shallotte Fire Department,-78.4263195299999,33.9869177900001
Shallotte Fire Department,-78.41431761,33.9615389000001
"Shallotte Point Volunteer Fire Department, Inc.",-78.3788249999999,33.925399
"Shanghai Volunteer Fire Department, Inc.",-81.608935,35.240935
"Shannon Volunteer Fire Department, Inc.",-79.1387283399999,34.8473855400001
"Sharp Point Volunteer Fire Department, Inc.",-77.5831819799999,35.71744355
"Sharpsburg Fire Prevention Association, Inc.",-77.82989312,35.8697325900001
Shawneehaw Volunteer Fire Department,-81.81073143,36.19250607
"Sheffield-Calahaln Volunteer Fire Department, Inc.",-80.67855708,35.9707654100001
Shelby Fire Department,-81.53055749,35.3024709600001
Shelby Fire Department,-81.56100729,35.28779633
Shelby Fire Department,-81.4883,35.2761
"Shepherds Cross-Roads Volunteer Fire Department, Inc.",-81.00957621,36.27189895
"Shepherds Fire-Rescue, Inc.",-80.82653143,35.6229100200001
"Shepherds Fire-Rescue, Inc.",-80.8991502,35.5960349000001
"Shepherds Fire-Rescue, Inc.",-80.80656093,35.75086939
"Shepherds Fire-Rescue, Inc.",-80.77696093,35.6970215800001
"Sherrills Ford - Terrell Fire & Rescue, INC.",-80.99104291,35.58407314
"Sherrills Ford - Terrell Fire & Rescue, INC.",-81.03582875,35.5740349100001
"Sherrills Ford - Terrell Fire & Rescue, INC.",-81.0158084,35.56719745
"Sherrills Ford - Terrell Fire & Rescue, INC.",-80.9838149999999,35.6363490000001
"Shiloh Community Fire Protection Association, Inc.",-79.86545749,36.4494237100001
"Shiloh-Danieltown-Oakland Volunteer Fire Department, Inc.",-81.9056922999999,35.2883474600001
"Shiloh-Danieltown-Oakland Volunteer Fire Department, Inc.",-81.9288999999999,35.21027924
"Shine Rural Volunteer Fire and EMS Association, Inc.",-77.7914241399999,35.4415973000001
"Shingle Hollow Volunteer Fire Department, Inc.",-82.0717,35.4739000000001
"Shoals Volunteer Fire District, Inc.",-80.49987895,36.3027265100001
Sidney Volunteer Fire Department Inc.,-76.60861761,35.3973486800001
Sidney Volunteer Fire Department Inc.,-76.6601146099999,35.4738077700001
Siler City Fire Department,-79.4646847499999,35.7252
"Silk Hope Volunteer Fire Department, Inc.",-79.36949079,35.7810000000001
"Silk Hope Volunteer Fire Department, Inc.",-79.4494999999999,35.8142
"Silver Lake Volunteer Fire Department, Inc.",-77.95159398,35.7956926200001
"Silver Valley Fire Department, Inc.",-80.09946245,35.72548225
"Silver Valley Fire Department, Inc.",-80.14820344,35.7156958200001
"Simpson Rural Fire Dept., Inc.",-77.27556128,35.57450436
Sims Community Rural Fire Department,-78.0531965599999,35.7588522400001
"Skull Camp Volunteer Fire Department, Incorporated",-80.82118583,36.4994
"Skull Camp Volunteer Fire Department, Incorporated",-80.8695,36.5294862100001
"Skull Camp Volunteer Fire Department, Incorporated",-80.7995999999999,36.462991
Sky Valley - Scaly Mountain Volunteer Fire and Rescue Department Incorporated,-83.30541962,35.0194006
Sky Valley - Scaly Mountain Volunteer Fire and Rescue Department Incorporated,-83.327987,34.99091
Skyland Fire and Rescue Corporation,-82.5239878099999,35.4844739500001
Skyland Fire and Rescue Corporation,-82.5739,35.4638
Skyland Fire and Rescue Corporation,-82.4792379,35.4872196600001
Skyland Fire and Rescue Corporation,-82.53042232,35.5157385200001
"Smith Chapel Volunteer Fire Department, Inc.",-78.1548999999999,35.2067000000001
"Smith Grove Volunteer Fire Department, Inc.",-80.48273067,35.9846781300001
Smithfield Fire Department,-78.3447459499999,35.50958253
Smithfield Fire Department,-78.3618999999999,35.5263200000001
Smiths Volunteer Fire Department,-79.2909727699999,34.81034585
Smyrna Township Volunteer Fire Department,-79.02963026,34.5415790600001
"Snow Camp Volunteer Fire Department, Inc.",-79.4279,35.8833000000001
"Snow Camp Volunteer Fire Department, Inc.",-79.49609271,35.91224794
"Snow Camp Volunteer Fire Department, Inc.",-79.50584636,35.85712174
"Snow Camp Volunteer Fire Department, Inc.",-79.43315172,35.9239826200001
"Snow Hill Rural Fire Department, Incorporated",-77.65684879,35.4413579600001
"Soul City Volunteer Rural Fire Association, Inc.",-78.2660965599999,36.4154431700001
"South Antioch Volunteer Fire Department, Inc.",-79.205482,34.8801500000001
"South Camden Fire Department, Inc.",-76.1797,36.3349000000001
"South Camden Fire Department, Inc.",-76.06377171,36.2732300600001
"South Davidson Fire Department, Inc.",-80.09787854,35.5706691
South Edgecombe Rural Fire Department,-77.5855,35.8164800000001
South Edgecombe Rural Fire Department,-77.63884408,35.7904261100001
"South Iredell Volunteer Fire Department, Inc.",-80.77456741,35.56776182
"South Lexington Volunteer Fire Department, Inc.",-80.2361999999999,35.7467
"South Mills Volunteer Fire Department, Inc.",-76.333516,36.4714900000001
"South Mills Volunteer Fire Department, Inc.",-76.331419,36.445476
"South Mountains Fire Rescue, Inc.",-81.56297166,35.5829778400001
"South River-Merrimon Fire & Ems, Inc.",-76.5999199999999,34.9601700000001
"South Salisbury Fire Department, Incorporated",-80.48956781,35.6191569900001
"South Side Volunteer Fire Department, Incorporated",-80.1958,35.3096
"South Side Volunteer Fire Department, Incorporated",-80.1774643699999,35.32039502
South Stokes Volunteer Fire Department,-80.2208957399999,36.3498135900001
South Stokes Volunteer Fire Department,-80.2269716599999,36.28572704
"South Surry Volunteer Fire Dept., Inc.",-80.6731,36.3102000000001
"South Surry Volunteer Fire Dept., Inc.",-80.6285999999999,36.3454
"South Surry Volunteer Fire Dept., Inc.",-80.7189999999999,36.3225200000001
"South Toe Volunteer Fire and Rescue, Incorporated",-82.1897539999999,35.841126
"South Toe Volunteer Fire and Rescue, Incorporated",-82.183601,35.7696570000001
"Southeast Pamlico Volunteer Fire Department and EMS, Inc.",-76.6892999999999,35.0479
"Southeast Pamlico Volunteer Fire Department and EMS, Inc.",-76.6201981899999,35.0710298600001
"Southeast Volunteer Fire Department, Inc.",-79.6786249,35.94085461
Southern Pines Fire & Rescue Department,-79.3965716599999,35.17814738
Southern Pines Fire & Rescue Department,-79.4028,35.2366000000001
"Southern Shores Volunteer Fire Department, Inc.",-75.7341022699999,36.09759597
"Southmont Fire Department, Incorporated",-80.26362834,35.6594728600001
"Southmont Fire Department, Incorporated",-80.2924834299999,35.6896125000001
"Southpoint Volunteer Fire Department, Inc.",-81.02152509,35.18668769
Southport Fire Department,-78.0231065899999,33.93058045
Southport Fire Department,-78.0504,33.9493600000001
Southport Fire Department,-78.074,33.9040200000001
"Southwest Volunteer Fire Department, Inc.",-77.51156781,34.7466939500001
"Southwood Volunteer Fire Department, Inc.",-77.56130653,35.19953507
"Sparta - Alleghany Volunteer Fire Department, Inc.",-81.12128659,36.50806949
"Speed Volunteer Fire Department, Inc.",-77.43970781,35.9693094300001
Spencer Fire Department,-80.43207813,35.68983
"Spencer Mountain Road Volunteer Fire Department, Inc.",-81.14817895,35.32690504
Spindale Fire Dept.,-81.9291429099999,35.3559681200001
"Spivey's Corner Volunteer Fire Department, Inc.",-78.484006,35.196441
"Spout Springs Emergency Services, Inc.",-79.0681774299999,35.27679562
"Spout Springs Emergency Services, Inc.",-79.11109312,35.2819000000001
"Spring Creek Volunteer Fire Department, Inc.",-82.8742999999999,35.7679000000001
"Spring Hope Fire Department, Tar River Fire District, Inc.",-78.11550612,35.94200858
Spring Lake Fire Department,-78.98421802,35.17042631
Spring Lake Fire Department,-78.9503999999999,35.2073
"Springhill-Friendship Volunteer Fire Department, Inc.",-79.44743219,34.92266714
"Springhill-Friendship Volunteer Fire Department, Inc.",-79.5447,34.9093800000001
"Spruce Pine Fire and Rescue Squad, Inc.",-82.07232146,35.90899145
"Spruce Pine Fire and Rescue Squad, Inc.",-82.12776933,35.9031870200001
"St. James Fire Department, Inc.",-78.09423026,33.9430531400001
"St. James Fire Department, Inc.",-78.1168,33.9602
"St. James Volunteer Fire Department, Inc.",-78.5427,34.3974195100001
"St. John Fire Dept., Inc.",-77.0889414,36.30611786
St. Pauls Fire Department,-78.98058431,34.80536476
"St. Stephens Fire Department, Inc.",-81.2775,35.7548786200001
"St. Stephens Fire Department, Inc.",-81.2495,35.7707473400001
"Stack Road Volunteer Fire Department & Rescue Squad, Inc.",-80.5082268199999,34.90173722
"Staley Volunteer Fire Department, Inc.",-79.55046437,35.79306511
"Staley Volunteer Fire Department, Inc.",-79.58185172,35.73747838
"Stallings Volunteer Fire Department, Inc.",-80.6743755099999,35.06524391
"Stanhope Community Volunteer Fire Department, Inc.",-78.0878249,35.86555652
Stanley Volunteer Fire Department,-81.0968931199999,35.36765748
Stantonsburg - Moyton Volunteer Fire Department Inc.,-77.8201999999999,35.6057000000001
Star Fire Department,-79.7843501999999,35.39296734
"State Road Volunteer Fire Department, Inc.",-80.875802,36.331101
"State Road Volunteer Fire Department, Inc.",-80.9169209999999,36.361366
Statesville Fire Department,-80.8889180199999,35.78152185
Statesville Fire Department,-80.9190628599999,35.7864913000001
Statesville Fire Department,-80.85856052,35.77954778
Statesville Fire Department,-80.82770448,35.81161172
"Staton House Fire and Rescue Department, Inc.",-77.3656081,35.6546681500001
"Staton House Fire and Rescue Department, Inc.",-77.34548239,35.69955585
Stecoah Township Rescue Squad and Fire Department Inc.,-83.6926999999999,35.3675000000001
"Stedman Volunteer Fire Department, Inc.",-78.6881,35.0081300000001
"Steele Creek Fire Department, Inc.",-80.96349924,35.16950439
"Steele Creek Fire Department, Inc.",-81.004132,35.144929
"Steele Creek Fire Department, Inc.",-81.0207799999999,35.0723600000001
"Stem Community Fire Department and Ems, Inc.",-78.7212498,36.2000302800001
"Stewart Simmons Volunteer Fire Department of Watauga County, Inc.",-81.5600559499999,36.2020402800001
"Stewart Simmons Volunteer Fire Department of Watauga County, Inc.",-81.51431,36.1694350000001
"Stewart Simmons Volunteer Fire Department of Watauga County, Inc.",-81.5228999999999,36.1518090000001
"Stewartsville Volunteer Fire Department, Incorporated",-79.44250536,34.7003146700001
"Stokes-Rockingham Volunteer Fire Department and Rescue Squad, Inc.",-80.0509129499999,36.33982466
"Stokes-Rockingham Volunteer Fire Department and Rescue Squad, Inc.",-80.08537703,36.42049137
"Stokesdale Fire District, Inc.",-79.9846716599999,36.24144327
Stoneville Fire Department,-79.90636553,36.46726069
"Stonewall Rural Fire Department, Inc.",-79.151136,34.925731
"Stoney Point Fire Department, Inc.",-79.02195405,34.9841341700001
"Stoney Point Fire Department, Inc.",-79.00846286,34.94824184
"Stony Point Volunteer Fire Department, Inc.",-81.0447,35.8612000000001
"Stony Point Volunteer Fire Department, Inc.",-81.1066,35.8224000000001
"Stovall Volunteer Fire Department, Inc.",-78.57172286,36.4455659700001
"Strickland Cross Roads Fire Department, Incorporated",-78.36463563,35.36695
"Stumpy Point Volunteer Fire Department, Inc.",-75.74221417,35.6997606
"Sugar Hill-Montford Cove Volunteer Fire Department, Inc.",-82.046331,35.58128
"Sugar Hill-Montford Cove Volunteer Fire Department, Inc.",-82.064305,35.6359130000001
"Sugar Loaf Volunteer Fire Department, Inc.",-81.1872999999999,35.9781
"Summerfield Fire District, Inc.",-79.9013463599999,36.1983597400001
"Summerfield Fire District, Inc.",-79.84409806,36.20214193
"Summerfield Fire District, Inc.",-79.86434636,36.2262249300001
"Summerville Bunnlevel Fire & Rescue, Inc.",-78.8134341099999,35.3994235800001
"Summerville Bunnlevel Fire & Rescue, Inc.",-78.78099853,35.3080561300001
"Sunbury Volunteer Fire Department, Inc.",-76.6092,36.4377420800001
"Sunbury Volunteer Fire Department, Inc.",-76.59850815,36.5177792900001
Sunny View Fire & Rescue,-82.18555364,35.37248506
Sunny View Fire & Rescue,-82.2385470299999,35.3497799400001
Sunset Beach Fire Department,-78.51203335,33.88396923
Sunset Beach Fire Department,-78.48878139,33.9173780300001
"Sunset Harbor and Zion Hill Volunteer Fire Department, Inc.",-78.1951119999999,33.997016
"Sunset Harbor and Zion Hill Volunteer Fire Department, Inc.",-78.21151761,33.95483326
"Supply Fire & Rescue, Inc. ",-78.27152717,34.0159177400001
Surf City Fire Department,-77.5692465,34.44913934
"Swan Quarter Volunteer Fire Department, Inc.",-76.3284371399999,35.4059600900001
"Swan Quarter Volunteer Fire Department, Inc.",-76.2103,35.4433780000001
"Swannanoa Volunteer Fire Department & Rescue Squad, Inc.",-82.39666741,35.5986168000001
"Swannanoa Volunteer Fire Department & Rescue Squad, Inc.",-82.42062865,35.61220947
Swansboro Fire Department,-77.12376052,34.6898412100001
"Swepsonville Volunteer Fire Department, Inc.",-79.3616498,36.02269482
"Swepsonville Volunteer Fire Department, Inc.",-79.2951502,35.9963723700001
"Swift Creek Rural Fire Department, Inc.",-78.7393360299999,35.7451132
Sylva Fire Department,-83.2188,35.3746
Sylva Fire Department,-83.2100895,35.3541935000001
Tabernacle Volunteer Fire Department,-80.0091083999999,35.7492220400001
Tabernacle Volunteer Fire Department,-79.95678391,35.7739568900001
Tabor City Fire Department,-78.87858047,34.1475712500001
Tabor City Fire Department,-78.77398391,34.09121106
Tar Heel Fire/Rescue Inc. ,-78.7907759999999,34.7377260000001
Tar Heel Fire/Rescue Inc. ,-78.87632029,34.80972072
Tarboro Fire Department,-77.53762846,35.89819393
Tarboro Fire Department,-77.57430921,35.89561324
Taylors Bridge Fire Department,-78.26196397,34.87375037
Taylors Bridge Fire Department,-78.36495,34.91682
"Teachey Volunteer Fire Dept., Inc.",-78.00334291,34.77098813
"The Ammon Volunteer Fire Department, Inc.",-78.58065096,34.79912732
"The Beech Mountain Volunteer Fire Department, Inc.",-81.8778287499999,36.1958975000001
"The Beech Mountain Volunteer Fire Department, Inc.",-81.8895502,36.2191350800001
"The Belvidere-Chappell Hill Volunteer Fire Department, Inc.",-76.55212168,36.2675815100001
"The Boonville Community Volunteer Fire Department, Inc.",-80.70804402,36.2306783600001
"The Boonville Community Volunteer Fire Department, Inc.",-80.7201239999999,36.1854900000001
"The Clemmons Fire Department, Inc.",-80.3779278,36.0229808500001
"The Clemmons Fire Department, Inc.",-80.3854160399999,36.0425987200001
"The Country Volunteer Fire Department, Inc.",-82.87853563,35.8989348700001
"The Creswell Volunteer Fire Department, Inc.",-76.39431918,35.8695717300001
The Crooked Creek Township Volunteer Fire Department,-82.1863,35.5745000000001
"The Dover Volunteer Fire Department, Inc.",-77.43662682,35.2166928400001
"The East Arcadia Volunteer Fire Department, Inc.",-78.33068542,34.38063128
"The Fall Creek Community Volunteer Fire Department, Inc.",-80.5964,36.2237000000001
"The Fall Creek Community Volunteer Fire Department, Inc.",-80.5753,36.1951
"The Farmington Volunteer Fire Department, Inc.",-80.53192606,36.01456095
"The Fork Volunteer Fire Department, Inc.",-80.4439015199999,35.87953263
"The Gamewell Volunteer Fire Department, Inc.",-81.5925609299999,35.87386086
"The Grifton Community Fire Association, Inc.",-77.43870455,35.3739194500001
"The Grifton Community Fire Association, Inc.",-77.3654,35.3671000000001
"The Hudson Volunteer Fire Department, Inc.",-81.49518583,35.85108259
The Jason Rural Fire Association,-77.7697222199999,35.3872081600001
"The Lewisville Volunteer Fire Department, Inc.",-80.4177,36.09472908
"The Lewisville Volunteer Fire Department, Inc.",-80.5017,36.0917000000001
"The Lisbon Volunteer Fire Department, Inc.",-78.52788542,34.51469116
"The Maple Hill Volunteer Fire Department, Incorporated",-77.6938019999999,34.6627120000001
"The Oak City Volunteer Fire Department, Inc.",-77.30484332,35.9624458600001
"The Pineville-Morrow Volunteer Fire Department and Rescue, Inc.",-80.88931224,35.0861585700001
"The Piney Grove Volunteer Fire and Rescue Department, Inc.",-80.07766478,36.17403361
"The Piney Grove Volunteer Fire and Rescue Department, Inc.",-80.06455263,36.1489513400001
"The Pinnacle Volunteer Fire and Rescue Department, Inc.",-80.43380307,36.33166032
"The Salem Chapel Volunteer Fire Department, Inc.",-80.15396939,36.24415773
"The Sauratown Volunteer Fire Department, Incorporated",-80.33091842,36.35037164
"The Scuffleton Rural Fire Association, Incorporated",-77.5065,35.4587000000001
"The South Fork Volunteer Fire Department of Lincoln County, Inc.",-81.2324287499999,35.4249202400001
"The Upper Hominy Volunteer Fire and Rescue Department, Incorporated",-82.7399,35.4832000000001
"The Upper Hominy Volunteer Fire and Rescue Department, Incorporated",-82.6908,35.4972000000001
Thomasville Fire Department,-80.07240303,35.8874000800001
Thomasville Fire Department,-80.0697038499999,35.85009999
Thomasville Fire Department,-80.10745364,35.8823260500001
Thomasville Fire Department,-80.06330688,35.9117782100001
"Thoroughfare Volunteer Fire Department, Inc.",-78.0827253099999,35.29890262
"Tillery Volunteer Fire Department, Inc.",-77.4831781299999,36.2511908500001
"Timberlake Volunteer Fire and Rescue, Inc.",-78.95058886,36.2841951300001
"Todd Volunteer Fire and Rescue Department, Inc.",-81.6009299999999,36.3117
Toisnot Fire & Rescue V.F.D.,-77.8622781299999,35.8063087
Topsail Beach Fire Department,-77.6299248999999,34.3658110700001
Total Community Fire Department of Berea,-78.7364823899999,36.31490432
"Town of Columbus Fire Department, Inc.",-82.1964697399999,35.2515796100001
"Town of Columbus Fire Department, Inc.",-82.13974273,35.23725983
Town of Leland Fire/Rescue Department,-78.0706729999999,34.2572190000001
Town of Leland Fire/Rescue Department,-77.98765055,34.1894935
Town of Leland Fire/Rescue Department,-78.0569371399999,34.20643993
"Town of Unionville Volunteer Fire Department, Inc.",-80.50883649,35.0917426400001
"Town of Unionville Volunteer Fire Department, Inc.",-80.5325,35.0427
"Township Six Fire Department of Craven County, N. C.",-76.94690536,34.9573659100001
"Township Six Fire Department of Craven County, N. C.",-76.9337088,34.9044932300001
"Townsville Rural Volunteer Fire Department, Inc.",-78.42098011,36.49568759
"Tramway Rural Fire Department, Incorporated",-79.22045213,35.43100981
"Trap Volunteer Fire Department, Inc.",-76.8692712499999,36.2055978400001
"Traphill Volunteer Fire Department, Inc.",-81.0400999999999,36.3393
"Traphill Volunteer Fire Department, Inc.",-81.115,36.3493
"Traphill Volunteer Fire Department, Inc.",-80.0806049999999,36.3576360000001
"Trenton Volunteer Fire Department, Inc.",-77.3642,35.0675000000001
"Trenton Volunteer Fire Department, Inc.",-77.35522844,35.06347014
"Tri-Beach Volunteer Fire Department, Inc.",-78.2629663,33.9319977800001
"Tri-Beach Volunteer Fire Department, Inc.",-78.30759732,33.9109
"Tri-Beach Volunteer Fire Department, Inc.",-78.3230712499999,33.9204868
Tri-Community Volunteer Fire District,-77.02224617,35.1418339200001
Tri-Community Volunteer Fire District,-76.9799475199999,35.1956824700001
Tri-Community Volunteer Fire District,-76.9492999999999,35.0805014800001
"Triangle Volunteer Fire Department, Inc",-76.77376595,35.1445960300001
"Triangle Volunteer Fire Department, Inc",-76.66842213,35.18481345
"Trinity Volunteer Fire Department, Inc.",-80.9389209999999,35.8676800000001
"Trinity Volunteer Fire Department, Inc.",-80.9827,35.8944565900001
"Triple Community Fire Department, Inc.",-81.6165555699999,35.7451
Triple Springs Volunteer Fire Department,-78.84704099,36.4851736200001
Triple Springs Volunteer Fire Department,-78.9143999999999,36.5034000000001
"Troutman Fire Department, Inc.",-80.88982262,35.70241743
"Troutman Fire Department, Inc.",-80.8848,35.6476000000001
"Troutman Fire Department, Inc.",-80.95411609,35.68919326
Troy Fire Department,-79.89466397,35.3647525000001
Tryon Volunteer Fire Department,-82.2417,35.2119000000001
"Tryonota Volunteer Fire Department, Inc.",-81.3224858299999,35.33911248
"Tryonota Volunteer Fire Department, Inc.",-81.33996974,35.2867613000001
"Turkey Creek Fire and Rescue, Inc.",-77.4760873499999,34.5245878600001
"Turkey Creek Fire and Rescue, Inc.",-77.40259271,34.5453237200001
"Turkey Volunteer Fire Department, Inc.",-78.182959,34.997843
"Tylertown Fire Department, Inc. ",-79.1865989999999,35.021193
"Tyro Rural Fire Department, Incorporated",-80.37700688,35.8053044100001
"Tyrrell Volunteer Fire Department, Inc.",-76.24637394,35.9270065200001
"Tyrrell Volunteer Fire Department, Inc.",-76.1406538699999,35.7298735800001
"Tyrrell Volunteer Fire Department, Inc.",-76.20470705,35.6447840100001
"Tyrrell Volunteer Fire Department, Inc.",-76.2007574899999,35.8264797900001
"Tyrrell Volunteer Fire Department, Inc.",-76.3542809899999,35.9262401600001
"Tyrrell Volunteer Fire Department, Inc.",-76.1297,35.9749
"Ulah Volunteer Fire Protective Association, Inc.",-79.8275356299999,35.6335122400001
"Ulah Volunteer Fire Protective Association, Inc.",-79.87438006,35.6321784800001
"Ulah Volunteer Fire Protective Association, Inc.",-79.88926781,35.5490938400001
"Unaka Volunteer Fire Department, Inc.",-84.1391,35.1946
"Union Cross Fire-Rescue of Forsyth County, Inc.",-80.10761802,36.0424433800001
"Union Grove Volunteer Fire Department, Inc.",-80.869354,36.0266800000001
"Union Mills Volunteer Fire Department, Inc.",-81.97769003,35.4907091900001
"Union Road Volunteer Fire Department, Inc.",-81.15243603,35.1963561600001
"Union Rural Fire Department of Hertford County, Inc.",-77.0236,36.3335000000001
"Union Volunteer Fire Department, Inc. of Vale, N. C.",-81.38922,35.53376
"Union Volunteer Fire Department, Inc. of Vale, N. C.",-81.3177899999999,35.51662
"Union Volunteer Fire Department, Incorporated",-80.3953999999999,35.6399000000001
"Uwharrie Volunteer Fire Department, Inc.",-80.0047498,35.41703497
Valdese Fire Department,-81.56405324,35.7430004300001
"Valley Hill Fire & Rescue Department, INC",-82.47727854,35.3007831800001
"Valley Hill Fire & Rescue Department, INC",-82.55120962,35.2449140100001
"Valley Hill Fire & Rescue Department, INC",-82.52099003,35.29727303
"Valley Hill Fire & Rescue Department, INC",-82.49757886,35.32200734
Valleytown Rural Fire and Rescue Department,-83.8001,35.1968000000001
Valleytown Rural Fire and Rescue Department,-83.92200478,35.17887942
Valleytown Rural Fire and Rescue Department,-83.7245,35.2283
"Valmead Volunteer Fire-Rescue Department, Inc.",-81.5427999999999,35.9376
Vance County Emergency Services,-78.39043714,36.34499414
Vance County Emergency Services,-78.37035557,36.4242086300001
"Vanceboro Rural Volunteer Fire Department, Inc.",-77.16025668,35.31026129
"Vanceboro Rural Volunteer Fire Department, Inc.",-77.26721802,35.34393436
"Vanceboro Rural Volunteer Fire Department, Inc.",-77.13243219,35.2261737100001
"Vanceboro Rural Volunteer Fire Department, Inc.",-77.17209924,35.3612665700001
"Vander Volunteer Fire Department, Inc.",-78.7963759199999,35.03327159
"Vander Volunteer Fire Department, Inc.",-78.77048017,34.93933809
"Vann Crossroads Fire Department, Inc.",-78.397804,35.1753630000001
"Vashti Volunteer Fire Department, Inc.",-81.1082,36.0078
"Verona Volunteer Fire Department, Inc.",-77.47195708,34.66948383
"Vienna Volunteer Fire Department, Inc.",-80.40457106,36.1366762000001
"Vienna Volunteer Fire Department, Inc.",-80.3664049399999,36.12067797
"Village of Pinehurst Fire Department, Inc.",-79.46852834,35.2047467900001
"Village of Pinehurst Fire Department, Inc.",-79.4692153299999,35.1727210700001
Virgilina Volunteer Fire Association,-78.77507166,36.5445930600001
"Volunteer Fire Department Of Bethany, Inc.",-79.8487520099999,36.3108492800001
"Volunteer Fire Department Of Bethany, Inc.",-79.83812875,36.27085085
"Volunteer Fire Department Of Bethany, Inc.",-79.9125,36.2728000000001
"Waccamaw Volunteer Fire Dept. and Rescue Squad/EMS, Inc.",-78.5239,34.063
"Waco Community Volunteer Fire Department, Inc.",-81.423671,35.358955
"Wade Community Fire Department, Inc.",-78.7408,35.16202851
Wadesboro Fire Department,-80.075,34.9652
"Wadeville Volunteer Fire Department, Inc.",-79.96809615,35.2834
"Wake Forest Fire Department, Inc.",-78.50714332,35.97472994
"Wake Forest Fire Department, Inc.",-78.5327436699999,35.9417727800001
"Wake Forest Fire Department, Inc.",-78.5073,35.9348000000001
"Wake Forest Fire Department, Inc.",-78.54185468,35.9972332500001
"Wake Forest Fire Department, Inc.",-78.57926273,35.93382616
"Wake New Hope Volunteer Fire Department, Incorporated",-78.4815459499999,35.8602087100001
Walkertown Fire Department Incorporated,-80.15231183,36.17837968
Walkertown Fire Department Incorporated,-80.1648257099999,36.1410520200001
Wallace Fire Department,-77.99274332,34.73812947
"Wallburg Fire and Rescue, Inc.",-80.13415708,36.0075354800001
Walnut Community Volunteer Fire Department,-82.729,35.8437000000001
"Walnut Cove Volunteer Fire Department and Rescue Squad, Incorporated",-80.14193603,36.29919248
"Walstonburg Rural Fire Association, Inc.",-77.6973562699999,35.5995987100001
"Warrensville Volunteer Fire and Rescue Department, Inc.",-81.51701458,36.4596000000001
"Warrenton Rural Voluntary Fire Association, Inc.",-78.15572257,36.39565908
"Warsaw Fire Department, Incorporated",-78.09387696,35.00695396
"Warsaw Fire Department, Incorporated",-78.09208239,34.9980791
Washington Fire-Rescue-EMS,-77.05260344,35.54637459
Washington Fire-Rescue-EMS,-77.0737317099999,35.56680987
"Watkins Community Volunteer Fire Department, Inc.",-78.48113796,36.2847032400001
"Waxhaw Community Volunteer Fire Department and Rescue Squad, Inc.",-80.75220921,34.93430591
"Waxhaw Community Volunteer Fire Department and Rescue Squad, Inc.",-80.74619888,34.8631858800001
Waynesville Fire Department,-82.9761931199999,35.4972533100001
Waynesville Fire Department,-83.0026088,35.48157208
Weaverville Fire Department,-82.5620360299999,35.71215191
"Weeksville Volunteer Fire Department, Inc.",-76.1823854199999,36.2116615
"Weeksville Volunteer Fire Department, Inc.",-76.11688316,36.1683126200001
"Welcome Fire Department, Inc.",-80.25850344,35.9003434000001
Weldon Fire Department,-77.59544205,36.4266335500001
Weldon Fire Department,-77.6177827399999,36.43188058
Wendell Holmes Rural Fire Department,-78.37800921,35.7902606700001
Wendell Holmes Rural Fire Department,-78.44063769,35.8445955600001
Wendell Holmes Rural Fire Department,-78.4318,35.7773
"Wentworth Voluntary Fire Department, Inc.",-79.74270036,36.38526641
"Wesley Chapel Volunteer Fire Department, Inc.",-80.699313,34.9948483900001
"Wesley Chapel Volunteer Fire Department, Inc.",-80.78691417,34.9897044000001
"Wesley Chapel Volunteer Fire Department, Inc.",-80.7432156899999,35.0358957600001
"Wesley Chapel Volunteer Fire Department, Inc.",-80.777774,35.0122020000001
"West Buncombe Volunteer Fire Department, Incorporated",-82.62937085,35.6155785
"West Buncombe Volunteer Fire Department, Incorporated",-82.6015399999999,35.61747
"West Edgecombe Volunteer Fire Department, Inc.",-77.7410751,35.90305643
"West Edgecombe Volunteer Fire Department, Inc.",-77.71226245,35.82734342
"West End Fire and Rescue, Inc.",-79.5687643699999,35.2365175300001
"West End Fire and Rescue, Inc.",-79.57306052,35.1802983100001
"West End Volunteer Fire Department, Incorporated",-81.8355999999999,35.6893000000001
"West End Volunteer Fire Department, Incorporated",-81.776087,35.706601
"West End Volunteer Fire Department, Incorporated",-81.8635,35.7314000000001
"West Hoke Fire Department, Inc.",-79.329715,34.9712630000001
"West Iredell Volunteer Fire Department, Incorporated",-81.00366589,35.78239574
"West Iredell Volunteer Fire Department, Incorporated",-81.0503957399999,35.7384738700001
West Jefferson Fire Department,-81.494,36.39656467
West Jefferson Fire Department,-81.532655,36.3483600000001
"West Johnston Fire Department, Incorporated",-78.60894367,35.4804196600001
"West Lexington Volunteer Fire and Rescue Department, Inc",-80.27874636,35.8521282500001
"West Liberty Volunteer Fire Department, Inc.",-80.33492834,35.5815302
"West Liberty Volunteer Fire Department, Inc.",-80.31286822,35.6147323500001
"West Macon Fire and Rescue, Inc.",-83.485,35.1397000000001
"West Macon Fire and Rescue, Inc.",-83.45117743,35.1644948800001
"West Mecklenburg Volunteer Fire Department, Inc.",-80.9843999999999,35.2511000000001
"West Mount Volunteer Fire Department, Inc.",-77.87378775,35.9140522800001
"West Rowan Volunteer Fire Department, Inc.",-80.69357854,35.6755995500001
"West Rowan Volunteer Fire Department, Inc.",-80.72778927,35.6586743500001
"West Rowan Volunteer Fire Department, Inc.",-80.69291924,35.62481339
"West Rowan Volunteer Fire Department, Inc.",-80.7461639699999,35.6170866200001
"West Stanly Fire Department, Inc.",-80.42499464,35.25789124
"West Stanly Fire Department, Inc.",-80.43407703,35.1930956200001
West Swain Fire Department,-83.54748583,35.36342877
West Swain Fire Department,-83.5311,35.4038200000001
"West Yadkin Volunteer Fire Dept., Inc.",-80.77474676,36.122648
"West Yancey Volunteer Fire Department, Inc.",-82.4309249,35.91300449
"West Yancey Volunteer Fire Department, Inc.",-82.39799697,35.89064303
"West Yancey Volunteer Fire Department, Inc.",-82.34262635,35.8743037
West of New Bern Volunteer Fire Department No. 1,-77.0957337,35.08797366
West of New Bern Volunteer Fire Department No. 1,-77.1057448399999,35.1428228300001
West of New Bern Volunteer Fire Department No. 1,-77.16089656,35.14220877
"Westarea Volunteer Fire Department, Inc.",-78.8547574899999,35.18215358
"Westarea Volunteer Fire Department, Inc.",-78.7480498,35.2552577000001
Western Carteret Interlocal Cooperation Agency DBA Western Carteret Fire and EMS Department,-77.07481761,34.69143818
Western Carteret Interlocal Cooperation Agency DBA Western Carteret Fire and EMS Department,-77.1288639699999,34.7882295100001
"Western Wake Fire Rescue, Inc.",-78.7103742899999,35.8060302700001
"Westfield Volunteer Fire Department, Inc.",-80.4469999999999,36.4737000000001
"Westmoore Volunteer Fire Protective Association, Inc.",-79.6993635599999,35.4581203500001
"Westside Volunteer Fire and Rescue Department, Inc.",-79.85361073,35.6908692900001
"Westside Volunteer Fire and Rescue Department, Inc.",-79.8645999999999,35.7777
"Westside Volunteer Fire and Rescue Department, Inc.",-79.9165,35.6739000000001
Whispering Pines Fire Rescue Department,-79.3695999999999,35.25836859
"Whitakers Volunteer Fire Department, Inc.",-77.7133923,36.1051873100001
White Cross Volunteer Fire Department,-79.21708198,35.8960087900001
White Cross Volunteer Fire Department,-79.13358864,35.91821078
"White Lake Fire Department, Inc.",-78.48639464,34.6324736600001
"White Level Rural Fire Department, Inc.",-78.1391249,36.13342564
White Marsh - Welches Creek Community Volunteer Fire Department,-78.6756,34.3855
"White Oak Fire Department, Inc.",-78.70841498,34.75770577
"White Plains Volunteer Fire Department, Inc.",-80.63192508,36.44949847
"Whitehouse Volunteer Fire Department, Incorporated",-79.13217703,34.38924064
"Whitehouse Volunteer Fire Department, Incorporated",-79.2072090299999,34.4595990500001
Whiteville Fire Dept.,-78.7018356299999,34.3260870300001
"Whitsett Fire Department, Inc.",-79.56386,36.0702756270001
"Wilbar Volunteer Fire Department, Inc.",-81.3067,36.2543000000001
"Wilbar Volunteer Fire Department, Inc.",-81.29522064,36.3244406800001
"Wilkes-Iredell Volunteer Fire Department, Incorporated",-80.9757999999999,36.0675000000001
Wilkesboro Fire Department,-81.1595,36.1418
"William R. Davie Volunteer Fire Department, Inc.",-80.62215364,35.9796086800001
Williams Township Community Volunteer Fire Department,-78.7634953899999,34.2054931700001
Williams Township Community Volunteer Fire Department,-78.7166999999999,34.1206
"Williamsburg Fire Department and Rescue, Incorporated",-79.6005995899999,36.2827345900001
Williamston Fire/Rescue/EMS,-77.06217703,35.8441456200001
Wilmington Fire Department,-77.9390539299999,34.23645294
Wilmington Fire Department,-77.9047390699999,34.2200147500001
Wilmington Fire Department,-77.89412104,34.2395963500001
Wilmington Fire Department,-77.932134,34.1913020000001
Wilmington Fire Department,-77.8909,34.1875000000001
Wilmington Fire Department,-77.85741983,34.24277184
Wilmington Fire Department,-77.8282609299999,34.23359113
Wilmington Fire Department,-77.83911105,34.2093648800001
Wilmington Fire Department,-77.8606244699999,34.1836020700001
Wilson Fire/Rescue Services,-77.91896245,35.72594638
Wilson Fire/Rescue Services,-77.95231583,35.72306302
Wilson Fire/Rescue Services,-77.89994661,35.71079524
Wilson Fire/Rescue Services,-77.93146867,35.7506173300001
Wilson Fire/Rescue Services,-77.9445275699999,35.76702478
"Wilson's Mills Fire and Rescue Department, Incorporated",-78.35600385,35.58445235
"Wilson's Mills Fire and Rescue Department, Incorporated",-78.42497854,35.5369309600001
"Wilson's Mills Fire and Rescue Department, Incorporated",-78.4063659999999,35.6099970000001
Windsor Fire Department,-76.9494,36.0027000000001
Winfall Firefighters Association,-76.44076093,36.2142817800001
"Wingate Volunteer Fire Department, Inc.",-80.44861493,34.9836582300001
"Winnabow Volunteer Fire Department, Inc.",-78.0947,34.1485000000001
"Winnabow Volunteer Fire Department, Inc.",-78.11353564,34.2364369700001
Winston Salem Fire Department,-80.2484344499999,36.10204451
Winston Salem Fire Department,-80.33024934,36.0486245600001
Winston Salem Fire Department,-80.2324828,36.128002
Winston Salem Fire Department,-80.2281850699999,36.09469355
Winston Salem Fire Department,-80.2293111399999,36.0496419
Winston Salem Fire Department,-80.2646248999999,36.0849017300001
Winston Salem Fire Department,-80.27977551,36.0981866600001
Winston Salem Fire Department,-80.2896499999999,36.1329000000001
Winston Salem Fire Department,-80.2359363799999,36.16200523
Winston Salem Fire Department,-80.33557166,36.0795433600001
Winston Salem Fire Department,-80.18566437,36.0761693700001
Winston Salem Fire Department,-80.19840956,36.13446851
Winston Salem Fire Department,-80.30368,36.054946
Winston Salem Fire Department,-80.2795,36.1701800000001
Winston Salem Fire Department,-80.3346999999999,36.1567000000001
Winston Salem Fire Department,-80.2726892699999,36.03887969
Winston Salem Fire Department,-80.1722,36.11326934
Winston Salem Fire Department,-80.31448583,36.113792
Winston Salem Fire Department,-80.1217,36.06946
Winston Salem Fire Department,-80.3185999999999,36.1966
"Winterville Community Rural Fire Association, Incorporated",-77.4036,35.5299800000001
Winterville Fire Department,-77.4014383099999,35.52823097
Winton Fire Department,-76.93375364,36.3944042100001
Wittenburg Volunteer Fire Department,-81.1845,35.84
"Wolfcreek Volunteer Fire Department, Inc.",-84.2973,35.0129000000001
"Woodfin Volunteer Fire Department, Incorporated",-82.59308665,35.63500872
Woodland Volunteer Fire Department,-77.21205027,36.3300533600001
"Woodlawn-Sevier Voluntary Fire Department, Incorporated",-82.03871493,35.7873128800001
"Woodleaf Volunteer Fire Department, Inc.",-80.592201,35.7658430000001
Wrightsville Beach Fire Department,-77.8044,34.2155000000001
"Wyse Fork Volunteer Fire Department, Inc.",-77.50973726,35.2167374300001
"Wyse Fork Volunteer Fire Department, Inc.",-77.5189,35.2466000000001
"Yadkin Valley Volunteer Fire-Rescue Department, Inc.",-81.4831,36.0282
"Yadkinville Volunteer Fire Department, Inc.",-80.6625999999999,36.1407
Yanceyville Fire & Rescue Corporation,-79.3357248199999,36.40289826
Yanceyville Fire & Rescue Corporation,-79.39089004,36.40034279
"Yanceyville Road Volunteer Fire Department, Inc.",-79.6172501999999,36.36505184
"Youngsville Volunteer Fire Department, Inc.",-78.48683067,36.03609155
"Youngsville Volunteer Fire Department, Inc.",-78.3942394699999,36.01942934
"Youngsville Volunteer Fire Department, Inc.",-78.5198160899999,36.06846124
Zebulon Fire Department,-78.3118892699999,35.82198699
"Zionville Volunteer Fire Department, Inc.",-81.76141458,36.32522906
"Zionville Volunteer Fire Department, Inc.",-81.743031,36.298366
"50 - 210 Community Fire Department, Inc.",-78.5794,35.5123
"50 - 210 Community Fire Department, Inc.",-78.6366,35.5602000000001
"50 - 210 Community Fire Department, Inc.",-78.5937,35.5603
Aberdeen Fire Department,-79.42266397,35.1417271400001
Aberdeen Fire Department,-79.3875,35.11609
"Acme-Delco-Riegelwood Fire-Rescue, Inc.",-78.2245619999999,34.340834
"Acme-Delco-Riegelwood Fire-Rescue, Inc.",-78.2782999999999,34.2687
"Acme-Delco-Riegelwood Fire-Rescue, Inc.",-78.2917399999999,34.3776
"Advance Fire Department, Inc.",-80.4127,35.9455
"Advance Fire Department, Inc.",-80.4097,35.9453
"Afton-Elberon Volunteer Fire Department, Inc.",-78.2195,36.3135
Agriculture Center Volunteer Fire Department Inc.,-81.232,35.3285000000001
Ahoskie Fire Department,-76.98391922,36.2816688400001
"Ahoskie Rural Volunteer Fire Department, Inc.",-76.9919268199999,36.2884048700001
"Alamance Community Fire District, Inc.",-79.70762956,36.02020909
"Alamance Community Fire District, Inc.",-79.6889,35.9861000000001
"Alarka Volunteer Fire Department, Inc.",-83.4542,35.3586
Albemarle Fire Department,-80.17176397,35.3500763500001
Albemarle Fire Department,-80.2161679399999,35.3548878
Albemarle Fire Department,-80.19111342,35.38593531
Albertson Volunteer Fire Department,-77.8199,35.1134000000001
"Alexis Volunteer Fire Department, Inc.",-81.1138999999999,35.3972000000001
"Alexis Volunteer Fire Department, Inc.",-81.0867708499999,35.4624728000001
"Allen Volunteer Fire Department, Inc.",-80.5418214599999,35.36143875
"Allens Crossroads Volunteer Fire Department, Inc.",-80.4070766199999,34.9113648100001
"Allensville Volunteer Fire Department, Inc.",-78.8651064699999,36.3888651400001
"Allenton Volunteer Fire Department, Inc.",-78.92298198,34.59204985
"Allenton Volunteer Fire Department, Inc.",-78.90266245,34.51571326
"Altamahaw-Ossippee Fire Department, Inc.",-79.5137,36.1793000000001
"Altamahaw-Ossippee Fire Department, Inc.",-79.51230192,36.22252969
"Anderson Creek Emergency Services, Inc.",-78.9559,35.2551658400001
"Anderson Township Volunteer Fire Department, Inc.",-79.3408409899999,36.26594758
"Anderson Township Volunteer Fire Department, Inc.",-79.3527126499999,36.31583084
"Angier & Black River Fire Department, Inc.",-78.7394,35.5117000000001
"Ansonville Volunteer Fire Department, Inc.",-80.1078716599999,35.10614201
"Antioch Fire Department, Incorporated",-78.2284969999999,35.6794770000001
"Antioch Fire Department, Incorporated",-78.24584443,35.6951041500001
"Antioch-Fishing Creek Volunteer Fire Department, Incorporated",-78.55026904,36.2859962200001
Apex Fire Department,-78.8505107299999,35.7318345300001
Apex Fire Department,-78.93154251,35.67336973
Apex Fire Department,-78.8607332999999,35.7357560300001
Apex Fire Department,-78.8348,35.70529
Apex Fire Department,-78.88954373,35.7218748000001
Apex Fire Department,-78.9170819999999,35.756739
"Aquadale Rural Volunteer Fire Department, Inc.",-80.2259999999999,35.2252
"Aquadale Rural Volunteer Fire Department, Inc.",-80.1881283399999,35.19749288
"Arapahoe Volunteer Fire-Rescue, Inc.",-76.82407813,35.02380671
"Ararat Volunteer Fire Department, Incorporated",-80.55894367,36.40277911
"Arba Rural Fire Association, Incorporated",-77.6964,35.4033000000001
"Arcadia-Reedy Creek-Hampton Volunteer Fire and Rescue Department, Inc.",-80.3086360299999,35.94119577
"Arcola Rural Volunteer Fire Department, Inc.",-77.98176589,36.2901978
"Arlington Fire and Rescue, Inc.",-80.83,36.2248000000001
"Arlington Fire and Rescue, Inc.",-80.8072,36.1971
"Arrington Volunteer Fire Department, Inc.",-77.980924,35.298486
Asheboro Fire Department,-79.81674828,35.70163804
Asheboro Fire Department,-79.8057961499999,35.75740883
Asheville Fire Department,-82.5499923,35.59462955
Asheville Fire Department,-82.56044525,35.5781305400001
Asheville Fire Department,-82.59169375,35.5852329200001
Asheville Fire Department,-82.52450461,35.48438987
Asheville Fire Department,-82.5288628599999,35.5368226300001
Asheville Fire Department,-82.6021072899999,35.5809080400001
Asheville Fire Department,-82.55290163,35.6230117200001
Asheville Fire Department,-82.5028731799999,35.58776679
Asheville Fire Department,-82.51352682,35.56427309
Asheville Fire Department,-82.63385324,35.5647341800001
Asheville Fire Department,-82.6048517199999,35.53411471
Asheville Fire Department,-82.50197166,35.6111563900001
Ashford - North Cove Volunteer Fire Department,-81.9569160899999,35.86244349
"Askewville Volunteer Fire Department, Inc.",-76.9393497999999,36.1090786500001
Atkinson Fire Department,-78.1705946399999,34.5287812
Atlantic Beach Fire Department,-76.73993411,34.7007926200001
"Atwell Township Fire Department, Incorporated",-80.6799999999999,35.5728
"Atwell Township Fire Department, Incorporated",-80.7198999999999,35.5319000000001
Aulander Fire Department,-77.1152999999999,36.2293000000001
"Aurora Volunteer Fire Department, Inc.",-76.7833942299999,35.30036498
"Aurora Volunteer Fire Department, Inc.",-76.8819013299999,35.3251333600001
"Austin Volunteer Fire Department, Inc.",-80.96110729,36.3137
"Autryville Area Fire Department, Inc.",-78.6394999999999,34.9999
"Avon Volunteer Fire Department, Inc.",-75.5060467599999,35.35337875
Ayden Fire Department,-77.4165969699999,35.47236894
Ayden Fire Department,-77.3627969899999,35.4706052600001
"Back Swamp Volunteer Fire Department, Inc.",-77.6233536399999,34.8376471600001
"Badin Lake Volunteer Fire Department, Inc.",-80.1274,35.4923000000001
"Badin Lake Volunteer Fire Department, Inc.",-80.1071249,35.49837161
"Badin Lake Volunteer Fire Department, Inc.",-80.0816609299999,35.48703885
"Badin Volunteer Fire Department, Inc.",-80.1180218599999,35.40399466
"Bahama Volunteer Fire, Rescue, Ems Company, Inc.",-78.87208006,36.1676669400001
"Bahama Volunteer Fire, Rescue, Ems Company, Inc.",-78.9164,36.2035000000001
"Bahama Volunteer Fire, Rescue, Ems Company, Inc.",-78.84919236,36.126787
"Bailey Fire Department, Green Hornet Fire District, Inc.",-78.11707703,35.77923008
"Bailey Fire Department, Green Hornet Fire District, Inc.",-78.0429,35.8050000000001
"Bakers Volunteer Fire and Rescue Department, Inc.",-80.6272501999999,35.0359256300001
Bakersville Fire And Rescue,-82.1625498,36.0130698300001
Bakersville Fire And Rescue,-82.1767819999999,35.9725
Bakertown Volunteer Fire and 1st Responder,-77.7461,35.7215
Bakertown Volunteer Fire and 1st Responder,-77.7707,35.7685000000001
Bald Head Island Fire Department,-77.982376,33.8566530000001
"Balsam Grove Volunteer Fire Rescue, Inc.",-82.8732414,35.22972328
"Balsam-Willets-Ochre Hill Volunteer Fire Department, Incorporated",-83.11555405,35.4115600900001
"Balsam-Willets-Ochre Hill Volunteer Fire Department, Incorporated",-83.1044716599999,35.42729617
"Bandys Crossroads Volunteer Fire Department, Incorporated",-81.0913,35.64118719
"Bandys Crossroads Volunteer Fire Department, Incorporated",-81.1289,35.5835000000001
"Bandys Crossroads Volunteer Fire Department, Incorporated",-81.0909502,35.5889953000001
"Banner Elk Volunteer Fire Rescue, Inc.",-81.87045324,36.1613472500001
"Banner Elk Volunteer Fire Rescue, Inc.",-81.84995557,36.1340909800001
"Bannertown Volunteer Fire Department, Inc.",-80.5702429099999,36.4892875800001
"Bannertown Volunteer Fire Department, Inc.",-80.55690099,36.4646709800001
"Barnardsville Volunteer Fire Department, Incorporated",-82.4496160899999,35.77379524
"Bat Cave Volunteer Fire and Rescue Department, Inc.",-82.2911570799999,35.45294269
"Bath Volunteer Fire Department, Inc.",-76.8065,35.4761
"Battleboro Rural Fire Department, H. L. Harrison Fire District, Inc.",-77.75297125,36.04859542
"Bay Tree Lakes Volunteer Fire Department, Inc.",-78.41595633,34.6879000000001
"Bear Grass Fire Rescue, Inc.",-77.1226751,35.77143928
"Bearpond Rural Fire Department, Inc.",-78.40033988,36.2766519
Beaufort Fire Dept.,-76.6566095599999,34.7170360600001
Beaufort Fire Dept.,-76.6777808099999,34.8148323500001
Beaver Dam Volunteer Fire Department of Cumberland County,-78.59819,34.9156360000001
Beaver Dam Volunteer Fire Department of Cumberland County,-78.655368,34.8738080000001
"Beaver Dam Volunteer Fire Department of Watauga County, Inc.",-81.84946437,36.2956530000001
"Beaver Lane Volunteer Rescue & Fire Department, Inc.",-80.36408542,34.9886758000001
"Beeson Cross Roads Fire and Rescue, Inc.",-80.0997,36.08608
"Belews Creek Volunteer Fire and Rescue Department, Inc.",-80.0842105,36.2263048400001
"Belfast Volunteer Fire Fighters, Inc.",-77.9809999999999,35.4353
Belhaven Fire & Rescue Department,-76.6238835,35.53975675
"Bell Arthur Fire Dept., Inc.",-77.5129907899999,35.59115202
"Bellview Volunteer Fire Department, Inc.",-84.0753,34.9987
Belmont Fire Department,-81.03507854,35.23589279
Belmont Fire Department,-81.0215304499999,35.1866087700001
"Belvoir Volunteer Fire Department, Inc.",-77.46657469,35.7087261400001
"Benhaven Emergency Services, Inc.",-79.0480854199999,35.3418350100001
"Benhaven Emergency Services, Inc.",-79.11080688,35.36283124
"Benhaven Emergency Services, Inc.",-79.0214099999999,35.33628
"Bennett Fire Department, Inc.",-79.5426892,35.5640901800001
"Bennett Fire Department, Inc.",-79.46631149,35.56572254
Benson Fire Department,-78.5478295,35.3773862800001
"Bentonville Volunteer Fire Department, Inc.",-78.27964636,35.32021617
Bessemer City Volunteer Fire Department,-81.28561073,35.28582261
"Bethany Community Fire Department, Incorporated",-80.20250729,35.3984874600001
"Bethany Rural Fire Department of Johnston County, Inc.",-78.21318775,35.6317651200001
"Bethany Rural Fire Department, Inc.",-78.69530845,35.0628766300001
"Bethel Community Fire Protection Association, Inc.",-76.4793,36.1117
Bethel Fire & Rescue Department,-77.3746705,35.80764127
"Bethlehem Community Fire & Rescue, Inc.",-81.3090918999999,35.8435695800001
"Bethlehem Volunteer Fire Department, Inc.",-81.4050569999999,35.214701
"Beulaville Volunteer Fire Department, Inc.",-77.7778394699999,34.92560324
"Big Marsh Volunteer Fire Department of Robeson County, Inc.",-78.97851573,34.80237887
"Big Pine Volunteer Fire Department, Inc.",-82.7993,35.8024
Bills Creek Community Volunteer Fire Dept. Inc.,-82.151019,35.4487940000001
Bills Creek Community Volunteer Fire Dept. Inc.,-82.1367999999999,35.4823000000001
Biscoe Fire Department,-79.7820751,35.3602687600001
"Black Creek Volunteer Fire Department, Inc.",-77.9361489999999,35.63775
"Black Jack Volunteer Fire Department, Inc.",-77.2477636099999,35.5002521700001
"Black Mountain Fire Department, Incorporated",-82.3210579,35.6189354800001
"Black Mountain Fire Department, Incorporated",-82.3358639699999,35.6046510800001
"Black Mountain Fire Department, Incorporated",-82.36905516,35.66846997
"Blackman's Crossroads Volunteer Fire Department, Inc.",-78.43608239,35.3667594
Bladenboro Fire Department,-78.79114939,34.54122584
"Blounts Creek Volunteer Fire Department, Inc.",-76.94917358,35.3701262500001
Blowing Rock Fire & Rescue,-81.67088775,36.1301076300001
Blowing Rock Fire & Rescue,-81.74813649,36.1205773200001
Blowing Rock Fire & Rescue,-81.6215999999999,36.1605500000001
"Blue Jay Volunteer Fire Company, Inc.",-77.1084999999999,35.9996
"Blue Ridge Fire & Rescue, Inc.",-82.4212414,35.29023432
"Blue Ridge Fire & Rescue, Inc.",-82.44080688,35.2740000000001
Boiling Spring Lakes Fire Rescue,-78.06820268,34.0318400100001
Boiling Spring Lakes Fire Rescue,-78.03118735,34.0646577700001
Boiling Spring Lakes Fire Rescue,-78.03550268,34.02854674
Boiling Springs Fire and Rescue,-81.667272,35.2535720000001
Boiling Springs Fire and Rescue,-81.7148,35.1856000000001
Bolivia Volunteer Fire Department,-78.1494,34.0656660000001
"Bolton Volunteer Fire and Rescue Department, Inc.",-78.4074068799999,34.3198468300001
"Bonlee Fire Department, Inc.",-79.41777551,35.645539
"Boomer Volunteer Fire Department, Inc.",-81.2677502,36.0571780600001
Boone Fire Department,-81.6851969699999,36.21917882
Boone Fire Department,-81.65336321,36.2025831600001
Boone Fire Department,-81.6066570799999,36.19583549
"Boone Trail Emergency Services, Inc.",-78.9361,35.4202000000001
"Boone Trail Emergency Services, Inc.",-79.0252,35.4372000000001
"Bostian Heights Fire Department, Inc.",-80.51756532,35.56103166
Bostic Volunteer Fire Department,-81.83622915,35.36336377
"Bradshaw Volunteer Fire and Rescue, Inc.",-82.267749,36.036008
Brassfield Volunteer Fire Department,-78.55283603,36.1072953500001
"Brendletown Fire Protection and Rescue Association, Inc.",-81.7804854199999,35.6424820300001
"Brendletown Fire Protection and Rescue Association, Inc.",-81.7828,35.6597435900001
Brevard Fire Dept.,-82.7365,35.2344000000001
"Britts Township Volunteer Fire Department, Inc.",-78.96177048,34.5474265
Broad & Gales Creek Community Association,-76.9395,34.7254
"Broad River Volunteer Fire and Rescue Department, Inc.",-82.2574999999999,35.5102000000001
"Broad River Volunteer Fire and Rescue Department, Inc.",-82.2591,35.4721000000001
"Broad River Volunteer Fire and Rescue Department, Inc.",-82.2592,35.5465
"Broadway Fire Department, Inc.",-81.11330729,36.15305311
"Brogden Rural Fire Department, Inc.",-78.24880303,35.4307786800001
"Brunswick Volunteer Fire Department, Inc.",-78.70132834,34.28763795
"Brunswick Volunteer Fire Department, Inc.",-78.7325999999999,34.3421000000001
"Brushy Mountain Voluntary Fire Department, Inc.",-81.12003219,36.07246559
Bryson City Fire Department,-83.4455764799999,35.42703006
"Buck Shoals Volunteer Fire Department, Inc.",-80.86363168,36.08854939
"Buck Shoals Volunteer Fire Department, Inc.",-80.90354,36.0912970000001
"Buckhead Volunteer Fire Department and Rescue Squad, Inc.",-78.41077125,34.3736406100001
"Buies Creek Rural Fire Department, Incorporated",-78.73703411,35.4053994400001
"Buladean Fire Department, Inc.",-82.1940501999999,36.10543499
"Bull Head Rural Fire Association, Inc.",-77.7896,35.5296000000001
Bullock Volunteer Fire Department,-78.5453469,36.4908941400001
"Bunn Rural Fire Association, Incorporated of Bunn, N.C.",-78.24819615,35.95641712
"Bunn Rural Fire Association, Incorporated of Bunn, N.C.",-78.34396012,35.97399162
"Bunn Rural Fire Association, Incorporated of Bunn, N.C.",-78.21040729,35.9694652700001
"Bunyan Volunteer Fire Department, Inc.",-76.9501214599999,35.5277860800001
Burgaw Fire Department,-77.9261,34.5526
Burlington Fire Department,-79.438,36.0959
Burlington Fire Department,-79.42394484,36.0828612700001
Burlington Fire Department,-79.4041624499999,36.1059829800001
Burlington Fire Department,-79.48883563,36.08022658
Burlington Fire Department,-79.4483306499999,36.05986326
Burlington Fire Department,-79.51534939,36.06120968
"Burnsville Fire and Rescue Ambulance Service, Inc.",-80.24429615,35.11310532
"Burnsville Volunteer Fire Department, Inc.",-82.30635,35.9131400000001
Burnt Swamp- Philadelphus Rural Fire Department,-79.140316,34.7351
Butner Public Safety,-78.7646352199999,36.13977942
"Buxton Fire Prevention Association, Inc.",-75.5278222699999,35.2648591600001
"C. C. Camp Volunteer Fire Department, Inc.",-80.7762551599999,36.28245243
"C. C. Camp Volunteer Fire Department, Inc.",-80.747,36.29910489
"Calabash Fire Department, Inc.",-78.56668344,33.8929599200001
"Calabash Fire Department, Inc.",-78.57517711,33.95371844
"Caldwell Fire Department, Inc.",-79.01491149,36.18746795
"Caldwell Fire Department, Inc.",-79.02548,36.142841
"Calypso Volunteer Fire Department, Inc.",-78.10551265,35.15316053
Canada Volunteer Fire Department,-83.02504443,35.2640219
Candor Volunteer Fire Department,-79.7469,35.2972
Canton Fire Department,-82.8401798799999,35.53287025
"Cape Fear Rural Fire Department, Inc.",-79.0584249,35.4629631400001
"Cape Fear Rural Fire Department, Inc.",-79.0536467599999,35.49872923
Carolina Beach Fire Department,-77.90667318,34.0362222700001
"Carolina Township Volunteer Fire Department, Inc.",-77.26265172,35.71718258
"Carolina Township Volunteer Fire Department, Inc.",-77.2315,35.7536000000001
"Carolina Trace Volunteer Fire Department, Inc.",-79.11692449,35.41516231
"Carolina Volunteer Fire Department, Inc.",-80.83127995,35.03702853
"Carova Beach Volunteer Fire and Rescue, Inc.",-75.86548355,36.5170978400001
Carrboro Fire Department,-79.07787854,35.9118740700001
Carrboro Fire Department,-79.08337703,35.9453396500001
Carthage Fire Department,-79.4062927099999,35.32776102
"Carvers Creek Volunteer Fire Department, Inc.",-78.4376746899999,34.4397177000001
Cary Fire Department,-78.77281691,35.8187255500001
Cary Fire Department,-78.768121,35.7922620000001
Cary Fire Department,-78.779861,35.7418430000001
Cary Fire Department,-78.80705749,35.7698913
Cary Fire Department,-78.85177125,35.78921724
Cary Fire Department,-78.78811417,35.70265586
Cary Fire Department,-78.8759566799999,35.8243870700001
Cary Fire Department,-78.902564,35.812593
Cary Fire Department,-78.764708,35.7772220000001
"Casar Volunteer Fire Department, Inc.",-81.6183984799999,35.51176636
"Cashiers-Glenville Volunteer Fire Department, Inc.",-83.10671073,35.1124
"Cashiers-Glenville Volunteer Fire Department, Inc.",-83.13408886,35.18791315
"Cashiers-Glenville Volunteer Fire Department, Inc.",-83.0380980799999,35.11851224
"Cashiers-Glenville Volunteer Fire Department, Inc.",-83.1724478099999,35.1596978000001
"Cashiers-Glenville Volunteer Fire Department, Inc.",-83.1210164999999,35.13056142
"Cashiers-Glenville Volunteer Fire Department, Inc.",-83.0472,35.1685000000001
"Cashiers-Glenville Volunteer Fire Department, Inc.",-83.068477,35.083128
"Castalia Volunteer Fire Department, Inc.",-78.0577325899999,36.0808956700001
"Castalia Volunteer Fire Department, Inc.",-77.99048927,36.09046936
"Castoria Rural Fire Association, Incorporated",-77.6756,35.5356
"Casville Volunteer Fire Department, Inc.",-79.50375314,36.3892119000001
"Catawba Volunteer Fire Department, Inc.",-81.07544833,35.7090903000001
"Catawba Volunteer Fire Department, Inc.",-81.064984,35.6986210000001
Cedar Grove Fire Department ,-79.2085911899999,36.1827775200001
Cedar Grove Fire Department ,-79.1289869999999,36.204668
Cedar Island Community Center and Volunteer Fire Department,-76.299,34.9747
"Cedar Mountain Volunteer Fire Rescue, Inc.",-82.6464999999999,35.1484
Ceffo Volunteer Fire and Rescue Department,-79.04745557,36.45679061
Ceffo Volunteer Fire and Rescue Department,-79.04416523,36.5421523900001
Center Hill-Cross Roads Fire District.,-76.6552114899999,36.2261930400001
Center Hill-Cross Roads Fire District.,-76.6921399999999,36.18224
"Center Pigeon Volunteer Fire Department, Incorporated",-82.855533,35.50443582
"Center Rural Volunteer Fire and Rescue Department, Inc.",-80.1187,35.2232000000001
"Center Rural Volunteer Fire and Rescue Department, Inc.",-80.1197,35.2607
"Center Volunteer Fire Department, Inc.",-80.6332819799999,35.9219262300001
"Central Alexander Fire Department, Inc.",-81.1729999999999,35.9215
"Central Fire Department of Davidson County, Inc.",-80.2187,35.78758242
"Central School Volunteer Fire Department, Inc.",-80.9544999999999,35.9560000000001
"Central School Volunteer Fire Department, Inc.",-81.00480385,36.0226388400001
"Central Surry Volunteer Fire Department, Inc.",-80.7154191,36.3859827300001
"Central Surry Volunteer Fire Department, Inc.",-80.78908927,36.39827046
Cerro Gordo Volunteer Fire Department and Rescue Squad,-78.9251,34.3224000000001
"Champion Volunteer Fire Department, Inc.",-81.32391609,36.1481657200001
"Champion Volunteer Fire Department, Inc.",-81.396,36.1325000000001
"Champion Volunteer Fire Department, Inc.",-81.37824175,36.1747978400001
Chapel Hill Fire Department,-79.05725899,35.91599762
Chapel Hill Fire Department,-79.02347881,35.9069277300001
Chapel Hill Fire Department,-79.03023487,35.93477424
Chapel Hill Fire Department,-79.05911417,35.96368291
Chapel Hill Fire Department,-79.06038968,35.88539996
Charlotte Fire Department,-80.834493,35.2228500000001
Charlotte Fire Department,-80.858066,35.210944
Charlotte Fire Department,-80.757531,35.1795920000001
Charlotte Fire Department,-80.76126052,35.33775754
Charlotte Fire Department,-80.839118,35.2320500000001
Charlotte Fire Department,-80.822264,35.202616
Charlotte Fire Department,-80.86133,35.2371360000001
Charlotte Fire Department,-80.811234,35.2187060000001
Charlotte Fire Department,-80.7609869999999,35.064645
Charlotte Fire Department,-80.887573,35.224683
Charlotte Fire Department,-80.805131,35.247103
Charlotte Fire Department,-80.875099,35.173546
Charlotte Fire Department,-80.8920199999999,35.2576570000001
Charlotte Fire Department,-80.797385,35.1758980000001
Charlotte Fire Department,-80.775222,35.237517
Charlotte Fire Department,-80.8475789999999,35.140027
Charlotte Fire Department,-80.9325479999999,35.213401
Charlotte Fire Department,-80.8561589999999,35.265226
Charlotte Fire Department,-80.782322,35.138291
Charlotte Fire Department,-80.8927899999999,35.1294960000001
Charlotte Fire Department,-80.940207,35.264954
Charlotte Fire Department,-80.7958619999999,35.289114
Charlotte Fire Department,-80.723539,35.2194220000001
Charlotte Fire Department,-80.838993,35.0875570000001
Charlotte Fire Department,-80.9115649999999,35.3080620000001
Charlotte Fire Department,-80.9401799999999,35.1320850000001
Charlotte Fire Department,-80.750122,35.3030600000001
Charlotte Fire Department,-80.8262989999999,35.33194
Charlotte Fire Department,-80.824739,35.251694
Charlotte Fire Department,-80.9357879999999,35.192098
Charlotte Fire Department,-80.7642751,35.3742025600001
Charlotte Fire Department,-80.825615,35.0448250000001
Charlotte Fire Department,-80.965093,35.3152160000001
Charlotte Fire Department,-80.71765901,35.2757700700001
Charlotte Fire Department,-80.7123931199999,35.3219037100001
Charlotte Fire Department,-81.002462,35.0964250000001
Charlotte Fire Department,-81.004132,35.144929
Charlotte Fire Department,-80.77626,35.094258
Charlotte Fire Department,-80.665652,35.239745
Charlotte Fire Department,-80.958952,35.208422
Charlotte Fire Department,-80.751452,35.205725
Cherokee Fire and Rescue,-83.313928,35.4874560000001
Cherokee Fire and Rescue,-83.275748,35.4656570000001
Cherokee Fire and Rescue,-83.260103,35.5537440000001
Cherry Grove Volunteer Fire and Rescue Department,-79.4666999999999,36.3069
"Cherry Lane Fire Department and First Responders, Inc.",-81.0121502,36.4317618900001
"Cherry Mountain Volunteer Fire Department, Inc.",-81.7845751,35.4772970600001
"Cherry Mountain Volunteer Fire Department, Inc.",-81.81013603,35.4492300800001
Cherryville Fire Department,-81.37572553,35.38394077
"Chesterfield Fire and Rescue Protection Association, Inc.",-81.6575329999999,35.812822
Chicamacomico Banks Fire Department,-75.46595172,35.58390804
Chicamacomico Banks Fire Department,-75.4700706,35.5454589300001
"Chimney Rock Volunteer Fire Department, Inc.",-82.24806867,35.4407982000001
China Grove Fire Department,-80.5772210499999,35.5719570800001
"Chinquapin Volunteer Fire and Rescue Squad, Inc.",-77.82067125,34.8327629200001
"Chocowinity Fire District Volunteer Fire Department, Inc.",-77.09299656,35.5086515300001
"Chocowinity Fire District Volunteer Fire Department, Inc.",-77.12999271,35.4242694000001
"Churchill-Five Forks Volunteer Fire Department, Inc.",-78.04930612,36.4942423100001
"Churchill-Five Forks Volunteer Fire Department, Inc.",-78.07132531,36.5386758500001
"Churchland Rural Fire Department, Incorporated",-80.40251073,35.75784329
"Churchland Rural Fire Department, Incorporated",-80.4144532399999,35.78915205
City Of King Fire Department,-80.3622,36.2835762300001
City Of Virginia Beach FD (Blackwater Station),-76.08330454,36.58485876
"Civietown Volunteer Fire Department, Inc.",-78.3287,33.9677
Claremont Fire Department,-81.1413716599999,35.71294392
"Clarks Chapel Fire and Rescue Department, Inc.",-83.3616483,35.1308125
"Clarks Chapel Fire and Rescue Department, Inc.",-83.40332871,35.1146200900001
"Clarks Neck Fire and Rescue Department, Inc.",-77.1391,35.5884
"Clarks Neck Fire and Rescue Department, Inc.",-77.11830344,35.6054479800001
Clarkton Fire Department,-78.66005172,34.4862966000001
"Clay County Fire and Rescue Squad, Inc.",-83.8203999999999,35.0459000000001
"Clay County Fire and Rescue Squad, Inc.",-83.73576245,35.02946925
"Clay County Fire and Rescue Squad, Inc.",-83.88114216,35.0776946400001
"Clay County Fire and Rescue Squad, Inc.",-83.73940233,35.08817709
"Clay County Fire and Rescue Squad, Inc.",-83.6609999999999,35.0236
"Clay County Fire and Rescue Squad, Inc.",-83.8946,34.9949
"Clay County Fire and Rescue Squad, Inc.",-83.9594999999999,35.0426
Clayton Fire Department,-78.46419697,35.65373386
Clayton Fire Department,-78.4314573199999,35.6417308900001
"Clearmont Volunteer Fire Department, Inc.",-82.2844068799999,35.97092185
"Clearmont Volunteer Fire Department, Inc.",-82.33929848,35.93974767
"Clement Volunteer Fire Department, Inc.",-78.591774,35.1041220000001
"Cleveland Community Volunteer Fire Department, Inc.",-80.68145794,35.7274246600001
"Cleveland Community Volunteer Fire Department, Inc.",-80.70843667,35.75630305
"Cleveland County Volunteer Fire Department, Inc.",-81.5380072899999,35.2896716000001
"Cleveland County Volunteer Fire Department, Inc.",-81.4872339999999,35.28031
"Cleveland Fire Department, Incorporated",-78.53103067,35.56661309
"Cleveland Fire Department, Incorporated",-78.58003178,35.60876044
"Cleveland Fire Department, Incorporated",-78.53534,35.6130650000001
"Cliffside Area Fire Department, Inc.",-81.7696999999999,35.232
"Cliffside Area Fire Department, Inc.",-81.7796,35.2597000000001
"Cliffside Area Fire Department, Inc.",-81.8482999999999,35.1893000000001
Clinton Fire Department,-78.32283603,34.9959845700001
Clinton Fire Department,-78.3250402899999,35.0123
"Clyde Volunteer Fire Department, Incorporated",-82.91390233,35.5323825400001
"Coats-Grove Fire & Rescue, Inc.",-78.6727999999999,35.4096000000001
"Cokesbury Volunteer Fire Department, Inc.",-78.30209423,36.33654632
"Cold Water Volunteer Fire Department, Inc.",-80.5468,35.4206
Colerain Fire Department,-76.76873452,36.2014744700001
"Coleridge Volunteer Fire Department, Inc.",-79.61571761,35.64592206
"Coleridge Volunteer Fire Department, Inc.",-79.66018583,35.5587516200001
"Colington Volunteer Fire Department, Inc.",-75.70153959,36.00801592
"Collettsville Volunteer Fire and Rescue Department, Inc.",-81.6754751,35.9244172900001
"Collettsville Volunteer Fire and Rescue Department, Inc.",-81.7098126,36.03884264
"Comfort Rural Fire Department, Inc.",-77.50763563,35.00553303
"Community Volunteer Fire Department, Inc.",-81.05460729,35.27754235
"Como Volunteer Fire Department, Inc.",-77.00992338,36.4997336800001
Concord Fire Department,-80.58136286,35.41196065
Concord Fire Department,-80.5964337,35.42930821
Concord Fire Department,-80.6068026299999,35.39839068
Concord Fire Department,-80.5534980799999,35.3793644100001
Concord Fire Department,-80.67306781,35.37556561
Concord Fire Department,-80.7132999999999,35.3864
Concord Fire Department,-80.6536,35.4185000000001
Concord Fire Department,-80.5954498,35.3618937700001
Concord Fire Department,-80.70189312,35.4022136900001
Concord Fire Department,-80.7428,35.4176
Concord Fire Department,-80.7030820799999,35.37315812
Concord Fire Department,-80.631585,35.3660340000001
Conetoe Volunteer Fire/EMS Company,-77.4509159999999,35.8169750000001
"Connestee Fire Rescue, Incorporated",-82.7085,35.1492000000001
"Connestee Fire Rescue, Incorporated",-82.7710429099999,35.15353158
Conover Fire Department,-81.20101498,35.7033265200001
Conover Fire Department,-81.2338111399999,35.7176606300001
Conover Fire Department,-81.19836093,35.7492825900001
"Contentnea Volunteer Fire Department, Inc.",-77.98813755,35.72078241
"Conway Volunteer Fire Department, Inc.",-77.2297302599999,36.4354834700001
"Cooks Community Volunteer Fire Department, Inc.",-80.95086933,35.32191313
Cooksville Volunteer Fire Department No. 8,-81.47687125,35.58886175
"Cool Springs Volunteer Fire Department, Inc.",-80.802379,35.8067290000001
"Cool Springs Volunteer Fire Department, Inc.",-80.74985708,35.8317869800001
"Cooleemee Volunteer Fire Department, Inc.",-80.5538999999999,35.8154000000001
"Coopers Volunteer Fire Department and Rescue Squad, Inc.",-77.9502804699999,35.8805694800001
"Coopers Volunteer Fire Department and Rescue Squad, Inc.",-78.00553294,35.86930217
Cordova Fire and Rescue Inc.,-79.82139656,34.9134176000001
Corinth Volunteer Fire Department,-78.58169517,36.2164188400001
"Corinth-Holder Volunteer Fire Department, Inc.",-78.30102592,35.73255599
"Corinth-Holder Volunteer Fire Department, Inc.",-78.2568819799999,35.74276517
"Cornatzer-Dulin Volunteer Fire Department, Inc.",-80.47668198,35.92637403
"Cornelius-Lemley Volunteer Fire Department, Inc.",-80.85650845,35.4782099700001
"Cornelius-Lemley Volunteer Fire Department, Inc.",-80.89595324,35.4781252600001
Cornwall Volunteer Fire Department,-78.66187318,36.45503883
"Corolla Fire and Rescue Squad, Inc. ",-75.81347125,36.3317518600001
"Corolla Fire and Rescue Squad, Inc. ",-75.79615825,36.27651081
"Cotton Volunteer Fire Department, Inc.",-78.92460536,34.96122913
"County Line Volunteer Fire Department, Inc.",-80.70070688,35.88156092
"Courtney Volunteer Fire Department, Inc.",-80.6011080499999,36.0652981000001
"Cove City Fire Department, Inc",-77.3189,35.1817
"Cove Creek Volunteer Fire Department, Inc.",-81.7788,36.2568000000001
"Cowee Volunteer Fire/Rescue, Inc",-83.3695,35.2706000000001
"Cowee Volunteer Fire/Rescue, Inc",-83.4440241899999,35.2801781000001
"Cowee Volunteer Fire/Rescue, Inc",-83.39112094,35.2454011500001
"Cowee Volunteer Fire/Rescue, Inc",-83.4774,35.2375000000001
"Cowee Volunteer Fire/Rescue, Inc",-83.4256999999999,35.22373
"Crabtree-Ironduff Volunteer Fire Department, Inc.",-82.9363999999999,35.5964000000001
"Crains Creek Volunteer Fire Department, Inc.",-79.16498927,35.2006230200001
Cramerton Fire Department,-81.071854,35.236947
"Crawford Township V. F. D., Inc.",-76.07619003,36.450926
"Crawford Township V. F. D., Inc.",-76.0146881599999,36.4456619100001
"Crawford Township V. F. D., Inc.",-76.0185999999999,36.38911876
Creedmoor Volunteer Fire Department,-78.6885746899999,36.11815483
"Creston Volunteer Fire Department, Inc.",-81.62008006,36.42975757
"Creston Volunteer Fire Department, Inc.",-81.6876,36.3899000000001
"Cricket Volunteer Fire Department, Inc.",-81.19312064,36.1689039300001
"Crossnore Volunteer Fire Department, Incorporated",-81.9301591999999,36.0222483700001
"Crossnore Volunteer Fire Department, Incorporated",-81.88706321,36.0417327700001
"Crossroads Volunteer Fire Department, Inc.",-78.0089765499999,35.6452872400001
"Crouse Volunteer Fire Department, Inc.",-81.3052961499999,35.4207235000001
"Crowders Mountain Volunteer Fire & Rescue, Inc.",-81.25453219,35.18928413
"Crowders Mountain Volunteer Fire & Rescue, Inc.",-81.2799337,35.2843116600001
"Crowders Mountain Volunteer Fire & Rescue, Inc.",-81.1975399999999,35.2141500000001
Cruso Volunteer Fire Department,-82.8119643699999,35.41829126
Cruso Volunteer Fire Department,-82.8403,35.45806
"Culberson Volunteer Fire Department, Inc.",-84.1849,35.0163000000001
"Cullasaja Gorge Fire and Rescue, Inc.",-83.3156,35.1628000000001
"Cullasaja Gorge Fire and Rescue, Inc.",-83.26777,35.2021500000001
"Cullowhee Volunteer Fire Department, Inc.",-83.19811265,35.3054437800001
"Cullowhee Volunteer Fire Department, Inc.",-83.1248716599999,35.26372264
"Cullowhee Volunteer Fire Department, Inc.",-83.09865172,35.2950000000001
"Cullowhee Volunteer Fire Department, Inc.",-83.0611598,35.21900226
"Cumberland Road Volunteer Fire Department, Inc.",-78.934927,35.0138710000001
Currituck County Fire and EMS,-75.92665598,36.53550776
Cypress Pointe Fire and Rescue,-79.28083907,35.2550196500001
Cypress Pointe Fire and Rescue,-79.2714999999999,35.3269838200001
Cypress Pointe Fire and Rescue,-79.19760966,35.24919191
Cypress Pointe Fire and Rescue,-79.3253989999999,35.2090200000001
Dallas Volunteer Fire Department,-81.17821802,35.3151050600001
"Dana Volunteer Fire and Rescue Department, Inc.",-82.3761,35.3294000000001
"Danbury Volunteer Fire Department and Rescue Squad, Inc.",-80.2025800599999,36.4094050200001
Darlington Fire Department,-77.71771953,36.3194469600001
Davidson Fire Department,-80.85,35.4982506100001
Davidson Fire Department,-80.8172759999999,35.4742230000001
"Davie Volunteer Fire Department, Inc.",-77.7250473999999,36.44908953
"Davie Volunteer Fire Department, Inc.",-77.79429808,36.47101216
Deep Branch Fire/Rescue Inc.,-79.13089724,34.6261449200001
"Deep Gap Volunteer Fire Department, Inc.",-81.53715213,36.2425211400001
"Deep River Rural Fire Department, Inc.",-79.13350041,35.60497517
"Deep River Rural Fire Department, Inc.",-79.09897125,35.5386829400001
"Deep Run Volunteer Fire Department, Inc.",-77.7060999999999,35.1392000000001
Denton Fire Department,-80.1149662999999,35.6320950800001
"Denver Volunteer Fire Department, Inc.",-81.0356,35.5345
"Denver Volunteer Fire Department, Inc.",-81.0506999999999,35.5032
"Denver Volunteer Fire Department, Inc.",-80.9884,35.5224000000001
"Derby Volunteer Fire Department, Inc.",-79.63394082,35.14351687
Dobson Fire Department,-80.7242068799999,36.39696909
"Double Creek Volunteer Fire Department, Inc.",-80.39396741,36.4121870500001
"Double Island Volunteer Fire Department, Inc.",-82.2058980799999,35.95755645
"Double Island Volunteer Fire Department, Inc.",-82.2125131,35.98318641
Down East Fire Department Inc,-76.34021417,34.8815075900001
Down East Fire Department Inc,-76.3903283399999,34.8771151600001
Down East Fire Department Inc,-76.4625,34.7994
"Draper Volunteer Fire Department, Inc.",-79.6958999999999,36.5184
"Draper Volunteer Fire Department, Inc.",-79.7602206299999,36.51633623
"Drewry Volunteer Fire Department, Inc.",-78.30695516,36.46040786
"Drewry Volunteer Fire Department, Inc.",-78.2904088,36.52618191
Drexel Fire Department,-81.6064388899999,35.7571341300001
"Drowning Creek Volunteer Fire Department, Inc.",-81.427675,35.7608030000001
Dublin Fire Department,-78.7298751,34.65527352
"Duck Volunteer Fire Department, Inc.",-75.75645668,36.1828532000001
Dudley Volunteer Fire Department,-78.0423,35.2655
"Dunn Emergency Services, Inc.",-78.61177166,35.3072645500001
"Dunn Emergency Services, Inc.",-78.60827972,35.30937183
Durants Neck Volunteer Fire Department,-76.245871,36.1334580000001
Durham Fire Department,-78.8977,35.9965
Durham Fire Department,-78.9220999999999,36.0142000000001
Durham Fire Department,-78.86715749,35.9908913200001
Durham Fire Department,-78.88972875,35.95575261
Durham Fire Department,-78.93083755,35.98349984
Durham Fire Department,-78.9511202899999,35.93354334
Durham Fire Department,-78.90438239,36.0544368600001
Durham Fire Department,-78.80834251,35.9785179900001
Durham Fire Department,-78.8679999999999,36.018
Durham Fire Department,-78.96152531,36.04190915
Durham Fire Department,-78.96835172,35.9902166800001
Durham Fire Department,-78.89747813,35.91517423
Durham Fire Department,-78.8442888599999,35.9278696800001
Durham Fire Department,-78.9400819799999,36.0826856900001
Durham Fire Department,-78.86196245,36.09694921
Durham Fire Department,-78.98271376,35.90574773
Durham Fire Department,-78.7963779999999,35.94113
Durham Fire Department,-78.9119084399999,35.89528906
Durham Fire Department,-78.84657859,35.8838141200001
"Durham Highway Fire Protection Asso., Inc.",-78.72084251,35.9301652500001
"Durham Highway Fire Protection Asso., Inc.",-78.72667545,35.8969000000001
"Dysartsville Volunteer Fire Department, Inc.",-81.8866,35.631
"Dysartsville Volunteer Fire Department, Inc.",-81.87175,35.5996000000001
E. M. Holt Community Volunteer Fire Department,-79.4612658899999,36.0211613700001
E. M. Holt Community Volunteer Fire Department,-79.48344432,35.9766248500001
"Eagle Springs Volunteer Fire Department, Inc.",-79.6539072899999,35.2926036700001
"East Bend Volunteer Fire Department, Inc.",-80.5085,36.21466629
"East Bend Volunteer Fire Department, Inc.",-80.4505,36.2193
"East Gaston Volunteer Fire Department, Inc.",-81.04257166,35.31342491
"East Gold Hill Volunteer Fire Department, Inc.",-80.34065364,35.5213856400001
"East Howellsville Volunteer Fire Department, Inc.",-78.9001,34.6599000000001
"East Lincoln Fire Department, Inc.",-80.9990999999999,35.4402000000001
"East Lincoln Fire Department, Inc.",-80.99908735,35.48460827
"East Lincoln Fire Department, Inc.",-81.0436999999999,35.4556000000001
"East Nash Volunteer Fire Department, Inc.",-77.8461839999999,35.6970710000001
"East Nash Volunteer Fire Department, Inc.",-77.8775889999999,35.737981
"East Rockingham Fire Department, Inc.",-79.76316589,34.90599036
"East Rockingham Fire Department, Inc.",-79.7764119999999,34.8551210000001
"East Side Volunteer Fire Department, Incorporated",-80.1537536399999,35.36336125
"East Side Volunteer Fire Department, Incorporated",-80.1286394699999,35.3240205500001
"East Side Volunteer Fire Protection Association, Inc.",-79.77319081,35.69307611
"East Side Volunteer Fire Protection Association, Inc.",-79.71242798,35.6451082400001
"East Side Volunteer Fire Protection Association, Inc.",-79.7390080499999,35.6815843100001
East Spencer Fire Department,-80.4351495,35.6835915
"Eastern Pines Fire-Rescue, Inc.",-77.2992793,35.5542021800001
"Eastover Volunteer Fire Department, Inc.",-78.78884898,35.0906695100001
"Eastwood Volunteer Fire Department, Inc.",-79.47076093,35.2504401900001
"Ebbs Chapel Volunteer Fire Department, Inc.",-82.54527895,35.91735671
"Ebbs Chapel Volunteer Fire Department, Inc.",-82.61382076,35.91706434
"Ebenezer Volunteer Fire Department, Inc.",-80.8528858299999,35.85307391
Ebony Volunteer Fire Deparment,-77.99094,36.5820800000001
Eden Fire Department,-79.76536974,36.4903404300001
Eden Fire Department,-79.6953999999999,36.518
Eden Fire Department,-79.76022704,36.5162555700001
Eden Fire Department,-79.7403425099999,36.5020706400001
Edenton Fire Department,-76.6052386599999,36.0679531100001
"Edneyville Volunteer Fire and Rescue Department, Inc.",-82.34584251,35.3890540800001
"Edneyville Volunteer Fire and Rescue Department, Inc.",-82.3941,35.3951000000001
"Edneyville Volunteer Fire and Rescue Department, Inc.",-82.31034099,35.3814930400001
"Efland Volunteer Fire Company, Inc.",-79.1780716599999,36.0808086700001
"Efland Volunteer Fire Company, Inc.",-79.21689615,36.08709537
"Efland Volunteer Fire Company, Inc.",-79.1838,36.1207000000001
"Egypt - Ramseytown Volunteer Fire Department, Inc.",-82.3926,35.9921000000001
"Egypt - Ramseytown Volunteer Fire Department, Inc.",-82.34712781,36.0084927
"Elevation Fire Department, Incorporated",-78.5283927099999,35.45415681
"Eli Whitney Volunteer Fire Department, Inc.",-79.30644595,35.9060913100001
"Eli Whitney Volunteer Fire Department, Inc.",-79.37579959,35.9670476200001
Elizabeth City Fire Department,-76.24071265,36.28761516
Elizabeth City Fire Department,-76.22510461,36.3050956800001
Elizabethtown Fire Department,-78.6042869999999,34.6277470000001
Elizabethtown Fire Department,-78.6113999999999,34.6275000000001
"Elk Park Volunteer Fire Department, Inc.",-81.98211843,36.1580739
Elkin Fire Department,-80.85562758,36.2467043300001
"Ellenboro Volunteer Fire Department, Inc.",-81.75823178,35.3270531800001
"Ellendale Community Volunteer Fire Department, Inc.",-81.26202875,35.92123902
Ellerbe Fire Department,-79.7619586,35.0715000000001
"Ellis Cross-Country Fire Department, Inc.",-80.4648999999999,35.7252
Elon Fire / Rescue,-79.5067827399999,36.0977913300001
Elon Fire / Rescue,-79.49570536,36.1120919800001
"Elroy Volunteer Fire Fighters, Incorporated",-77.9021999999999,35.3397000000001
"Elroy Volunteer Fire Fighters, Incorporated",-77.8810999999999,35.2899
Emerald Isle Fire Department,-77.02920132,34.66630962
Emerald Isle Fire Department,-76.95891562,34.6771234300001
"Endy Volunteer Fire Department, Incorporated",-80.2796,35.3048000000001
"Enfield Fire Department, Inc.",-77.68007813,36.18146454
"Enfield Fire Department, Inc.",-77.8304949,36.21643076
"Engelhard Volunteer Fire Department, Inc.",-76.0070463599999,35.5102698700001
"Enka Candler Fire and Rescue Department, Incorporated",-82.68446052,35.5395396800001
"Enka Candler Fire and Rescue Department, Incorporated",-82.7427,35.5426
"Enka Candler Fire and Rescue Department, Incorporated",-82.64018,35.5434000000001
"Eno Fire and Emergency Services, Inc.",-79.0139,36.0397
"Eno Fire and Emergency Services, Inc.",-79.003,36.1155000000001
"Enochville Fire and Rescue Department, Inc.",-80.66686437,35.5305556800001
Enola Volunteer Fire Rescue,-81.64997207,35.6621954
"Epsom Fire and Rescue Association, Incorporated, Henderson, North Carolina",-78.3254582499999,36.2423658800001
"Erwin Fire Department and Rescue Squad, Inc.",-78.6764647799999,35.32668992
"Etowah-Horseshoe Volunteer Fire & Rescue Department, Inc.",-82.57840688,35.32503474
"Etowah-Horseshoe Volunteer Fire & Rescue Department, Inc.",-82.5580785399999,35.3032847900001
"Etowah-Horseshoe Volunteer Fire & Rescue Department, Inc.",-82.5445,35.3406000000001
"Etowah-Horseshoe Volunteer Fire & Rescue Department, Inc.",-82.6141038499999,35.32000236
"Eure Volunteer Fire Department, Inc.",-76.85310344,36.4271331
"Evans Cross Road Voluntary Fire Department, Inc.",-79.29204099,34.6738272100001
Evergreen Volunteer Fire Dept.,-78.9048,34.4094000000001
Evergreen Volunteer Fire Dept.,-78.847678,34.431681
"Fair Bluff Fire Department and Rescue Squad, Inc.",-79.020315,34.3198100000001
"Fair Bluff Fire Department and Rescue Squad, Inc.",-78.9715785399999,34.24068026
"Fair Grove Fire Department, Inc.",-80.0779907899999,35.85018696
"Fair Grove Fire Department, Inc.",-80.0284586,35.86234348
"Fair Grove Fire Department, Inc.",-80.0859,35.8103855900001
Fairfield Volunteer Fire Department,-76.22241224,35.5374694400001
Fairmont Fire Department,-79.11328357,34.49444162
"Fairmont Rural Fire Department, Incorporated",-79.1105585999999,34.49606737
Fairview Fire & Rescue Association,-80.5371927099999,35.13585084
"Fairview Rural Fire Department, Inc.",-78.77001761,35.69416971
"Fairview Rural Fire Department, Inc.",-78.7075,35.6722
"Fairview Volunteer Fire Department, Incorporated (Buncombe County)",-82.39768542,35.5152611300001
"Fairview Volunteer Fire Department, Incorporated (Buncombe County)",-82.38247662,35.5432258000001
"Fairview Volunteer Fire Department, Incorporated (Buncombe County)",-82.42713983,35.4815152900001
"Faison Fire and Rescue, Inc.",-78.13649656,35.11612633
Faith Fire Department,-80.4634712499999,35.5876731500001
"Falkland Volunteer Fire Department, Inc.",-77.51687813,35.69931287
"Falkland Volunteer Fire Department, Inc.",-77.4638219999999,35.649596
"Fall Creek Volunteer Fire Department of Avery County, Inc.",-81.9373275199999,36.2051727
"Fall Creek Volunteer Fire Department of Avery County, Inc.",-81.90003102,36.2465825900001
"Fallston Community Volunteer Fire Department, Inc.",-81.5006,35.4248000000001
"Fallston Community Volunteer Fire Department, Inc.",-81.5205999999999,35.47995
"Farmer Volunteer Fire Department, Inc.",-79.99607854,35.63952098
Farmville Fire Department,-77.5847290999999,35.5976211600001
"Faucette Township Volunteer Fire Department, Inc.",-79.41466052,36.1332353600001
"Faucette Township Volunteer Fire Department, Inc.",-79.46001569,36.1517563100001
Fayetteville Fire Department,-78.8665521299999,35.0489317500001
Fayetteville Fire Department,-78.90128886,35.0575024
Fayetteville Fire Department,-78.89784142,35.10178589
Fayetteville Fire Department,-78.92349079,35.0710648800001
Fayetteville Fire Department,-78.92675364,35.02992842
Fayetteville Fire Department,-78.9512,35.0594
Fayetteville Fire Department,-78.88503603,35.1314314800001
Fayetteville Fire Department,-79.0121352799999,35.0528096
Fayetteville Fire Department,-78.9855716599999,35.08783128
Fayetteville Fire Department,-78.88548542,34.9913066300001
Fayetteville Fire Department,-79.05216781,35.03096033
Fayetteville Fire Department,-78.9605999999999,35.0319000000001
Fayetteville Fire Department,-78.89442531,35.0779775500001
Fayetteville Fire Department,-79.05635289,35.0574880300001
Fayetteville Fire Department,-78.84265364,35.0246989600001
Fayetteville Fire Department,-78.99582531,35.0231870600001
Fayetteville Fire Department,-78.8922295899999,35.1545874600001
"Ferguson Volunteer Fire Department, Inc.",-81.37125102,36.0848398900001
"Ferguson Volunteer Fire Department, Inc.",-81.4954536399999,36.1211046700001
"Ferrells Volunteer Fire and Rescue Department, Inc.",-78.1777,35.8598000000001
"Fines Creek Volunteer Fire Department, Inc.",-82.9553,35.6825000000001
"Fire District #28, Inc.",-79.5697858299999,36.1603566900001
"Fire District Number Thirteen, Incorporated",-79.75430536,36.1490960400001
"Fire District Number Thirteen, Incorporated",-79.71323219,36.1530433200001
"Fire District Number Thirteen, Incorporated",-79.7927,36.1919
"Fire and Rescue Association, Incorporated, Centerville, North Carolina",-78.1061624499999,36.18665587
"Flat Branch Volunteer Fire Department, Inc.",-78.88315364,35.31241615
"Fleetwood Volunteer Fire and Rescue Department,Inc.",-81.509609,36.3107440000001
"Fletcher Fire and Rescue Department, Inc.",-82.500282,35.4311010000001
"Fletcher Fire and Rescue Department, Inc.",-82.4426,35.4376
"Fletcher Fire and Rescue Department, Inc.",-82.5026999999999,35.3894000000001
"Florence-Whortonsville Volunteer Fire Department, Inc.",-76.6517337,35.1434596300001
"Flowe's Store Volunteer Fire Department, Inc.",-80.55813907,35.2979198
"Forbush Volunteer Fire Department, Inc.",-80.5191,36.1147
"Forbush Volunteer Fire Department, Inc.",-80.4671,36.1495
Forest City Fire Department,-81.86966781,35.33259738
"Fork Mountain Volunteer Fire and Rescue, Inc.",-82.17772146,36.05242094
"Fort Barnwell Rural Volunteer Fire Department, Inc.",-77.33505129,35.2893090100001
"Fort Barnwell Rural Volunteer Fire Department, Inc.",-77.41462653,35.3234504500001
Fort Run Rural Fire & Ems Association Inc.,-77.7751,35.4900000000001
"Foscoe Volunteer Fire Department, Inc.",-81.77641994,36.1568228
"Foscoe Volunteer Fire Department, Inc.",-81.7642416899999,36.21004149
"Fountain Rural Fire Association, Inc.",-77.6409287499999,35.672
Fountaintown Fire Department,-77.6724,34.8407
"Four Oaks Volunteer Fire Department, Inc.",-78.4265248999999,35.4426305900001
"Four Oaks Volunteer Fire Department, Inc.",-78.46483685,35.4821213700001
"Four-Way Volunteer Fire Department, Inc.",-80.5701999999999,36.5128
"Francisco Volunteer Fire Department, Inc.",-80.3536999999999,36.5109
"Francisco Volunteer Fire Department, Inc.",-80.3874,36.5214
"Frank Volunteer Fire Department, Inc.",-82.00204099,36.07883581
"Franklin Community Volunteer Fire Department, Inc.",-80.6628873499999,36.50297807
"Franklin Community Volunteer Fire Department, Inc.",-80.63954711,36.5433276100001
Franklin Fire And Rescue Department,-83.3878999999999,35.1786000000001
Franklin Fire And Rescue Department,-83.358911,35.21633
"Franklin Township Fire Department, Incorporated",-80.49819539,35.72041776
"Franklin Township Fire Department, Incorporated",-80.5595605199999,35.7105649700001
"Franklinton Fire Department, Inc.",-78.4586068799999,36.1031619300001
Franklinville Fire Protection Assn. Inc.,-79.6934068799999,35.7444651700001
Franklinville Fire Protection Assn. Inc.,-79.64280035,35.79816084
Franklinville Fire Protection Assn. Inc.,-79.722909,35.784345
Franklinville Fire Protection Assn. Inc.,-79.6354663,35.71868241
Fremont Fire Department,-77.9721394699999,35.5476389
"French Broad Volunteer Fire & Rescue, Inc.",-82.63994332,35.7004350500001
"Frisco Fire Prevention Association, Inc.",-75.61316636,35.24694305
Fuquay-Varina Fire Department,-78.79779079,35.5816778400001
Fuquay-Varina Fire Department,-78.72316741,35.61996135
Fuquay-Varina Fire Department,-78.6983551599999,35.5590476300001
Fuquay-Varina Fire Department,-78.813639,35.6158130000001
"Gardnerville Volunteer Fire Department, Inc.",-77.30440192,35.39139125
"Garland Volunteer Fire & Rescue Department, Inc.",-78.3980749999999,34.7903230000001
Garner Fire-Rescue,-78.61336933,35.70955209
Garner Fire-Rescue,-78.6411249,35.63064825
Garner Fire-Rescue,-78.6358087999999,35.6923823700001
Garner Fire-Rescue,-78.5497999999999,35.6775000000001
Garner Fire-Rescue,-78.691953,35.6662690000001
"Garren Creek Volunteer Fire Department, Inc.",-82.31611376,35.5591000000001
"Garren Creek Volunteer Fire Department, Inc.",-82.31011761,35.53075239
"Garysburg Volunteer Fire Department, Inc.",-77.56615708,36.4492035600001
"Gaston Volunteer Fire Department, Inc.",-77.64598274,36.50362504
"Gaston Volunteer Fire Department, Inc.",-77.60397433,36.5174322300001
Gastonia Fire Department,-81.22223866,35.2625628100001
Gastonia Fire Department,-81.1891034399999,35.27858393
Gastonia Fire Department,-81.1725,35.2438000000001
Gastonia Fire Department,-81.1347,35.2406
Gastonia Fire Department,-81.2024,35.2353000000001
Gastonia Fire Department,-81.16200729,35.2704875900001
Gastonia Fire Department,-81.1350716599999,35.2213825800001
Gastonia Fire Department,-81.25255143,35.2459434900001
"Gates Volunteer Fire Department, Inc.",-76.76949067,36.50361271
Gatesville Fire Department,-76.75151417,36.40271727
George Hildebran Fire and Rescue Department Inc.,-81.50407166,35.65056975
"Georgeville Volunteer Fire Department, Inc.",-80.4596,35.3129000000001
"Gerton Volunteer Fire Department and Rescue, Inc.",-82.3469873499999,35.4783850000001
"Gibson/Southwest District Fire Department, Inc.",-79.5949922999999,34.76259456
Gibsonville Fire Dept.,-79.53995668,36.1071080300001
"Glade Creek Volunteer Fire Department, Incorporated",-80.9777931199999,36.4997697800001
"Glade Creek Volunteer Fire Department, Incorporated",-80.9915379999999,36.521867
Glen Alpine Volunteer Fire Department,-81.77902146,35.7293658
"Glendale Springs Volunteer Fire Department, Inc.",-81.3808999999999,36.3442000000001
Glenwood Volunteer Fire Department,-81.9814995899999,35.6119046700001
"Godwin-Falcon Fire Department, Inc.",-78.659032,35.1983320000001
"Gold Sand Rural Fire Department, Inc.",-78.19385364,36.20720866
Goldsboro Fire Department,-77.9977072899999,35.38046382
Goldsboro Fire Department,-77.96288698,35.3872996000001
Goldsboro Fire Department,-77.98238123,35.4094183500001
Goldsboro Fire Department,-77.98716589,35.36459877
Goldsboro Fire Department,-77.9103527899999,35.38421649
Goldston Rural Fire Department,-79.33261265,35.58974564
"Goose Creek Island Volunteer Fire Department, Inc.",-76.57979697,35.3035677500001
"Goshen Volunteer Fire Department, Inc.",-81.25473178,36.1168579700001
Grace Chapel Volunteer Fire Department,-81.3653137599999,35.8146826
"Graham County Fire and Rescue, Inc.",-83.7968405299999,35.3206730700001
"Graham County Fire and Rescue, Inc.",-83.8759570299999,35.3050788
"Graham County Fire and Rescue, Inc.",-83.83902338,35.3666944
"Graham County Fire and Rescue, Inc.",-83.93209067,35.44313341
Graham Fire Department,-79.40101184,36.0675701800001
Granite Falls Fire Department,-81.4403799999999,35.8026120000001
Granite Quarry Fire Department,-80.44749079,35.6144389500001
"Grantham Volunteer Fire Department, Inc.",-78.1657999999999,35.2968000000001
"Grantsboro-Silverhill Volunteer Fire Department and Emergency Services, Inc.",-76.8421072899999,35.1399875500001
Granville Rural Fire Department,-78.5946077,36.37503924
"Grape Creek Volunteer Fire Dept., Inc.",-84.0921999999999,35.1192
"Grays Creek Volunteer Fire Department, Inc.",-78.8776,34.8656
"Grays Creek Volunteer Fire Department, Inc.",-78.8541517199999,34.9310430400001
"Green Creek Volunteer Fire Department, Inc.",-82.05642105,35.22607528
"Green Creek Volunteer Fire Department, Inc.",-82.00482146,35.21065975
"Green Creek Volunteer Fire Department, Inc.",-82.042885,35.2791800000001
Green Hill Volunteer Fire Department,-82.0442,35.41
Green Hill Volunteer Fire Department,-81.9974119999999,35.4258960000001
"Green River Volunteer Fire & Rescue Department, Inc.",-82.4329,35.2247
"Green River Volunteer Fire & Rescue Department, Inc.",-82.49894367,35.2263818600001
"Green River Volunteer Fire & Rescue Department, Inc.",-82.4945344499999,35.1874747800001
"Green River Volunteer Fire & Rescue Department, Inc.",-82.4849389999999,35.240014
"Green Valley Volunteer Fire Department, Inc.",-82.0159287499999,35.9803691400001
"Greenevers Volunteer Fire Department, Inc.",-77.93087515,34.8229635600001
Greensboro Fire Department,-79.782167,36.097071
Greensboro Fire Department,-79.7917449999999,36.1514250000001
Greensboro Fire Department,-79.7849219999999,36.067029
Greensboro Fire Department,-79.814375,36.09022
Greensboro Fire Department,-79.76039,36.086849
Greensboro Fire Department,-79.8219089999999,36.0487130000001
Greensboro Fire Department,-79.862647,36.036883
Greensboro Fire Department,-79.7927319999999,36.042263
Greensboro Fire Department,-79.76161,36.131157
Greensboro Fire Department,-79.9346922999999,36.1278693300001
Greensboro Fire Department,-79.8922927099999,36.0989879200001
Greensboro Fire Department,-79.927425,36.082183
Greensboro Fire Department,-79.96090536,36.0936306400001
Greensboro Fire Department,-79.886341,36.1331940000001
Greensboro Fire Department,-79.822773,36.1192340000001
Greensboro Fire Department,-79.8421759999999,36.1450180000001
Greensboro Fire Department,-79.8136259999999,36.142614
Greensboro Fire Department,-79.830673,36.021711
Greensboro Fire Department,-79.863513,36.091637
Greensboro Fire Department,-79.60121,36.0528100000001
Greensboro Fire Department,-79.886725,36.0603080000001
Greensboro Fire Department,-79.761429,36.0419400000001
Greensboro Fire Department,-79.74165364,36.064532
Greensboro Fire Department,-79.67851802,36.0709225000001
Greensboro Fire Department,-79.7101979999999,36.17634
Greensboro Fire Department,-79.795713,36.014639
Greensboro Fire Department,-79.708725,36.086918
Greenville Fire And Rescue Department,-77.3758,35.6115
Greenville Fire And Rescue Department,-77.41,35.6022
Greenville Fire And Rescue Department,-77.3615,35.5833000000001
Greenville Fire And Rescue Department,-77.3626,35.6516
Greenville Fire And Rescue Department,-77.4073999999999,35.5731000000001
Greenville Fire And Rescue Department,-77.3262,35.5982000000001
Greenville Fire And Rescue Department,-77.367746,35.5537420000001
"Griffins Township Fire Department, Inc.",-77.0346,35.74036125
"Griffith Road Volunteer Fire Department, Inc.",-80.5596699,34.9238236800001
"Griffith Volunteer Fire Department, Inc.",-80.2647704999999,36.00059234
"Grimesland Volunteer Fire Department, Inc.",-77.19171377,35.56199745
"Grissettown-longwood Fire & Rescue, Inc.",-78.5166,33.9666
Grover Rural Volunteer Fire Department,-81.44938239,35.16957016
"Guil-Rand Fire Protective Association, Inc.",-79.94015749,35.8940086900001
"Guil-Rand Fire Protective Association, Inc.",-79.94017166,35.83353914
"Guil-Rand Fire Protective Association, Inc.",-80.00111802,35.89785649
"Guil-Rand Fire Protective Association, Inc.",-79.8708317799999,35.88814346
"Guil-Rand Fire Protective Association, Inc.",-80.00702146,35.8616956500001
"Gulledge Volunteer Fire Department, Inc.",-80.1416,34.8656
"Half Moon Volunteer Fire Department, Inc.",-77.46237854,34.8329798400001
"Halifax Fire and Rescue, Inc.",-77.59295137,36.3235255500001
"Halifax Fire and Rescue, Inc.",-77.6684557299999,36.36310432
"Halls Fire & Rescue Department, Inc.",-78.3183069999999,35.1131960000001
"Hallsboro Voluntary Fire Department, Inc.",-78.5993943399999,34.32163165
"Hamilton District Volunteer Fire-Ems Dept., Inc.",-77.2043068799999,35.9386114500001
Hamlet Fire Department,-79.7029191299999,34.8846107800001
"Hanging Dog Volunteer Fire Department, Inc.",-84.0443999999999,35.1568
Hankins-North Fork Volunteer Fire Department,-81.9953712499999,35.7304646900001
"Hargett's Crossroads Volunteer Fire Department, Inc.",-77.63785137,35.00331857
"Harkers Island Fire and Rescue Department, Inc.",-76.54952875,34.69320608
"Harlowe Volunteer Fire Department of Craven and Carteret Counties, N.C.",-76.7714999999999,34.8588
"Harlowe Volunteer Fire Department of Craven and Carteret Counties, N.C.",-76.6838999999999,34.9206
"Harlowe Volunteer Fire Department of Craven and Carteret Counties, N.C.",-76.8219999999999,34.8954000000001
"Harmony Volunteer Fire Department, Inc.",-80.772083,35.957074
"Harmony Volunteer Fire Department, Inc.",-80.8405999999999,35.9521
"Harrells Volunteer Fire Department, Inc.",-78.2010489799999,34.72789118
"Harrells Volunteer Fire Department, Inc.",-78.24236838,34.6107699
"Harrells Volunteer Fire Department, Inc.",-78.2884,34.6950000000001
"Harrellsville Volunteer Fire Department, Inc.",-76.7864570799999,36.3014124100001
Harrisburg Fire Department,-80.66270385,35.32438316
Harrisburg Fire Department,-80.6521,35.2914000000001
Harrisburg Fire Department,-80.60477551,35.3029188
"Hasty Fire & Rescue, Inc",-80.07148466,35.93984147
"Hatteras Fire Protective Association, Inc.",-75.6904,35.2193
Havelock Fire And Rescue Department,-76.9021915499999,34.87578949
Havelock Fire And Rescue Department,-76.94643988,34.9263460600001
Haw River Fire Department,-79.36344367,36.0917015700001
"Haws Run Volunteer Fire Department, Inc.",-77.55139271,34.69549118
"Hawtree Volunteer Fire Department, Inc.",-78.17070461,36.48862884
"Healing Springs Fire Department, Inc.",-80.1772145799999,35.61630812
"Heartsease Volunteer Fire Department, Inc.",-77.6608854199999,35.93353475
"Hemby Bridge Volunteer Fire Department, Inc.",-80.6194,35.1158300000001
Henderson Fire Department,-78.41689178,36.3203247800001
Henderson Fire Department,-78.40194152,36.3281786100001
Hendersonville Fire Department,-82.46224828,35.3219042000001
Hendersonville Fire Department,-82.43118477,35.3390786200001
"Herring Volunteer Fire & Rescue, Inc.",-78.451342,35.1197740000001
Hertford Fire Department,-76.4731077,36.19018306
Hickory Fire Department,-81.3348,35.7328000000001
